-1, 0, 1004
-22, 0, 1007
-5, -4, 1011
-10, -1, 1016
-4, -1, 984
-4, 4, 1004
-7, 6, 1008
-8, 1, 989
-9, 4, 1009
1, 1, 1023
-18, 5, 1025
-18, -4, 1017
-13, 3, 1014
-9, -3, 1014
-6, 2, 1014
-12, 4, 1045
-21, 2, 1026
-22, -1, 993
-3, -1, 1001
-14, -4, 1009
-16, -3, 1017
-20, -3, 1027
-18, -4, 1040
-24, 1, 1008
-19, 5, 1012
-18, 5, 1012
-3, 4, 1016
-10, 5, 996
-23, -4, 1012
-9, -3, 1020
-8, 2, 995
-15, 4, 997
-13, 5, 995
-12, 0, 1021
-12, 0, 1006
-9, -1, 1014
-13, 1, 993
-7, 3, 998
-8, -8, 994
-18, -2, 1002
-6, 0, 1016
-13, 7, 1012
-21, -5, 1020
-5, -2, 1004
-14, -2, 1007
-12, -6, 1007
-25, 3, 996
-20, 1, 1023
-21, 1, 1007
-18, 2, 999
-2, 0, 1012
-19, 7, 1019
-2, -2, 1027
-8, -4, 1000
-6, 3, 1020
-16, 3, 996
-15, 7, 995
-17, 2, 1018
-9, 0, 1022
-8, -7, 1013
-4, -4, 1022
-9, 0, 1038
-17, 2, 1006
-12, 4, 990
-17, 7, 1013
-14, 5, 1014
-15, 3, 1014
-6, 4, 998
-13, 3, 998
-22, 2, 1021
-15, 0, 1004
-5, 1, 1023
-13, 8, 1011
-15, 6, 1012
-24, -3, 1020
-10, -4, 1027
-11, -2, 1021
-9, 0, 996
-15, 2, 1018
-26, -6, 1010
-23, -2, 1010
-20, 5, 1013
-26, 6, 998
-4, 9, 1008
10, 1, 1013
-4, 2, 1034
-14, 0, 1017
-9, 1, 1012
-12, 4, 1014
-12, 1, 1028
-5, -3, 1032
-18, -1, 991
-11, 2, 993
-10, -1, 986
-16, -3, 997
-13, 2, 1008
-12, 4, 1017
-20, 0, 1013
-21, 4, 999
-19, -1, 1001
-12, -2, 1009
-6, 5, 987
-16, 5, 1010
-13, -1, 1021
-16, -3, 1021
-17, 4, 1004
-4, -4, 1019
-12, -6, 1019
-10, 6, 1021
-18, -1, 1012
-16, -4, 1026
-8, 4, 1005
-13, 1, 1022
-18, 8, 1002
-19, 3, 992
-13, 3, 990
-15, 7, 1004
-16, 1, 1000
-14, 2, 1011
-15, 2, 1013
-20, -3, 1015
-2, -4, 1012
6, -2, 1017
7, 0, 1010
0, -2, 1025
-13, 4, 1012
-19, -2, 1015
-14, 6, 1016
-20, 2, 1017
0, 0, 1011
-8, 1, 1001
-7, 0, 1009
-8, 1, 995
-23, 1, 1020
-13, 2, 1004
-12, 2, 1007
-21, -9, 1015
-10, -1, 1017
-16, -5, 1021
-15, -4, 1028
-4, -3, 1006
-9, 3, 1010
-7, 6, 1011
-6, 3, 999
-9, 3, 1013
-14, 3, 1021
-14, 3, 998
-15, 2, 1016
-6, 3, 1004
-1, 1, 1003
2, 2, 1004
-7, 8, 1012
-17, 3, 1018
-11, -2, 1004
-3, 3, 1008
-8, 5, 1022
-17, 3, 1009
-10, 4, 1006
-25, 7, 1006
-19, -1, 1016
-21, -1, 1027
-27, -1, 1025
-21, -1, 1010
-24, -1, 995
-15, 0, 990
-20, 2, 1020
-12, -2, 1000
-9, -3, 988
-9, 7, 990
6, -3, 1012
-2, 0, 1006
-9, -3, 1015
-20, -7, 999
-10, 0, 993
-19, 5, 1001
-29, 0, 1004
-21, -5, 998
-22, -2, 998
-22, 2, 1008
-15, -2, 1008
-6, 5, 1000
-17, -3, 1015
-18, 2, 1000
-10, 7, 990
-12, 2, 1008
-19, -2, 998
-1, -6, 992
-20, -1, 1022
-5, 0, 1021
-6, -1, 1016
-14, -1, 1001
-4, -3, 1006
-18, -3, 1003
-11, 0, 1005
8, -2, 985
0, 2, 988
-14, 3, 1008
-12, 4, 1036
-9, 0, 1017
-13, -1, 1016
-12, 1, 1017
-2, 3, 986
-5, 2, 988
-11, -6, 994
1, -1, 999
-12, 2, 999
-10, -2, 1006
-11, -3, 992
-15, 5, 986
-10, -2, 988
-9, -2, 989
-20, -6, 1001
-25, -8, 1013
-9, 4, 1025
-29, 7, 1012
-6, 8, 1004
-17, 0, 1003
-6, -3, 1004
-15, 2, 1005
-5, -1, 1002
-13, 4, 1009
-7, 1, 1008
-14, 4, 1021
-15, 4, 1013
-12, 4, 1010
-14, 2, 1020
-11, 5, 990
-18, 2, 1008
-22, 2, 993
-16, 0, 1020
-11, -1, 990
-5, 7, 1000
-23, 1, 1011
-8, 3, 998
-5, -2, 1014
-2, -1, 999
-17, 2, 1008
-16, 2, 1009
-12, 1, 978
-6, 4, 997
-21, 5, 1009
-39, 6, 1005
-20, 5, 1005
-1, 3, 994
-17, 0, 990
-16, 4, 1003
-20, 4, 1011
-16, 2, 1024
-19, -3, 1026
-12, -1, 1022
-12, -2, 1024
-13, -2, 1012
-20, 1, 1004
-4, 4, 1011
-24, 4, 998
-2, 0, 989
-16, 6, 1002
-18, 0, 1018
-13, -2, 1022
-17, 2, 1006
2, 2, 1006
-12, 1, 1022
-17, 1, 1004
-17, -1, 1005
1, 2, 1019
-5, 4, 993
-4, 1, 1037
-12, -1, 987
-8, 4, 1015
-15, 6, 1002
-6, 1, 1001
0, 4, 1002
-12, 1, 1007
-7, 6, 1005
-16, -2, 1014
-14, 0, 1021
-3, 0, 1019
-22, 3, 1015
-23, 3, 1032
-19, -6, 1032
-11, -14, 1029
-7, -4, 1033
-14, -2, 1016
-5, 2, 1000
-1, -1, 1019
-7, 1, 1018
-13, -2, 1015
-13, -2, 995
-25, 6, 998
-21, -2, 995
-3, -1, 995
-20, -3, 1019
-11, -6, 1021
-8, -5, 1025
-7, 4, 1013
-15, 2, 1002
-10, 2, 1003
-13, 7, 1003
-6, 0, 1011
-10, -1, 1012
-12, -4, 1008
-17, -3, 1018
-4, -4, 1027
-9, -3, 1032
-3, 2, 1014
-13, -3, 1022
-6, 5, 992
-14, 5, 1011
-8, 2, 1032
-25, 2, 1011
-25, 2, 1025
-14, 2, 1028
-4, -1, 994
-21, -4, 995
-24, 2, 1024
-3, -1, 1012
3, -4, 1002
-15, -6, 998
-23, -4, 1021
-18, -1, 1010
0, -8, 993
-14, -7, 1010
-16, -3, 1023
-27, 1, 1036
-7, 0, 1022
-12, 1, 1014
-13, 2, 1029
-12, -1, 989
-7, 1, 996
-24, -2, 1024
-27, -5, 1028
-25, -1, 1029
-24, 0, 1001
-16, 5, 1005
-25, 3, 994
-14, 6, 1005
-16, 6, 995
-10, 2, 1002
-20, -1, 1033
-14, 3, 1012
-18, 6, 992
-23, 0, 1012
-19, -5, 1033
-17, -6, 1029
-17, -6, 1021
-15, -1, 1028
-7, 4, 984
-15, 0, 992
-20, -4, 997
-9, 0, 1003
-19, 5, 990
-16, -3, 1008
-7, 3, 989
-12, -1, 1012
-19, 0, 1004
2, 2, 1019
-6, 2, 1013
-15, -1, 989
-2, 7, 1006
-13, 6, 1001
-5, 2, 1019
-3, -1, 1014
-26, -3, 1010
-31, -2, 1001
-9, -2, 1002
-11, 1, 1007
-20, 1, 990
-14, 2, 1012
-6, 3, 1011
-26, 2, 1003
-24, 0, 1028
-17, -1, 1014
-11, 2, 1018
-8, 1, 1030
-23, 3, 1015
-21, 3, 1016
-12, 2, 1004
-12, 0, 992
-7, 1, 992
-12, 0, 1003
-22, 7, 1012
-15, 7, 1007
2, 7, 1011
-6, 7, 1029
-13, 5, 1007
-15, 4, 1017
-7, 6, 1002
-17, 5, 1003
-7, 1, 1007
-8, 3, 998
0, -1, 999
-22, -1, 983
-6, 1, 1004
-12, 1, 1005
-23, 3, 1003
-1, 4, 1014
-18, 9, 1005
-24, 8, 1000
-15, 2, 1022
-15, 0, 1010
-10, -1, 996
-10, 4, 994
-31, 1, 1030
-27, -1, 1020
-11, 4, 1023
-3, 4, 998
-5, 2, 995
-16, -1, 1001
-20, -1, 1014
-19, 2, 1023
-4, 4, 1024
-16, 3, 1019
-17, -4, 1016
-14, -6, 1009
-8, -1, 1031
-8, 4, 1014
-12, 4, 1003
-15, 0, 1013
-12, 2, 1037
-18, 3, 1034
-18, -3, 1003
-8, 0, 1017
-6, -1, 1013
-16, 1, 1010
-19, 0, 1009
-14, -1, 1006
-17, 3, 996
-22, -2, 1007
-25, -2, 994
-8, -3, 1008
-3, -1, 998
-11, 8, 1008
-8, 1, 1017
-16, 9, 1001
-10, 7, 992
-20, 3, 993
-31, 1, 1017
-30, -5, 1011
-16, -1, 1021
-5, 0, 1017
4, -2, 1008
-4, 1, 1002
-10, 0, 1008
-27, 0, 993
-21, 3, 1014
-17, -2, 1011
-12, 1, 1030
-6, 3, 1021
-14, 4, 1004
-19, 2, 1002
-23, 1, 1005
-21, 0, 1003
-6, -1, 990
-10, 8, 1036
-19, -3, 1020
-10, 0, 1018
-7, 0, 1015
-6, 4, 993
1, 7, 988
-10, 12, 1018
0, -1, 1030
-7, 2, 1008
-4, 7, 1001
-25, 5, 1003
-25, -3, 1021
-14, 1, 1020
-20, 2, 1017
-7, -4, 1023
-23, 0, 1008
-27, 1, 1027
-1, -3, 1012
-11, 1, 1015
-4, 0, 1016
-13, 3, 993
-15, 1, 1015
5, 1, 1013
-9, 5, 1001
-12, 5, 1004
-5, 2, 998
-2, 2, 1024
-22, 2, 1006
-3, 5, 1006
-10, 0, 1028
-9, -1, 1017
-17, 1, 1015
-15, 6, 1020
-14, 3, 1017
-5, -1, 1035
-5, -1, 1005
-1, 4, 1007
-16, 7, 996
-8, 5, 1011
-15, 8, 998
4, 1, 992
-19, 3, 1003
-20, 0, 1001
-11, 6, 997
-4, 5, 996
-18, 6, 997
-19, -4, 1034
-2, -4, 1026
-8, -10, 1002
-3, 3, 983
-21, 2, 1007
-14, 0, 995
-13, 2, 995
-14, 4, 1007
-5, -2, 1013
-14, 4, 1012
-12, 3, 1006
-14, 5, 1019
-19, 3, 1014
-5, 4, 1027
-15, 6, 993
-18, 1, 1024
-13, -4, 1003
-7, 0, 1006
-4, 3, 1023
-28, 4, 1007
-16, 2, 992
-12, 2, 992
-19, 0, 1007
-16, 1, 996
-7, 3, 1011
-17, 6, 1024
-24, 0, 1020
-16, -1, 1011
-22, 4, 1006
-16, 0, 1030
-7, -1, 1021
-4, 8, 1021
1, 3, 993
-20, 0, 1010
-10, 2, 1008
-12, 4, 997
-17, 6, 1009
-22, 3, 1030
-13, -1, 995
-16, 1, 992
-11, 0, 992
-1, 1, 1001
-4, 2, 1001
-21, -1, 992
-12, -4, 1021
-19, -6, 1004
-11, 2, 1001
-15, -1, 1014
-10, 3, 1008
-12, 8, 1004
-17, 0, 1017
-3, -6, 1022
0, 1, 1005
-9, 1, 1007
-4, 5, 996
-10, 6, 998
-6, 1, 1011
-18, 4, 977
-15, 4, 1012
-20, 1, 997
-19, 4, 1000
-12, 6, 1004
-6, 3, 1018
-18, 5, 1018
-32, 1, 1016
-18, 4, 1010
-6, -1, 1021
-1, -5, 1024
-5, -6, 999
-19, 4, 1010
-3, 2, 1001
-17, 6, 995
-12, 8, 1019
-17, 7, 1009
-10, 5, 1008
-21, 2, 1008
-12, 3, 1005
-12, -1, 1025
-21, -4, 1015
-20, -2, 1008
-9, 3, 1010
-8, 2, 1013
-9, 4, 1021
-5, 1, 1004
-22, -2, 1018
-17, 2, 1012
-10, 1, 1028
-15, -1, 1003
-6, -2, 996
-11, 9, 1005
-4, 6, 992
-10, 1, 1011
-21, 4, 1021
-6, 1, 1027
-22, 7, 1013
-26, 2, 1003
-11, 4, 993
-21, 2, 998
-8, 1, 1001
-12, 0, 1013
-17, 5, 1042
-29, 0, 1010
-17, 0, 1021
-3, 1, 1004
-11, 1, 1003
-16, 2, 1008
-16, 3, 988
-14, 6, 1019
-21, 0, 1016
-15, -4, 1014
-5, 2, 1010
-25, 6, 1008
-22, 0, 1012
-18, 2, 1008
-15, -1, 1022
-1, 0, 998
-23, -2, 1017
-1, 3, 995
-16, 2, 1014
-3, 6, 1004
-6, 2, 1009
-7, -1, 1009
-29, 4, 1020
-16, 2, 1014
-9, 3, 1005
-6, 4, 1016
-11, 0, 1015
-5, -1, 997
-20, 1, 1015
-2, -1, 1023
-5, 0, 997
-2, -2, 1006
-11, 1, 1027
-8, -4, 992
2, 4, 998
-10, 7, 1006
0, 3, 991
0, 1, 1020
-7, 6, 1004
-18, 0, 1020
-18, -3, 1020
0, -3, 1016
-14, 0, 1005
1, 0, 1002
-13, -2, 1003
-5, 3, 1014
-3, 3, 1017
-17, 1, 1005
-15, 5, 993
-20, 6, 1013
-6, 3, 1006
-16, 2, 1018
-18, 3, 1010
-9, 4, 1007
-15, 5, 1007
-13, -3, 987
-7, 3, 1000
-15, 5, 1018
2, 4, 1004
1, 4, 1014
-12, 6, 1000
-8, 6, 990
-15, 2, 1009
-8, -3, 1005
-13, 4, 1007
-8, 6, 983
-13, 4, 1025
-10, 5, 1001
-17, 1, 1031
-4, 3, 1014
-6, 4, 1022
-12, 4, 1012
-4, 4, 1015
-8, 3, 995
-2, -7, 1018
-6, -3, 1006
-7, 1, 990
-9, -4, 997
-18, -5, 1008
-14, 3, 1017
-11, 4, 1019
-6, 1, 1013
1, -3, 1028
-4, 1, 1025
-13, 3, 998
-11, -7, 1016
-9, 3, 999
-9, 4, 999
-9, 0, 1011
-17, -2, 1002
-10, 1, 1002
-28, 2, 1008
-22, 3, 997
-15, 3, 1004
-20, 7, 1010
-7, 2, 997
-4, 0, 1009
1, -2, 1012
4, 5, 1023
6, 8, 1009
-3, 1, 1027
-3, -3, 1012
-17, 3, 1004
-20, 0, 1016
-11, 4, 1010
-15, 3, 1019
-14, -5, 1024
-13, 2, 1004
-13, 4, 1000
-16, -5, 1026
-17, 5, 1013
-22, 3, 1021
-6, 4, 1031
-18, 2, 1022
-20, -1, 1035
-20, 2, 1010
-26, 1, 1003
-19, 2, 1020
-6, 0, 1000
-6, 6, 1007
-14, 4, 1014
-9, 5, 1007
-23, -2, 1009
-16, 2, 1003
-18, 1, 1006
-10, 1, 996
-15, 0, 1000
-17, -2, 1011
-13, -4, 1006
-22, 2, 1012
-11, 5, 1004
-18, 10, 997
-2, -1, 1005
-10, -1, 996
-4, 3, 1013
-18, -4, 1000
-10, 2, 1001
-7, 3, 987
-18, 5, 988
-13, 1, 1013
-21, 6, 992
-19, 4, 999
-14, 3, 1000
-9, 4, 1001
-18, 6, 1010
-9, 0, 1029
-14, 5, 1000
-17, -4, 1024
-25, -4, 1029
-22, -2, 1017
-22, 2, 1023
-20, -4, 1020
-23, -1, 1002
-17, 1, 984
-15, -1, 1018
-17, 0, 1010
-20, -2, 1022
-25, 3, 1011
-13, 2, 1017
-24, -2, 1012
-12, 0, 1011
-6, -3, 1032
-16, 1, 1017
-17, 4, 1012
-19, -3, 1012
-23, 0, 1030
-16, 3, 1021
-9, -3, 1017
-10, 2, 994
-16, 2, 1020
-8, -5, 1008
2, 0, 1008
-4, 3, 1026
-16, -1, 1004
-14, 1, 988
-4, 0, 1009
-5, 4, 1008
-15, 4, 1011
-28, 0, 1016
-18, -1, 1023
-11, 0, 1027
-8, 2, 1011
-15, 2, 1000
-12, 7, 1006
-15, -3, 1014
-13, -1, 1009
-13, 7, 1012
-10, 2, 1013
5, -6, 1012
-6, -10, 1006
-5, -1, 996
-15, 3, 1019
-19, -1, 1029
-9, 1, 1028
-11, 4, 1013
-34, 3, 1002
-11, 2, 1008
-10, 2, 1017
-6, -6, 1000
-17, 0, 1021
-8, -4, 1034
-2, -3, 1025
3, 4, 1014
-4, 3, 1010
-20, 13, 987
-14, 6, 1008
-8, 1, 1005
-6, -5, 1005
-25, 3, 1026
-17, 5, 1011
-2, 2, 1007
-8, 0, 1000
-10, 3, 1016
-6, 2, 1004
-2, 2, 1012
-7, 0, 1017
-9, 1, 1013
-16, 0, 998
-5, -1, 1027
-26, 1, 1020
-13, -1, 1009
-12, 3, 1012
-15, 6, 1012
-14, -1, 1009
-15, 1, 1031
-13, -4, 1015
-13, 2, 1004
-21, 1, 1006
-10, 3, 1006
-11, 4, 1015
-14, 3, 992
-7, 1, 989
-11, -2, 999
-18, -2, 1015
-25, 5, 1007
-28, 5, 1013
-4, 5, 988
-4, 1, 1000
-17, -2, 1024
-13, 2, 1002
-4, 2, 993
-15, 5, 1014
-7, 5, 993
-16, 8, 998
-17, -4, 1001
-26, 1, 1006
-19, 3, 1009
-28, 2, 1014
-18, -6, 1026
-8, -7, 1019
-8, -5, 1010
-8, 38, 1049
-25, 3, 950
-8, 55, 1098
-30, 5, 1391
-36, -10, 1144
-32, -18, 1178
-11, -5, 1148
-4, -8, 1042
-18, 17, 973
-22, -32, 964
-10, -11, 838
-6, 2, 754
-1, 17, 960
4, 17, 777
-9, -9, 682
-4, -4, 761
-8, -2, 817
-14, 5, 825
-12, 7, 871
-5, -9, 954
-9, -9, 1059
-15, -1, 1042
-28, 10, 1130
-10, -8, 1140
-21, -1, 1094
-16, -6, 1124
-23, -11, 1150
2, -5, 1107
-4, -7, 1089
-5, 0, 1046
-7, 3, 1033
-14, 5, 1005
-16, 9, 951
-24, 10, 938
-6, 5, 978
-15, 9, 976
-1, 8, 989
-10, 5, 1012
-13, 6, 1046
-15, -3, 1048
-6, -4, 1062
-4, -4, 1056
-10, 0, 1073
-12, -5, 1070
-6, -1, 1065
-22, 0, 1035
-9, -3, 1051
-9, -2, 1013
-7, 3, 1022
-3, 4, 985
-1, 4, 975
-10, 3, 985
-14, 7, 985
-14, 9, 974
-9, 9, 1011
-7, 7, 1011
-4, 3, 1010
-22, 2, 1009
-18, 2, 1025
-24, 3, 1048
-23, -3, 1019
-12, -3, 1014
-7, -2, 1025
-23, 0, 1020
-10, 3, 1003
-9, 3, 1008
-14, 0, 993
-3, 5, 994
-3, 6, 986
-18, 9, 975
-16, 4, 997
-25, 4, 984
-21, 3, 1009
-10, 6, 1010
-6, 1, 1006
-20, -4, 1028
-18, -4, 1024
-9, -8, 1015
-2, 3, 992
-9, 6, 1020
-6, 0, 1007
-11, 0, 1012
-14, 6, 1010
-5, 43, 1014
-32, -6, 990
-5, 15, 1075
-28, 7, 974
-23, 6, 963
-24, 6, 987
-10, 6, 971
-22, 9, 1008
-19, 20, 1035
-25, 0, 1018
-21, -1, 1013
-17, -3, 1000
-21, -3, 1004
-22, 0, 1005
-18, 2, 972
-25, -3, 978
-16, 1, 979
-14, 4, 994
0, 6, 1001
-7, -2, 998
-10, -1, 976
-21, 2, 1007
-4, -1, 989
-9, 1, 986
-18, 4, 1001
-8, -5, 1001
-8, 4, 999
-8, 5, 1009
-12, 1, 1004
-14, -2, 1032
1, -5, 1001
-15, 0, 997
-15, -1, 1020
-22, 4, 1027
-19, 1, 1006
-4, 2, 1024
-1, 10, 1036
-11, 7, 1046
-24, -6, 1052
-17, -1, 1040
-19, 5, 1010
-10, 0, 1012
-15, -2, 1018
-20, 5, 1005
-9, 1, 1008
-14, -2, 1022
-12, -7, 1012
-13, 0, 962
-12, 2, 961
2, 1, 1003
0, 4, 984
-8, 3, 996
-11, 4, 1021
-8, 8, 1011
4, 0, 1033
-14, 8, 1012
-4, 2, 1007
-9, 0, 995
-13, -3, 1030
-2, -2, 1044
-1, -5, 1030
-9, 3, 1017
-6, -1, 1034
-11, -2, 1000
-9, -2, 985
-6, 1, 1012
-14, 2, 1011
-5, -7, 1005
-1, -10, 1001
-18, -1, 926
-13, 5, 949
-7, 8, 989
-8, 2, 991
-19, -2, 1000
-3, 4, 1023
-10, 4, 999
-10, 5, 1002
-18, 1, 1010
-21, 0, 1024
-9, 0, 1020
-8, 7, 1093
-16, 3, 1141
-14, 1, 1053
-3, -3, 1021
-11, 3, 1016
-15, 1, 1024
-12, 6, 1018
-12, 3, 1045
-11, 4, 1049
-11, 9, 1032
-4, 9, 1001
-11, 7, 1021
-12, 4, 1012
-19, 5, 985
-7, 6, 990
-10, 2, 1029
-25, 5, 1015
-3, 3, 1008
-5, 5, 993
-19, 10, 1004
-1, 2, 1018
-1, 10, 978
-9, 7, 993
-7, 4, 1019
-18, 5, 1011
-16, 7, 984
-13, 10, 1008
-16, 2, 1005
-14, 7, 1013
-16, 8, 1024
-17, 10, 1026
-10, 4, 1009
-2, 6, 1005
-12, 3, 1018
-26, -1, 1031
-13, 4, 1018
-8, 3, 1009
-13, 6, 1000
-7, 8, 1007
-15, 5, 1018
-10, 8, 1013
-19, 7, 1006
-10, 9, 1018
-22, 7, 1008
-4, 8, 1015
1, 9, 1020
-20, 8, 1009
0, 2, 1001
-15, 11, 1012
-20, 1, 1007
-5, 11, 990
-15, 6, 1012
-15, 2, 999
-13, 6, 1007
-10, 7, 1007
-11, 6, 1010
-20, 5, 1007
-9, 2, 1009
-20, 2, 996
-20, 5, 1003
2, 10, 990
-20, 8, 999
-17, 7, 1002
-6, 10, 1012
-12, 11, 990
-12, 5, 986
-7, 12, 965
-3, 8, 989
1, 8, 1003
-4, 9, 1036
-18, 7, 1020
-5, 10, 1011
-10, 4, 988
-30, 9, 991
-8, 9, 1017
1, 12, 1023
2, 0, 1015
-12, 4, 1030
-20, 5, 1062
-17, -2, 1029
-15, 4, 1019
-13, 4, 1013
-2, 3, 1007
-7, 5, 1038
-17, 5, 1029
6, 6, 998
-8, 11, 1019
-19, 5, 1010
-7, 11, 982
-10, 10, 978
-11, 6, 1020
-5, 3, 1011
-10, 9, 1014
-12, 9, 1014
-7, 10, 1015
-24, 4, 1009
-24, 12, 1009
-2, 7, 1002
-15, 10, 993
-13, 3, 1002
-20, 5, 1000
-27, 9, 1018
-5, 10, 1023
-3, 7, 1013
-17, 11, 1003
-5, 7, 996
3, 7, 1015
-2, 12, 1009
-11, 9, 1009
-5, 13, 1001
-12, 7, 1008
-11, 4, 1002
2, 8, 985
2, 8, 1005
-1, 8, 1005
-22, 6, 1012
4, 7, 993
-12, 10, 1004
-19, 5, 1018
2, 8, 1001
-5, 10, 998
-3, 9, 1015
17, 5, 1004
-9, 11, 1032
-18, 2, 1027
-24, 10, 1011
-17, 10, 1011
-5, 6, 1019
-20, 10, 1009
3, 7, 1007
-7, 14, 1005
-16, 16, 1033
-17, 8, 1012
5, 8, 991
-12, 8, 995
-18, 6, 997
-20, 11, 987
-8, 9, 1008
-15, 5, 1000
-11, 9, 983
-15, 8, 994
-14, 8, 981
-6, 6, 1002
-7, 7, 1006
-5, 6, 1001
-13, 6, 1009
1, 7, 1021
-8, 6, 1006
-12, 8, 1006
1, 5, 1027
-7, 6, 999
-9, 9, 989
-7, 12, 1019
5, 5, 1024
0, 7, 987
-15, 4, 995
-18, 7, 1018
-11, 5, 1016
-9, 6, 1011
-16, 6, 1015
-16, 13, 1013
5, 6, 1005
-12, 7, 1011
-7, 6, 1015
-3, 8, 1027
-14, 5, 1004
-12, 12, 1005
-15, 15, 1011
-11, 6, 984
-6, 4, 980
-3, 9, 985
-10, 8, 1011
1, 10, 978
-6, 6, 1001
-13, 10, 1017
-14, 14, 1010
-9, 14, 1011
6, 16, 1019
-8, 6, 1017
-2, 11, 1019
-9, 11, 1009
-21, 8, 993
-15, 9, 981
-15, 11, 1010
-20, 9, 1008
-15, 10, 1005
-11, 6, 1027
-14, 7, 1007
-4, 12, 1006
-21, 5, 1008
-15, 7, 1005
-20, 10, 1030
-24, 13, 1001
-5, 10, 998
-13, 14, 1001
-7, 7, 992
-13, 8, 999
-18, 6, 1029
-9, 6, 997
-10, 13, 997
-2, 6, 1007
-9, 4, 1015
-16, 10, 992
-9, 2, 1020
-9, 9, 1008
-15, 6, 998
-2, 11, 1016
-8, 8, 1002
-4, 10, 1013
-11, 10, 1016
-10, 12, 1022
-9, 6, 1021
-7, 11, 992
-8, 8, 1006
1, 7, 1026
8, 11, 1004
8, 3, 1020
-9, 2, 1028
-2, 9, 1002
-8, 2, 1016
-13, 7, 999
-4, 1, 994
-9, 2, 1004
-17, 10, 993
-9, 6, 1018
-8, 6, 1006
-6, 12, 1013
-14, 7, 1019
-9, 10, 1006
-13, 13, 1013
-23, 13, 1024
-14, 8, 995
-8, 13, 1001
-18, 8, 1027
-12, 7, 1009
-5, 4, 1000
-12, 9, 1011
-17, 8, 1003
-12, 7, 1022
-15, 9, 1006
-5, 15, 1001
-18, 6, 1016
-16, 13, 1005
-15, 12, 1025
-19, 9, 1026
-9, 10, 992
5, 12, 1002
-4, 7, 1028
-6, 9, 1021
-10, 5, 1003
-15, 9, 1003
1, 15, 986
-15, 11, 999
-14, 10, 1015
-7, 3, 1008
0, 17, 1000
-9, 16, 1021
-7, 18, 1007
-15, 10, 989
-6, 10, 1014
-19, 9, 960
-15, 11, 980
-23, 13, 995
-5, 7, 1015
-15, 13, 1003
-2, 9, 996
2, 10, 997
-16, 10, 999
-3, 11, 1002
-14, 10, 1011
-13, 10, 998
-7, 7, 1002
-17, 13, 1010
1, 1, 1006
-9, 9, 1003
-8, 12, 1006
-6, 3, 1025
-11, 1, 1006
-13, 10, 1006
-12, 7, 1016
-14, 11, 1010
-6, 5, 1004
-6, 5, 1009
-4, 7, 1009
-4, 2, 1191
-27, 9, 1264
40, -22, 844
-29, 63, 643
-10, 11, 763
-23, -10, 949
-28, -8, 1041
-21, 0, 1027
-17, 30, 1164
-6, 36, 1181
2, 10, 1148
-12, -2, 1132
-27, -8, 1113
4, 1, 967
-9, 13, 820
-4, 12, 826
-18, 3, 961
2, 5, 1071
-11, 9, 945
0, 4, 1017
5, 9, 1061
-11, 13, 980
-4, 9, 985
-2, 29, 856
-1, 10, 864
-10, 10, 914
-3, 3, 888
-9, 6, 1019
-18, 4, 1000
-1, 18, 909
-22, 43, 771
-28, -60, 723
-3, -26, 1417
-2, -35, 1059
-5, 34, 1091
-3, 38, 1092
0, 24, 1043
5, 4, 1105
-18, -4, 1208
-7, -4, 1140
2, 5, 1104
14, 20, 1036
-7, 5, 1011
-6, -5, 1113
-6, -6, 1113
-10, 1, 1045
7, 4, 1021
-1, 13, 1035
-15, 12, 1034
-18, 11, 1039
-18, -1, 1004
-10, 12, 966
-8, 8, 992
-5, 2, 987
-14, 11, 1000
9, 6, 1002
-11, 4, 991
-6, 6, 984
-17, 12, 966
-14, 8, 978
-2, 8, 1000
11, 10, 980
-8, 3, 991
-15, 8, 982
4, 13, 983
-17, 8, 1000
11, 6, 988
0, 6, 999
1, 14, 1015
-8, 4, 1007
-10, 5, 1039
-17, 7, 1036
-23, 0, 1040
-14, 3, 1031
-20, -1, 1023
2, 3, 1035
-7, 4, 1027
-8, 7, 1020
-5, 5, 1011
2, 7, 1002
-5, 11, 1004
-4, 13, 1011
0, 6, 1019
0, 6, 1010
-5, 3, 998
-8, 3, 995
-14, 4, 995
-7, 5, 1002
-8, 4, 1000
-7, 13, 1022
-9, 9, 989
-7, 7, 1009
-17, 6, 991
-7, 12, 993
-19, 14, 1005
-2, 9, 995
-14, 16, 1017
-14, 10, 1015
-9, 11, 1006
-1, 9, 1004
-13, 11, 1014
-5, 10, 995
4, 1, 986
0, 2, 1000
-6, 5, 1001
-7, 10, 1000
-8, 0, 994
-12, 9, 997
-14, 13, 995
-18, 0, 1008
-2, 2, 1013
-12, 4, 1017
-20, 6, 1029
-20, 0, 1020
-14, 4, 1002
-16, 6, 987
-6, 8, 980
-9, 12, 998
-14, 2, 1000
-13, 7, 999
-20, 1, 1006
-6, 6, 1011
-12, 4, 1001
-9, 4, 1011
-15, 7, 986
-2, 0, 1007
0, 5, 1009
-4, 11, 1000
-15, 13, 992
-1, 11, 999
-7, 4, 1008
-6, 4, 992
-9, 13, 963
-15, 14, 1007
-3, 15, 1017
-9, 10, 1040
-9, 4, 1056
-10, 4, 1053
-9, 11, 1039
-19, 18, 1018
-15, 13, 975
-14, 13, 986
-17, 19, 1001
-16, 17, 1033
4, 17, 1038
-3, 8, 1045
11, 6, 1079
-7, 10, 1052
-10, 13, 1064
-6, 22, 1051
-2, 12, 1019
-4, 11, 1016
1, 14, 996
-15, 10, 1042
-2, 5, 1059
-10, 7, 1059
-22, 7, 1081
-17, 0, 1087
-14, 1, 1044
1, 7, 1049
-4, 5, 1045
-4, 7, 1041
3, 7, 1000
-16, -1, 1023
2, 3, 1027
-1, 1, 1005
-5, 6, 995
-6, 6, 984
-6, 8, 1014
-19, 3, 1007
-6, 1, 990
-18, 2, 1009
-8, 3, 1029
-14, 1, 1003
-4, 5, 966
-18, 3, 974
-20, -2, 993
-15, -4, 988
-8, 6, 965
-6, 4, 983
-9, 5, 1013
-11, -3, 994
-20, -4, 988
-10, -7, 997
2, 5, 1008
-7, -1, 987
-10, -4, 1004
-15, 2, 1022
-13, 3, 1032
-15, -6, 1015
-6, 2, 1017
-18, 3, 1028
-1, 2, 1013
6, 4, 991
-18, -6, 990
-12, -3, 994
-15, -2, 982
-8, -3, 986
-26, -2, 1001
-17, -2, 1025
-10, -3, 984
-6, -1, 978
-15, 3, 967
-15, 3, 990
3, 0, 994
-6, -8, 995
3, -4, 1007
-4, 0, 1008
-9, -7, 1012
-10, -4, 994
-17, -4, 988
-9, -4, 1014
-7, 2, 1004
-17, 1, 989
-10, 0, 992
-2, -3, 990
-7, 0, 982
-1, -3, 991
-8, 6, 982
-8, 5, 1029
-18, 6, 1005
-20, 2, 983
-10, 5, 994
-14, 7, 995
-8, 11, 998
-7, 1, 979
-11, 3, 988
-15, 5, 997
-15, 2, 1002
-9, 0, 1000
0, 1, 1007
-7, 3, 987
1, 7, 995
-13, 5, 1007
1, 7, 997
-9, 3, 1008
-13, 4, 1008
-7, 2, 995
-4, 4, 1005
-6, -2, 1012
-11, -5, 1013
-14, -5, 1020
-14, -2, 1017
-9, -4, 1016
0, 5, 1003
0, 4, 996
-13, 6, 1006
-11, -1, 1044
-12, -4, 1008
-16, -1, 1018
2, 0, 1017
-20, -3, 997
-29, 3, 1022
-16, 3, 1000
-13, 0, 996
-16, 0, 1007
-12, -7, 1014
-1, 1, 1025
-12, -5, 1020
-10, -4, 996
-14, 1, 989
-13, 5, 1011
-9, -2, 1006
-8, -1, 1006
-6, 5, 1005
-11, 6, 1012
-1, -1, 1017
-8, 3, 1017
-19, 1, 1014
-7, -1, 987
-12, -1, 996
-21, -6, 996
-1, -2, 993
10, -1, 1010
-10, -4, 1029
-14, 1, 1007
-16, -2, 1028
-17, -5, 1003
-5, 4, 994
-2, 3, 1012
-2, 3, 1003
-11, -3, 1011
-4, 7, 1009
2, 2, 1020
-10, -3, 991
-9, -6, 995
-21, -5, 1013
-11, 0, 1010
-5, 9, 1001
-7, -2, 1015
-14, 1, 998
-11, -4, 1000
-9, 3, 996
-16, -4, 1010
-7, 3, 1000
0, -1, 1000
-16, 0, 1032
-15, -6, 1031
-15, -6, 1007
-19, 2, 995
-15, 6, 1007
-25, -7, 1026
-13, -7, 1014
-5, 2, 1006
-16, -1, 1014
-16, -1, 1020
-9, 3, 1013
-2, 5, 1005
-22, 1, 1015
-10, -1, 1009
-14, 2, 996
-14, -2, 1004
-6, -1, 1002
-15, 2, 1021
-2, 0, 1023
-11, 4, 1015
-16, 8, 998
-12, 2, 993
-16, 3, 998
-18, -5, 999
-23, 5, 998
-11, 3, 998
-15, -1, 1029
-19, -1, 1025
-22, 1, 1006
-25, 7, 1020
-3, 8, 980
3, 1, 989
-21, 4, 991
-9, 0, 1004
-26, -8, 1026
-16, 0, 1017
-6, 2, 1017
-1, 6, 1001
-3, 4, 1015
-15, 0, 1021
-13, 1, 988
-13, 6, 999
-7, 1, 1022
-11, 0, 999
-4, 7, 1002
-27, 2, 1018
2, -5, 1021
-7, -3, 1002
-2, 6, 1013
-23, 4, 999
-12, 1, 1013
-23, 2, 1031
-23, 1, 1038
-2, 1, 1016
-11, 1, 1011
-13, -2, 1004
-6, -4, 1019
-3, 2, 1004
-13, 3, 1011
-17, -1, 1011
-3, 0, 995
-5, 6, 988
-18, 2, 1005
-15, 1, 992
-3, 5, 1011
-11, 9, 1001
11, -1, 993
-1, 4, 990
-17, 5, 1006
-10, 4, 1000
-19, 7, 1005
-19, 4, 1021
-16, 1, 1027
-18, 3, 1027
-17, 9, 1019
-6, 0, 1021
-10, 2, 1010
-15, 2, 1010
-11, 3, 1001
-13, 1, 1031
-12, 5, 1009
-18, 3, 1013
-20, 6, 1027
-22, 2, 1021
-20, -1, 1017
-3, -4, 1024
12, -4, 1010
9, -1, 1018
-2, -5, 1017
-10, 3, 1026
-13, -2, 1023
-16, 0, 990
-21, 2, 1012
-6, 4, 1010
-15, -5, 1010
-15, 4, 998
-22, 1, 1018
-21, -3, 1007
-15, -4, 1015
-16, -8, 1027
-6, -5, 1017
-11, 2, 996
-23, 0, 1013
-10, 0, 1019
-7, 1, 1009
5, 2, 1000
-1, 2, 1008
-7, 2, 1007
-12, 4, 1016
-7, 1, 1028
-10, 1, 997
-15, -4, 1029
-5, -2, 1011
-9, -2, 1010
-14, -1, 1005
-18, -3, 1035
-23, -3, 1013
-19, -1, 1016
-21, -1, 1008
-20, -2, 1019
-4, 4, 1011
-12, -2, 1001
-14, 5, 1014
-30, 1, 1004
-14, 8, 992
-12, 0, 1000
-20, 5, 988
-16, -6, 991
-17, -5, 1017
-18, 3, 1009
-10, -1, 1015
-17, 1, 1012
-11, 5, 1001
-5, 2, 1001
-16, -6, 1013
-10, -2, 1015
-16, -7, 1026
-7, -4, 1006
-7, -2, 997
-24, 2, 1006
-16, 6, 1012
-2, 2, 994
-2, 4, 1005
-9, -4, 1005
-17, -2, 1007
-17, 1, 1007
-18, -3, 1008
-9, 0, 1008
-5, -4, 1011
-4, 2, 997
-12, 4, 1018
6, 10, 981
-6, 0, 1005
-15, -1, 1010
-7, 1, 1027
4, -1, 1011
-4, 3, 1020
-7, 3, 992
-5, -3, 1025
-16, -1, 1023
-13, -8, 1008
-18, -3, 1020
-18, -1, 1016
-11, 3, 1040
-13, 5, 1006
-21, -1, 1024
-5, -3, 1031
-22, 4, 1018
-1, -1, 1018
-8, 3, 1010
-14, 3, 1015
-16, 3, 1001
-16, 4, 1012
-13, -2, 1014
0, 6, 989
-6, 2, 993
-4, 2, 1022
-8, -1, 994
-10, 3, 1005
-9, 7, 1024
-20, 7, 1016
-10, 4, 1017
-30, 1, 1017
-24, -2, 1024
-9, -7, 1023
2, 4, 1007
-12, 5, 1019
-14, -5, 1014
-12, 5, 1013
-11, -1, 1035
-22, -4, 1015
-12, -1, 1002
-8, -1, 1005
-7, 5, 1010
-21, 7, 1023
-5, -2, 1020
-12, -3, 1030
3, 0, 1035
-13, 2, 1012
-10, 4, 996
2, 0, 1000
-2, -1, 1017
-2, -4, 1025
-5, -6, 1004
-12, -1, 984
-19, -2, 1001
-15, -10, 1004
-21, -3, 1016
-12, 1, 1031
-21, -1, 1010
-26, 2, 994
-24, 1, 1005
-20, 3, 1016
-2, 2, 1032
-3, 8, 1007
-11, -2, 1015
-7, 3, 1023
-11, 3, 1023
-12, -1, 1022
-23, 1, 1010
3, 0, 1019
-15, 5, 1010
-18, 5, 1012
-10, 5, 993
-14, 1, 1017
4, -2, 1009
1, -1, 1004
0, 1, 1015
-13, 0, 1019
-19, -6, 1001
-20, -3, 1002
-27, 0, 1017
-15, 3, 1004
-15, 4, 1017
-10, 1, 1023
-17, -3, 1010
-16, -4, 1005
-6, -1, 1002
-27, 0, 1002
-24, 0, 1021
-18, -4, 1023
-1, -5, 1008
-12, 1, 996
-19, 4, 1005
-18, -5, 1021
-8, -5, 1019
1, -2, 1026
-6, 1, 1020
-8, 5, 999
-13, 2, 1014
-19, 2, 1006
-1, -1, 998
-4, 1, 1004
-7, 1, 1019
-5, -1, 999
-9, -1, 1000
-5, 7, 991
-9, 6, 994
-16, -3, 991
-13, -4, 992
-19, 4, 995
-2, -2, 1003
-7, 0, 1011
-15, 6, 1041
-19, 2, 1031
0, -1, 1032
1, -5, 1005
2, 5, 996
-6, 6, 1020
-13, 4, 1008
-10, 2, 1009
-2, 4, 994
-19, 5, 1011
-17, 1, 1004
-15, 6, 1001
-19, 6, 1015
-15, -1, 1021
-16, 0, 1021
-14, -5, 1023
-9, 2, 1007
-14, -2, 1021
-9, 6, 1013
-19, 1, 1008
0, -5, 997
-2, 4, 1001
-12, 0, 998
-10, 5, 1026
-10, 9, 1003
-16, 2, 1010
0, 1, 998
3, -1, 1000
-8, 1, 991
-2, -6, 1002
-11, 7, 1019
-1, 1, 1032
-10, 2, 1023
-8, -3, 1030
-5, 0, 994
-5, -13, 1017
-17, 26, 995
-12, -7, 1016
-21, 0, 1004
-19, 8, 1013
-22, 1, 1015
-10, 2, 997
-16, 1, 1017
-17, -3, 1005
-12, 0, 1003
-19, 8, 992
-11, -2, 1017
-6, -3, 1018
-10, -1, 1000
-5, 2, 984
-20, 5, 994
-16, 0, 998
-24, 2, 1000
-18, 3, 993
-24, 2, 992
-14, 3, 1016
-12, 7, 1011
-17, -1, 995
-9, 0, 999
-7, 3, 1015
-11, 9, 1007
-16, 2, 1005
-3, 8, 1017
-16, 3, 1022
-2, 0, 1002
-22, 1, 1016
-18, 3, 1015
-13, -1, 999
-10, 0, 983
-13, 5, 997
-12, -1, 1012
-21, 4, 1000
-8, -3, 1011
-4, 4, 1021
-7, 6, 1009
-21, 1, 1012
-28, 2, 1028
-16, 1, 1018
-1, 2, 1018
-20, -2, 1000
-16, -1, 1004
-23, 2, 998
-10, 5, 1013
-11, 2, 1013
-14, 3, 1016
-17, -5, 1020
-15, -5, 1006
-20, 1, 994
-26, -4, 1006
-19, 1, 1015
-21, -4, 1022
-20, -1, 1032
-14, 2, 1031
-8, 0, 1021
-9, 4, 1012
-13, 2, 999
-14, -4, 990
-27, 1, 1011
-24, -3, 1015
-9, -6, 1027
-11, 0, 1031
-8, 3, 1028
-11, 0, 1019
-3, 4, 1041
-18, 2, 1021
-17, 5, 1008
-20, -6, 1017
-13, -6, 1017
-4, 0, 1018
-10, 9, 1012
-10, 5, 1022
-17, 1, 1009
-20, 3, 1012
-18, 5, 1022
-16, 1, 998
-14, 3, 1008
-17, 0, 1015
-13, -1, 1016
-10, 3, 1016
-4, -4, 1012
-3, -1, 999
-4, 9, 1008
-21, 7, 1008
-2, 4, 991
-12, 1, 1009
-12, 1, 1021
-15, 4, 1007
-11, -1, 1039
-12, -2, 1016
-20, -5, 1020
2, 1, 1013
-15, 1, 997
-23, 6, 1009
-20, 4, 1012
-24, 1, 1009
-10, 2, 994
-14, 3, 1018
9, 3, 1004
-4, 3, 992
-6, 3, 1007
-10, 5, 1011
-13, 5, 1027
-7, 0, 1008
-3, 5, 1010
-14, 0, 1001
-18, 3, 1005
10, 7, 1010
-21, 6, 1009
-4, 4, 1004
-11, -2, 995
-24, -3, 997
-21, 2, 996
-18, 6, 1017
-20, -6, 1032
-13, -3, 1018
-15, 9, 1006
-22, 3, 1010
-14, 2, 1002
-10, 3, 999
-2, -3, 1025
-19, -2, 1029
-26, -4, 1014
-21, 4, 988
-2, 6, 993
-10, 5, 1010
-11, 1, 1006
-25, 7, 1003
-23, 3, 1026
-25, 2, 1035
-12, 1, 1014
-25, 4, 1029
-19, 1, 1018
-8, 3, 1019
-9, 0, 1012
-3, 1, 1009
-4, 4, 1011
-16, 3, 1013
-18, 0, 998
-11, 8, 1011
-19, 7, 999
-17, -3, 1005
-16, -4, 1012
-23, -1, 1014
-20, 1, 1005
-9, 0, 1018
-6, 0, 1004
-17, -11, 1013
-43, -79, 989
-24, -230, 991
-48, -88, 1060
17, 239, 950
16, 149, 968
-15, 38, 1022
-15, 31, 1091
-24, 1, 1056
-8, -8, 1005
-12, -12, 1019
-18, -1, 958
-10, -1, 977
-20, 2, 1032
-23, -20, 1065
-45, -134, 1057
-50, -118, 1018
13, 120, 981
13, 110, 960
16, 33, 979
-14, 31, 1091
-21, 8, 1046
-13, -2, 992
-5, -9, 1039
-2, -4, 968
-11, 7, 984
-12, 0, 1040
-23, 0, 996
-23, -10, 1028
-23, -30, 1042
-38, -157, 1011
-7, 24, 999
30, 133, 968
27, 40, 943
0, 25, 1051
-3, 7, 1094
-16, 1, 994
-12, 6, 1041
-6, -2, 994
-15, 1, 981
-18, 10, 1014
-19, 9, 1014
-29, -2, 981
-20, -9, 1005
-16, -7, 1039
-6, -15, 1009
-20, -31, 1008
-61, -107, 1006
-11, 20, 996
11, 106, 948
17, 15, 924
-3, 19, 1067
-21, 4, 1103
-15, 11, 1019
-2, -5, 1021
-4, -4, 1004
-28, 5, 986
-22, 9, 1006
-11, -4, 1001
-14, -3, 990
-25, -5, 1031
-23, -3, 1057
-20, -4, 1024
-19, -3, 1020
-6, 0, 1020
-17, -2, 1004
-9, 4, 974
-11, -3, 983
-2, 0, 987
-8, -8, 1020
-40, -43, 986
-42, -37, 1008
8, 50, 1013
7, 56, 984
-6, 13, 1003
-7, 12, 1060
-20, 4, 1026
-15, 4, 987
-10, -2, 1049
-17, -5, 1000
-17, 5, 1008
-13, 5, 1005
-21, -4, 1012
-6, 5, 1013
-13, 4, 1020
-19, 2, 1028
-4, 1, 995
-12, -3, 1012
-6, -1, 1008
-7, 4, 1002
-9, -2, 1000
-8, -4, 1002
-13, 3, 1025
-11, 2, 1011
-8, 2, 1009
-18, 6, 1010
0, -1, 1026
-19, 0, 1023
-19, 6, 1004
-16, 2, 1022
-4, 6, 1019
-15, 9, 1013
-16, -2, 1023
-1, -5, 1008
-9, 1, 994
-19, 4, 1016
-10, 3, 1004
-9, 10, 1006
-5, -4, 1006
-17, -1, 1025
-12, -5, 1017
-8, -3, 1007
-10, 2, 1029
0, -1, 1008
-5, 3, 1010
-9, 4, 1011
-2, 0, 1000
-14, 7, 998
-2, 3, 1002
-12, -3, 1010
-6, -1, 1004
-9, 3, 1014
-13, 1, 1018
-18, -2, 998
-12, 3, 1011
-24, 5, 1027
-28, 2, 1009
-17, -3, 1007
-27, 1, 1000
-14, 0, 994
-11, 2, 1021
-24, 0, 1013
-17, 2, 1035
-16, -8, 1014
5, -2, 997
-10, 4, 1004
5, -5, 1004
-4, -6, 1001
-7, 5, 1004
-16, 3, 1010
-13, -3, 1012
-6, -2, 992
-7, 4, 997
-4, 12, 1014
-22, 11, 1010
-16, 4, 996
-18, 0, 1000
-5, 2, 1017
-10, 2, 1013
-15, -8, 1023
1, 0, 1004
-15, -3, 1012
-15, 6, 1017
-24, -1, 1015
-11, 5, 1017
-22, 2, 1015
-25, 0, 999
-27, -1, 993
-16, 5, 1011
-25, 1, 999
-13, 6, 1013
-12, 6, 1018
-12, 1, 1011
-10, -2, 1000
-25, -4, 1017
-15, -4, 1009
-20, -1, 1022
-14, 3, 1011
-5, 2, 1011
-10, 0, 1003
-20, -7, 1024
-13, 0, 1032
-14, 1, 1003
-12, -4, 1019
-10, -2, 997
-4, 2, 1002
-4, 3, 1010
-13, 10, 1011
-14, 1, 1013
-16, -1, 1027
-11, -7, 1028
-14, -1, 1029
-21, 6, 1014
-13, 3, 1014
-17, 0, 1021
-5, -3, 1024
-13, 2, 997
-3, -1, 1012
-16, -3, 1008
-6, -3, 1016
-9, -2, 1004
-18, 4, 1011
-20, 2, 1004
-9, -1, 1013
-12, 5, 1002
-19, 4, 988
-24, -5, 1020
-4, -3, 1020
-16, -5, 996
-7, 4, 1022
-3, 8, 1022
-14, 3, 1019
-16, 0, 1003
-22, 5, 1015
-23, 5, 1005
-18, 4, 1007
3, 5, 1001
-13, 6, 1012
-7, 11, 997
-20, 3, 1022
-17, 3, 1009
-10, 3, 1008
-24, 5, 1013
-16, 4, 1009
-18, 3, 1023
-8, 1, 1012
-8, 7, 1008
-4, 1, 1002
-18, 9, 1018
-38, 3, 1017
-23, -1, 1023
-8, -4, 1030
-10, -4, 1008
-12, 3, 996
-8, -3, 991
-12, -4, 999
-9, 9, 1010
-16, 12, 998
-12, -2, 999
-9, 1, 1011
-14, 1, 1001
-6, 4, 1019
-2, 2, 1000
-22, 0, 1004
-4, 5, 1013
-6, 1, 1022
-14, -1, 1026
-19, 3, 991
2, 4, 1015
-10, 5, 996
-7, 2, 998
-13, 4, 1002
-7, -1, 998
-1, 10, 991
-15, 2, 1005
-7, 2, 997
-9, 3, 1011
-26, 6, 1003
-28, 6, 1024
-23, -2, 1023
-15, -2, 1024
-6, 4, 1014
-14, 2, 1008
-19, 1, 1011
-22, 4, 999
-15, 0, 1007
-3, -1, 998
-11, 0, 1015
0, -4, 999
-7, -5, 981
-12, 7, 1006
-2, 4, 1013
-15, 8, 998
-10, 8, 1008
-5, 8, 993
-19, 5, 1010
1, 0, 1010
-6, 1, 1003
-21, 0, 1037
-20, 7, 1004
-17, 6, 999
-5, 11, 997
-16, 2, 1021
-16, 1, 1002
-9, 1, 1021
-24, 6, 999
-4, -1, 987
-14, 6, 997
-14, 6, 1004
-5, 4, 1006
-9, 0, 1012
-10, 9, 1009
-13, 8, 994
-26, 2, 1025
-7, -2, 1030
-6, 1, 1001
-16, 1, 1004
-19, -1, 993
-5, 1, 1001
-3, -3, 1014
-16, -2, 1004
-18, 0, 1028
-9, 4, 999
-18, 4, 987
-12, -1, 1002
-11, -2, 1021
-8, 2, 994
-22, -2, 1006
-19, 3, 1011
-12, 8, 1003
-11, 5, 1000
-17, 2, 1032
-19, 0, 1017
-18, 0, 1021
-11, -2, 1002
-10, 3, 1011
-20, -2, 1025
-9, -2, 1021
-14, 4, 1017
-9, 5, 1004
-10, 5, 1015
-11, 3, 996
-19, -3, 997
-4, -3, 1008
-15, -7, 1019
-19, -5, 1004
-14, -2, 985
-25, 3, 1007
-15, -3, 1009
-21, 3, 1008
-6, -2, 1008
-8, 2, 1005
-11, -2, 1012
-16, -2, 1032
-22, -1, 997
-10, 3, 1013
-14, 4, 1004
-24, 0, 1011
-22, 0, 999
-11, 1, 1001
-4, 10, 1021
-30, 4, 1007
-16, 8, 1003
-27, 2, 1003
-23, 0, 1002
-9, 1, 1003
-17, -6, 1026
-16, 7, 1008
-17, 0, 1033
-14, -1, 1006
-16, 4, 1006
-17, 2, 1023
-20, 2, 1009
-10, 2, 1001
-19, 6, 1006
-20, 3, 1015
0, -1, 991
-7, 2, 1010
-5, -6, 1010
-28, 3, 995
-24, -2, 1007
1, -4, 997
-10, 0, 1007
-6, 1, 1002
-9, 1, 1002
-6, 4, 1006
-10, 2, 1004
-9, 4, 1005
-16, 3, 1003
-6, 0, 1022
-7, 2, 1025
-20, -1, 1006
-18, -1, 1012
-4, 0, 1005
-8, 4, 992
-12, -3, 1011
-20, 10, 999
-21, 9, 1018
-29, 4, 1005
-15, 5, 989
-15, 4, 1026
-16, 1, 1036
-20, -6, 1008
-12, -5, 1019
-31, 4, 1007
-29, 4, 1019
-21, -1, 1018
-2, -1, 1033
-11, -4, 1023
-6, 1, 1004
-4, -1, 1000
-16, -2, 1012
-10, -4, 1006
-5, 4, 990
-15, 0, 1014
-7, 2, 1014
-20, 6, 1003
-15, -1, 1001
-13, -3, 1021
-10, -5, 1025
-11, 0, 1019
-10, 0, 1011
-8, 3, 999
-15, 6, 995
-26, 1, 999
-27, 3, 997
-15, 7, 1003
-22, 1, 1018
-8, 2, 1005
-19, 2, 1013
-6, 1, 1029
-14, 2, 1021
-16, -4, 1034
-15, -1, 1011
-23, -2, 999
-19, 1, 1015
-2, -2, 1001
-10, 3, 1023
-13, 7, 1019
-25, 0, 1011
-11, -1, 1030
-13, -1, 1018
-11, 0, 1018
-16, 2, 997
-9, 3, 998
-15, 0, 1009
-10, 4, 1019
-25, 0, 1021
0, -4, 1009
-2, -2, 1002
-10, 5, 1011
-18, 3, 1022
-9, 8, 1008
-16, 4, 998
-14, 2, 1000
-18, 4, 1003
-14, 0, 1019
-1, -2, 1011
-11, -1, 996
-6, -3, 1030
1, 1, 1011
-9, 4, 1018
-14, 0, 1011
-5, -3, 1001
0, 1, 1009
-14, 1, 988
-27, 2, 977
-13, -4, 999
-22, 0, 1000
-21, -2, 1000
-6, 4, 1024
-16, 4, 1013
-14, 2, 1017
-13, -2, 1025
-20, 0, 1007
-18, 6, 1002
-15, 3, 1003
0, 0, 1010
-4, 7, 1002
-16, -1, 1009
-9, 0, 1013
-15, 1, 1004
-8, 7, 1004
-24, 5, 1022
-12, -4, 1012
-22, 0, 1018
-11, 6, 983
-16, 3, 1003
-22, -2, 1025
0, -1, 1023
-5, -2, 1001
-14, 1, 1019
-1, 4, 1018
-5, -1, 995
0, 3, 1001
-8, 5, 991
-19, 6, 992
-4, 3, 1005
-7, -2, 1007
-15, -1, 1016
-12, -1, 1026
-7, 0, 1010
-20, 0, 1029
-9, -2, 1019
-10, 0, 994
-11, -10, 1022
-15, 1, 1000
-14, 6, 1006
-2, 8, 1006
-8, 1, 1016
-6, -1, 1007
-11, -3, 1008
-19, -4, 1010
-15, 2, 992
-20, 2, 1012
-18, 4, 1015
-8, 3, 1015
-3, 7, 1008
-13, 5, 1005
-11, 1, 1018
-25, -1, 1002
-12, 0, 1001
-15, 3, 1005
-13, 4, 999
-14, 1, 998
-18, 0, 1006
-19, -2, 1001
-9, 0, 1008
-21, 3, 1007
-7, 0, 1001
-13, -3, 1007
-14, 6, 1012
-15, 3, 1012
4, 2, 996
-11, 5, 999
-13, -4, 1004
-15, 4, 997
-23, 4, 1022
-21, 1, 1023
-17, 4, 998
-6, -3, 984
-15, 3, 1006
-6, 4, 1013
0, 3, 1022
-17, 4, 1022
-16, -1, 1014
-9, 4, 1000
-17, 4, 999
-15, 1, 994
-27, -2, 997
-13, -1, 1017
-18, 1, 1017
-20, -5, 1020
-14, 2, 1018
-12, 4, 1004
-8, 0, 1020
-12, 6, 1015
-13, 4, 1024
-6, -1, 1029
-12, -1, 1004
-15, 6, 1009
-26, 8, 1002
-35, 2, 1009
-24, 4, 1031
-22, -8, 1011
1, -3, 1006
3, 1, 997
-16, 2, 1009
-7, 2, 1018
-7, 5, 1003
-12, 5, 1006
-11, 5, 1007
-17, 5, 993
-23, 7, 1017
-18, 1, 1023
-13, -2, 1016
-5, 4, 1000
-7, 0, 1002
-12, -4, 1017
-8, 1, 1010
-13, -2, 1015
-13, 3, 1019
-9, -2, 1015
-15, -2, 1011
-8, 0, 1001
-11, 0, 1001
-18, -1, 1010
-14, -2, 1012
-8, 3, 1000
-16, 2, 1003
-23, -4, 1007
-4, -4, 1022
-18, -6, 1012
-8, -2, 994
-9, 0, 994
-6, -2, 995
-23, -4, 1025
-15, -5, 1013
-18, 5, 1010
-8, 0, 1019
-18, 4, 1000
-18, 3, 1022
-21, -1, 1021
-4, 0, 1018
-17, -4, 1003
-24, -2, 1006
-20, 3, 998
-14, -4, 1020
-21, -2, 1027
-22, 1, 1014
3, 0, 1018
-17, 0, 1004
-12, 1, 994
-12, -4, 1005
-3, -3, 1011
-20, 3, 1005
-15, 4, 1001
-19, 3, 1019
-22, 2, 1017
-12, 2, 1033
-5, 1, 1004
-7, -2, 1015
-9, -3, 1010
-18, -5, 993
-13, 2, 1020
-30, 1, 1011
-1, -3, 1029
-19, 3, 1009
-30, 5, 1010
-19, 2, 1021
-13, 2, 1020
-14, -4, 1013
1, 0, 1022
-6, 7, 1006
-19, 5, 1017
-8, 2, 1022
-1, 0, 1017
7, 4, 1019
-4, 2, 1020
-1, 4, 1005
-9, 2, 1003
-12, 2, 1015
-6, 1, 1008
-13, 3, 1001
-21, 9, 1038
-22, 0, 1028
-3, 4, 1011
-4, 3, 994
-16, 4, 993
-12, 1, 1015
-19, 1, 1006
-17, 1, 995
-15, 1, 1022
-11, 1, 1023
-17, 2, 1008
-7, 3, 1007
-20, -4, 1023
-3, -1, 1002
-11, 1, 1012
-11, 9, 1019
-19, 6, 1006
-14, -1, 1022
-18, 5, 1020
-20, 4, 1011
-23, -3, 1011
-10, 1, 1007
-2, 3, 990
-7, 0, 989
-27, 4, 1004
-21, 0, 999
-10, 6, 1013
-14, 2, 1016
-10, 5, 1017
-20, -5, 1021
-3, -2, 1005
-8, -2, 1012
-8, 3, 1007
-17, 0, 1005
-11, -1, 1011
4, 3, 1022
-22, 7, 1018
-13, 1, 998
-1, 9, 1008
-7, 6, 998
-12, 4, 998
-14, 6, 1026
-14, -3, 1002
-18, 6, 992
-18, 4, 1016
-18, 0, 1024
-6, -3, 1014
-6, 1, 1004
-21, -3, 1018
-10, -1, 1022
-8, 1, 1021
-12, 1, 1004
-21, 2, 1033
-21, -3, 1020
-19, -1, 996
-8, 0, 1000
-16, 3, 1013
-25, 0, 1022
-18, 2, 1005
-24, 1, 1007
-20, -1, 1002
-1, 1, 1009
-11, 3, 997
-14, 0, 1016
-16, 3, 1024
-16, -6, 1020
-15, 5, 995
-10, 0, 1014
-15, -3, 1015
-12, -7, 1031
-6, 4, 1010
-5, 1, 998
-7, -1, 1012
-11, 3, 1012
4, 3, 1007
-15, 2, 998
-15, 6, 1006
-20, 5, 1011
-10, 6, 1001
-11, 0, 1017
-8, 10, 999
-8, 5, 988
-5, 7, 976
-11, 3, 993
-16, 4, 1009
-20, 1, 993
-11, 4, 1020
2, -3, 1018
-2, -2, 1011
-17, 1, 1005
-14, 1, 998
0, 2, 1000
-13, 6, 1014
-15, -2, 1014
-10, 2, 999
-17, 3, 987
-31, -2, 1007
-18, -1, 976
-9, 0, 994
-14, 4, 997
-16, 2, 991
-17, 4, 982
-11, 0, 981
-12, 1, 1008
-10, 4, 988
-11, 6, 997
-6, 2, 1013
-3, -2, 1007
-7, -2, 1007
-20, 4, 1003
-11, 0, 1023
-13, 2, 1014
-9, 5, 1003
-8, 0, 1009
-15, 2, 1013
-8, 3, 1011
-15, -3, 1008
-13, 2, 1008
-23, 3, 1031
-20, -4, 1019
-16, -6, 1026
-16, 0, 1027
-21, 0, 1029
-17, -2, 1027
-15, -5, 1041
-23, 3, 1003
-16, 5, 995
-15, 5, 1002
-22, 1, 1018
-2, -1, 1012
-11, 1, 1006
-9, -1, 1007
6, 4, 1008
-8, 6, 993
-7, 0, 1016
-9, 5, 1027
1, 5, 1001
-14, 6, 1023
-17, 2, 1009
-15, 2, 1013
-15, -3, 1018
-16, 3, 1007
-19, 7, 997
0, -2, 999
-10, -6, 995
-7, 2, 993
-9, 3, 1008
-18, 5, 994
-19, -5, 1028
-10, -5, 1029
-8, 1, 1023
-7, 4, 1014
-17, 1, 1010
-13, 6, 1013
-14, -1, 1014
-16, 3, 1020
-15, 2, 1015
-16, 1, 995
-12, 3, 1013
-3, 3, 1016
-20, 5, 1009
-15, 3, 1018
-6, -3, 1024
-7, 8, 1001
-11, 2, 1000
-19, 4, 998
-14, 5, 1027
-18, 0, 1001
-15, 0, 1016
-15, 2, 1014
-14, 2, 1029
-6, 2, 1006
1, -2, 1002
5, 1, 1026
6, 0, 1008
-6, 0, 1008
-4, -5, 1019
-10, -6, 999
-9, 4, 1004
-25, 0, 1028
-14, 0, 985
1, 0, 997
4, 2, 999
-11, 6, 1004
-25, -1, 1020
-21, 3, 1015
-11, 2, 1012
-10, 1, 995
-15, -1, 1011
-14, -4, 1020
-17, 3, 996
-20, -3, 1009
-18, 6, 1016
-10, 1, 1009
-15, 7, 999
-16, 1, 1031
-22, -4, 1013
-11, -2, 999
-15, 2, 992
-19, 4, 989
-17, 2, 1017
-2, 1, 1009
-21, -4, 1023
-5, 0, 1011
-15, -1, 999
-13, 5, 1021
5, -2, 1016
3, -1, 1008
-1, 3, 1002
-14, 5, 1018
-19, 0, 1026
-4, -3, 986
10, 1, 994
-8, 6, 1000
-16, -3, 1017
-3, -6, 1001
-6, 3, 988
-16, 4, 1016
-8, -1, 1021
-12, 2, 989
-3, 1, 976
-14, -1, 1007
-17, 2, 1017
-24, -3, 1004
-6, 1, 1025
-14, 3, 1012
-4, 6, 1022
-18, 2, 1002
-11, 5, 987
-14, 13, 1034
-6, 4, 1025
-13, 2, 1011
-11, -2, 1023
-20, 1, 1011
-18, -3, 1001
-7, -3, 1005
-18, 7, 1002
-16, 2, 1017
-16, 0, 1018
-11, -1, 1003
-6, -3, 1004
-4, 1, 984
-14, 6, 1001
1, 4, 1005
-12, 2, 1008
-14, -2, 1004
-2, -4, 994
-12, 4, 999
-15, 3, 1025
-2, 3, 1016
-7, 3, 1001
-12, 4, 1017
-2, 2, 996
3, 4, 996
-7, 5, 1009
0, 3, 1012
-17, -2, 997
-19, -2, 1016
-23, 5, 1011
-6, -1, 1017
-11, -1, 992
-5, 7, 1010
-24, 3, 997
-14, 3, 1003
-12, 5, 1044
-33, 0, 1019
-16, -2, 1018
-3, -4, 1001
-6, 0, 1011
-2, 2, 1020
-11, 0, 998
-23, -6, 1026
-15, -6, 1030
-9, 1, 1007
-15, 1, 1010
-15, 3, 1004
-7, 2, 1003
-13, 3, 1009
-10, 2, 989
-14, 0, 998
-14, 1, 994
-12, 0, 1009
0, -4, 1004
-13, -5, 994
-19, 1, 993
-26, 0, 1000
-22, -4, 1014
-11, -1, 1020
-1, 3, 1007
-9, 4, 1014
-7, 5, 1016
-18, 1, 983
-10, 5, 1024
-25, -3, 1014
-14, 1, 1018
-8, 1, 1022
-1, 4, 1014
-17, -5, 1001
-4, 0, 1005
-15, -1, 1005
-14, 3, 1009
-25, -4, 1021
-14, -8, 1025
-6, -7, 1017
-1, -3, 1025
-10, 8, 1019
-15, 5, 997
-13, 0, 1009
-17, 2, 996
-14, -1, 1015
-23, -3, 1033
-28, 1, 1054
-29, 5, 1032
1, 3, 1019
-22, 5, 1013
-24, 0, 1015
-11, 3, 1027
-1, 6, 1016
-13, 6, 1015
-20, 6, 1012
-17, 7, 1034
-21, -1, 1029
-5, 4, 1015
-8, 1, 1013
-5, 2, 1014
-12, 2, 1007
-17, 0, 999
-12, 3, 1010
-11, 2, 1011
-17, 0, 1008
-20, 1, 1006
-15, 3, 1003
0, 3, 1001
-16, -1, 989
-8, 4, 997
-12, 2, 1020
-8, 0, 1003
-6, 2, 999
-9, -4, 991
-23, -8, 1002
-14, 0, 985
-5, 4, 986
-13, 3, 991
-19, 1, 994
-24, 5, 998
-5, 1, 1009
-7, 5, 994
-14, 0, 1017
-18, -2, 1032
-22, 3, 1010
-7, 1, 1025
-13, 2, 1016
-24, 8, 1019
-29, 8, 1013
-21, 7, 1014
-17, 1, 1000
5, 7, 993
-5, 6, 1000
-15, 0, 1014
-16, 3, 1020
-15, 2, 996
-22, 1, 1017
-10, -5, 1003
-5, 1, 1021
-3, 3, 1026
-14, 1, 1027
-14, 0, 996
-16, -2, 1010
-16, -2, 1007
-24, 0, 996
-9, 0, 1019
-14, -1, 1015
-18, 3, 1022
-21, 1, 1019
-21, 4, 1021
-18, 2, 1019
-12, 3, 1011
-13, 5, 1018
-9, 7, 1000
-13, 6, 1010
-2, 5, 998
-15, 5, 1000
-1, -1, 1015
2, -4, 1010
-9, -7, 1016
-17, -1, 1026
-9, 3, 1003
-15, -2, 1009
-20, 3, 1031
-3, -1, 1009
-10, -8, 1012
-16, -2, 1010
-17, -3, 1012
-20, -4, 1008
-25, -2, 997
-23, 3, 998
-14, 1, 1004
-12, 0, 1009
-18, -2, 1027
-25, -2, 1003
-27, -4, 1005
-24, 4, 1000
-10, 3, 1003
-11, 3, 1030
-25, 2, 1018
-16, 0, 1013
-6, 1, 1004
-5, -3, 1007
-18, -6, 1004
-8, -2, 1007
-6, 5, 989
-10, 0, 1016
-10, -6, 1009
-14, 5, 1000
-19, 7, 1002
-28, -4, 1013
-20, -2, 1035
-14, -2, 1026
-20, -1, 1018
-19, 6, 1005
-7, 2, 1009
-14, 0, 999
-11, 5, 1023
-8, 6, 1023
-21, 4, 996
-11, 2, 1016
-12, 1, 1013
-4, 8, 1005
-7, 5, 1003
-8, 0, 1027
-22, 2, 998
-17, -2, 1016
-8, 1, 1009
-17, 7, 998
-5, 2, 992
-12, 2, 989
-9, 5, 1033
1, 6, 999
-15, -1, 1015
-27, 7, 1014
-6, 3, 1009
-15, 4, 1008
-12, 3, 1012
-16, 1, 998
-12, 2, 1001
-22, 2, 986
-8, 4, 991
-3, 0, 1015
-11, 0, 1020
-4, 3, 1004
-16, 4, 1027
-17, -2, 1017
-20, 2, 1014
-11, -1, 1006
-19, 7, 994
5, 9, 990
-11, 8, 1028
-16, -3, 1000
-14, 1, 1019
-8, 0, 998
-12, 1, 1003
-10, 2, 1009
-6, -2, 1019
-8, -5, 1004
-13, 2, 982
-27, -2, 1007
-23, 4, 1018
-5, 2, 1022
-6, -1, 1021
-14, -7, 1006
-15, -8, 1021
-22, 1, 1030
-19, -5, 1027
-11, -10, 1038
-6, -3, 1035
-13, 1, 1022
-16, 0, 1001
-4, -1, 997
-19, 7, 988
-11, 1, 1015
-5, 2, 989
-14, 4, 1014
-4, -1, 1004
-7, -1, 993
-8, 3, 990
3, 4, 1007
-11, 2, 1006
-21, 6, 1024
-25, 2, 1022
-24, 3, 998
-12, 4, 1021
-10, 5, 1009
-9, 1, 1005
-5, 1, 1010
-17, 5, 1002
-11, 8, 986
-21, 0, 1011
-13, -2, 1022
-12, -3, 998
-17, -2, 995
-4, -1, 1017
-18, -3, 1007
-10, -8, 1010
-1, -1, 996
-4, 5, 1006
-14, -1, 1001
-19, 0, 1023
-5, 6, 1004
-23, 0, 1011
5, -4, 1019
-6, 1, 1007
-12, -2, 1010
-1, 1, 1004
-16, 0, 1007
-6, 0, 1016
-19, -1, 1006
-7, 0, 1013
-17, -3, 999
-32, 5, 1022
1, 6, 1014
-2, 1, 1015
-17, -4, 1002
-9, -3, 993
-3, 2, 991
-16, 0, 1018
-9, 2, 1008
-4, -8, 1023
-14, -2, 1024
-8, 1, 1021
-15, 1, 1000
-7, 9, 1007
-16, 7, 1015
-20, -4, 999
-18, 3, 1028
-21, -6, 1015
-7, -2, 1003
-19, 5, 1009
-18, -1, 1012
-19, -1, 1008
-16, 0, 1017
-17, 2, 1024
-8, -1, 1030
-10, 4, 1002
-22, 8, 992
-20, -7, 1024
-14, -1, 1009
-12, -2, 991
-19, 0, 986
-30, 1, 1019
-29, -1, 1016
-17, 2, 1015
-16, 3, 1016
-12, -3, 1009
-18, 0, 1019
-11, 4, 1008
-24, 10, 1007
-22, 3, 1022
-8, 3, 1015
-19, 3, 988
-18, 6, 978
-14, 0, 989
-15, 2, 1018
-30, 1, 993
-4, 0, 1004
-16, -1, 1009
-8, 1, 1018
-25, 4, 988
-9, -3, 1002
-10, 3, 1013
-22, 1, 1007
-8, 2, 998
-4, 1, 996
-2, -6, 1005
-7, 4, 991
-7, 4, 1009
-14, 3, 993
-4, -1, 996
-14, 4, 1009
-10, 1, 1003
-10, 1, 997
-11, 6, 1001
-10, 1, 1022
-3, 2, 1019
-10, 0, 1022
-4, 6, 1008
-11, 4, 1012
-8, 6, 1007
-20, 3, 1024
-14, 0, 999
-12, 4, 1019
-17, 2, 1000
-13, 2, 1003
-10, 0, 998
-8, 2, 994
-3, -6, 1025
-14, -7, 1026
-19, 5, 1034
-13, -3, 1028
-9, -4, 1012
-2, -6, 1000
-9, 7, 1010
-24, 7, 989
-11, 2, 996
-20, 8, 1028
-22, 0, 1012
-23, 0, 1014
-16, 3, 1010
-8, 2, 1033
-17, 0, 1006
-16, 0, 1014
-18, 1, 996
-11, 4, 998
-16, 2, 1001
-22, 2, 1020
-2, 3, 1014
-8, 6, 1011
-16, 4, 979
-8, 3, 1011
-15, 5, 1011
-23, 4, 1004
-26, 2, 1018
-20, 1, 1008
-14, 5, 1008
-23, -1, 1019
-24, 3, 1011
-22, 0, 995
-15, 0, 1002
-4, 6, 1036
-12, 0, 1010
-15, 7, 1008
-6, 3, 1006
-16, 5, 985
-11, 8, 1000
-11, 3, 1010
-9, 5, 1009
-14, 1, 1011
-13, 7, 1007
-14, -4, 1008
-6, 3, 997
-8, 1, 996
-13, 13, 1023
-22, 3, 1015
-16, 5, 1023
-16, 0, 1016
-7, -2, 1032
-6, 4, 1010
-2, 2, 1009
-15, 2, 990
-15, 1, 992
-19, -1, 991
-6, -2, 1006
-26, 0, 1003
-21, -3, 1033
-8, -1, 1026
-7, 3, 1011
-12, 1, 1023
-15, -1, 1016
-12, 8, 1011
-21, 3, 1025
-18, -4, 1014
-17, -1, 1018
-8, -2, 1020
-14, 4, 991
-12, 0, 989
-14, 1, 991
-29, 2, 1003
-21, 2, 1025
-14, 0, 1014
-27, -1, 993
-2, 2, 992
-8, 4, 995
-13, 3, 1011
-2, 5, 1013
-9, 2, 1006
-19, 4, 1021
5, -1, 1005
-2, 0, 1000
-8, 5, 1005
-14, 0, 1007
-11, 1, 1017
-20, 2, 1029
-18, -6, 1009
-1, -1, 1003
-2, 2, 1020
-20, 7, 1004
-15, -2, 998
-17, 1, 1003
-9, 4, 1014
-17, 2, 1010
-10, 0, 1000
-2, 4, 1006
-20, 4, 999
-4, -1, 1016
-4, 7, 1017
-10, 1, 1004
-10, 6, 1022
-9, -2, 1006
-18, 1, 1009
-8, 6, 1000
-9, 1, 1001
-11, 8, 1023
-15, 0, 1013
-15, 1, 1004
-14, 0, 1019
-11, 0, 1020
4, 4, 1004
-12, -4, 1002
-16, 2, 993
-8, 7, 1020
-17, 0, 1010
4, 2, 991
-13, -3, 1002
-8, 2, 980
-2, 2, 1025
-12, -2, 990
-11, 4, 1013
-25, 6, 1000
-17, 1, 1020
-15, -1, 1021
-19, 1, 999
-9, -5, 987
-23, 3, 1009
-15, -6, 1019
-6, -4, 1015
-12, 1, 1008
-15, -2, 999
-16, -2, 1012
-23, 6, 1006
-16, 2, 1013
-21, 1, 996
-14, 4, 1007
-17, -2, 1008
-21, 3, 1014
-29, 4, 1003
-15, 1, 1002
-20, -2, 1019
-19, 1, 990
-3, 4, 1016
-16, 5, 1008
-27, 6, 1004
-1, 6, 1021
-3, 4, 1005
-26, -7, 1013
-12, -3, 1011
-13, 3, 1007
-20, 4, 1020
-14, -2, 1026
-17, -7, 1019
-19, -8, 1022
-16, -3, 1009
-16, 3, 1017
-20, -4, 1022
-6, -1, 1002
-15, 0, 1011
-17, 2, 1004
-22, -4, 1021
-12, 7, 1015
-17, -3, 1025
-11, -6, 1023
-8, -5, 1018
-13, 5, 1019
-5, 3, 1008
-7, -4, 1006
-9, 3, 1007
-2, 3, 1030
-11, 2, 1018
-4, 3, 991
-8, 4, 1006
-4, 3, 1026
-7, 1, 996
-13, 0, 1017
-20, -1, 1017
-14, -2, 1033
-9, 4, 1016
-6, -1, 1022
-18, 5, 1003
-8, 7, 1004
-4, 0, 1016
-14, -2, 1025
-16, 4, 1003
-13, 1, 1016
-17, -2, 1003
-14, 4, 1003
-10, 7, 1002
-4, 6, 1002
-14, 4, 1001
-2, -2, 986
-3, 1, 997
-12, 6, 1008
2, 3, 1003
-8, 1, 1024
-23, 2, 1016
-8, 6, 998
-17, 7, 1036
-16, 3, 1036
-15, -1, 1027
-11, -1, 1024
-10, 3, 1014
-5, 3, 1015
-13, 0, 1008
-6, -1, 1021
-17, 1, 1008
-13, 2, 1004
-16, 8, 1004
-16, 9, 1013
-26, 3, 1004
-21, 4, 1017
-6, -1, 1006
-12, -4, 992
-18, -1, 1006
-3, -1, 992
-13, 4, 1025
-19, -1, 1015
-23, 6, 997
-14, 5, 1008
-14, 4, 1015
-23, 3, 999
1, -5, 1001
-13, 7, 1009
-21, -1, 998
-19, 4, 1017
-9, -1, 992
-17, -6, 1004
-12, -3, 1012
0, 3, 1006
-18, 8, 1024
-7, -3, 995
-5, -4, 1000
-8, 4, 991
-16, 3, 1006
-9, -1, 1020
-11, 5, 991
-7, 7, 1016
-4, 9, 999
-1, 2, 998
-20, 3, 1019
-16, -4, 998
-14, 4, 1006
3, 1, 995
-10, 1, 990
-11, 3, 1000
-13, -1, 1011
-11, -1, 1015
0, 4, 1027
-12, 7, 1021
-10, 3, 1015
-14, 7, 1009
-11, 2, 1006
-18, 1, 1032
-11, 2, 1017
-9, 3, 1019
-15, 1, 1019
-9, 0, 1026
-23, 5, 996
-15, 0, 1016
-19, -3, 1017
-19, -1, 984
-3, 7, 1019
-3, 2, 1007
-16, -4, 1006
-24, 0, 1004
-4, -1, 1017
-9, -8, 1008
-3, -1, 1000
-17, 13, 1020
-9, -2, 994
-16, 3, 1023
-14, 2, 1005
-14, 2, 1010
-12, 2, 1002
-16, 0, 1002
-16, 0, 1007
-17, 1, 1015
-15, 0, 1019
-12, 1, 1017
-11, 4, 1012
-10, 3, 1019
-16, 0, 1013
-9, 4, 1020
-7, 1, 1012
-18, -3, 1019
-1, -1, 1011
-2, 3, 1011
-21, 9, 1005
-16, 6, 1004
-10, 4, 987
-12, 3, 1003
-14, 2, 1008
-12, 0, 1006
-15, 3, 1008
-18, 3, 1000
-15, 1, 994
-16, 3, 1000
-19, 1, 998
-21, 5, 1004
-13, 1, 1011
-14, 3, 1003
-19, 3, 1012
-25, 0, 1032
4, -1, 996
-2, 3, 985
-6, 4, 1001
-4, 5, 1023
-8, 5, 1002
-13, 5, 1013
-23, 1, 1027
-5, -4, 1036
-20, -4, 1013
-26, 0, 1006
-37, 3, 1017
-24, -3, 1007
-26, 0, 1024
-21, 5, 1007
-18, 4, 1016
-1, 4, 993
-8, 5, 1015
-7, 0, 1003
-4, -5, 1018
-12, -7, 991
-7, 1, 1018
-12, 8, 1008
-13, 3, 1001
-1, 5, 988
-18, 2, 985
-3, 3, 998
-6, 2, 1008
-14, 4, 1003
-20, 5, 1029
-19, -6, 1024
-19, -6, 1012
-19, 2, 1016
-23, 3, 1019
-21, 2, 1000
-13, 3, 993
-23, 2, 1024
-27, 1, 1022
-2, -2, 1030
-14, -2, 994
-27, -3, 1003
-24, -7, 1009
-25, 1, 1001
-22, -2, 1003
-11, 2, 1011
-28, 3, 1029
-12, 2, 1012
-18, 3, 1015
-17, 4, 1002
-19, 2, 1013
-4, 2, 1021
-7, -1, 1019
-15, -3, 1024
-19, -1, 1024
-20, 5, 999
-23, -1, 1001
-18, 3, 993
-9, 7, 1019
-17, 9, 1006
-20, -1, 999
-15, 4, 998
-25, 2, 998
-20, -2, 992
-14, 0, 1001
-20, 7, 991
-17, 5, 1015
-8, 1, 1030
-7, 4, 996
-15, 1, 1013
-9, 4, 1007
-16, -3, 1004
-13, 3, 1009
-17, 0, 993
-3, 4, 992
-15, 6, 1006
-10, 2, 1020
-12, 11, 998
-10, 7, 1009
-24, -1, 1021
-14, -1, 1018
-2, 3, 1008
-4, 3, 1004
-22, -2, 1018
-13, -1, 1022
-12, 5, 1006
-23, 1, 1007
-18, 5, 1023
-10, 0, 1005
-10, 0, 1006
-18, 1, 1022
-16, 0, 1003
-2, 2, 1025
-17, 1, 1015
-8, 2, 1005
-14, 3, 1009
-15, 3, 995
-13, 3, 1007
-22, -3, 1017
-18, -5, 1029
-12, -3, 1020
-5, 3, 1025
-7, 7, 1001
-7, 5, 1008
-23, 2, 994
-11, 7, 1008
-20, -1, 1022
-15, -4, 1028
-5, 0, 1023
-14, 1, 1012
-19, 0, 1010
-20, 5, 1000
-18, 2, 1015
-9, 0, 1005
-10, 2, 1025
-12, -7, 1011
-10, -5, 1010
-13, 3, 1011
-22, 0, 998
-10, -1, 1004
-11, 3, 1014
-3, 1, 1005
0, -4, 1020
-13, -4, 997
-30, 0, 1003
-14, 0, 1014
-6, -1, 1011
-2, -2, 1002
-24, 5, 993
-25, -3, 990
-16, 0, 998
-13, 5, 1014
-16, -1, 1013
-7, 4, 1001
-14, -2, 1006
-8, 1, 1014
-16, -3, 1018
-16, 2, 993
-7, 4, 984
-18, 2, 1008
-6, -3, 1003
-5, 12, 1001
-10, -1, 1011
-18, 1, 1004
-17, 1, 1024
-11, -3, 996
-16, 3, 987
-10, -1, 982
-23, 4, 1000
-14, -2, 1004
-10, 0, 995
-14, 0, 1012
-19, 3, 1040
-18, 3, 1020
-21, 5, 1003
-10, -3, 1007
-8, 3, 984
-5, 1, 1004
-19, 3, 1004
-10, 4, 1013
-20, 2, 1008
-19, 2, 1035
-18, -6, 1013
-5, -3, 1015
1, -1, 999
-8, 4, 999
-12, -4, 998
-6, 2, 1001
-20, -1, 1017
-1, 0, 1031
-18, 6, 1012
-13, 0, 1009
-10, 3, 995
-5, 3, 1008
-20, -1, 1001
-7, -7, 1003
-24, -6, 1016
-16, 1, 1020
-18, -5, 1028
-11, -1, 1012
-10, -1, 1023
-11, 0, 1004
-20, -1, 1021
-11, 5, 1009
-11, -6, 1011
-12, 6, 996
-17, 2, 1016
-17, 1, 1029
-5, 6, 1010
-22, 1, 1004
-12, 0, 1021
-24, 10, 991
-5, 6, 1015
-13, 5, 1006
-16, 7, 1009
-13, 0, 1005
-18, 0, 1019
-19, -2, 1022
2, -1, 1008
-8, 2, 1001
-14, 0, 1025
-11, -2, 1024
-14, -3, 1010
-17, 2, 1017
-8, 2, 1012
-11, 4, 1007
-14, 0, 1014
-10, 4, 1007
-12, 1, 1008
-10, 3, 997
-19, -1, 993
-18, 1, 994
-7, -1, 987
-25, 8, 995
-13, 1, 1000
-15, 9, 995
-18, 4, 1014
-14, 0, 1010
-12, 1, 1024
-21, -3, 1012
-13, -2, 1009
-10, 2, 997
-20, 0, 1032
-23, 6, 1021
-21, -3, 1019
-7, -3, 1022
-17, 2, 995
-9, -3, 1014
-17, -3, 1010
-18, 2, 1017
-6, 3, 991
-9, 3, 1016
-6, 6, 1024
-6, 4, 989
-9, -2, 1023
-13, -5, 1009
-24, -6, 1016
-26, 1, 978
-1, 2, 1017
-21, 5, 1007
-5, 1, 1008
-20, 3, 1004
-3, 3, 1003
-18, 2, 1003
-8, 1, 1004
-5, 3, 1010
-10, -1, 1018
-14, 8, 998
-11, 3, 1002
-14, 5, 1004
-18, 3, 1008
-1, 3, 1032
-11, -3, 1017
-18, -2, 1026
-16, -1, 996
-11, 4, 1018
-21, -1, 1015
-10, 3, 1019
-18, 1, 1008
0, 2, 1007
-13, 7, 1004
-9, 5, 999
-4, 2, 996
-13, 4, 989
-8, 10, 998
-10, 2, 1001
-9, 3, 987
-6, 7, 1016
-17, 7, 1004
-16, 2, 1020
-10, 2, 1003
-15, 3, 999
-13, 1, 999
-4, -9, 1004
-7, -1, 1007
-23, 3, 1016
-23, -2, 1025
-16, -8, 1034
-7, -6, 1022
-17, 0, 1006
-4, -4, 1005
-6, 0, 1003
-8, 6, 1016
-14, 2, 1003
-16, -2, 1030
-9, 0, 1025
-9, 4, 1008
-21, 5, 1016
-5, -2, 1026
-7, 2, 1002
0, -5, 1015
-13, -2, 1024
-14, -2, 989
-31, 4, 989
-8, -1, 1000
-3, -3, 994
-23, 4, 1008
0, -2, 994
-2, -5, 996
-13, -8, 1006
-12, 4, 996
-8, 6, 1000
-14, 3, 1002
-8, 2, 990
-7, 2, 1014
-11, 6, 1012
-14, -2, 1019
-21, 5, 1010
-8, 3, 1019
-18, 1, 1011
-11, 1, 997
-23, -4, 1006
-19, 5, 1024
-14, -3, 1019
-23, -5, 1035
-11, -2, 1022
-16, 6, 1021
-22, 6, 1027
-17, -3, 1013
-12, -1, 1020
-15, 7, 993
-20, 7, 1011
-20, 1, 1019
-18, -1, 994
-14, -5, 1006
-13, -7, 998
-17, 1, 1003
-11, 0, 993
-15, -1, 989
-18, -1, 1007
-17, 0, 1016
-15, 0, 1009
-24, 3, 1022
-9, 3, 997
-8, 4, 987
-14, 3, 1014
-17, 4, 1013
-16, -7, 1015
-2, -5, 1023
-17, 2, 1008
-10, 0, 1000
-19, 3, 1007
-22, 7, 1003
-12, 0, 1009
-12, -1, 1016
-15, -1, 1005
2, 4, 1010
-8, 1, 1009
-16, 2, 1014
-3, 2, 999
-3, 3, 1000
-4, 2, 993
-18, 2, 1002
-11, 0, 995
-17, 7, 1007
-20, 4, 998
-10, 2, 1007
-7, 0, 1029
-6, -1, 1014
-13, -5, 1022
3, 3, 990
-7, -1, 1013
-1, -3, 1022
-6, -5, 1018
-9, -3, 997
-24, 3, 999
-23, 4, 1015
-5, 3, 1027
-24, 6, 1012
-14, 6, 1005
-17, 4, 1010
-15, 1, 1026
-7, -2, 1012
-14, -3, 995
-19, -5, 1005
-21, 7, 1014
-7, 1, 1010
-12, -5, 1011
-13, 1, 997
-17, -4, 1017
-18, 1, 1015
-21, 1, 1023
-2, 9, 1002
-20, 4, 1022
-8, 8, 998
-3, 5, 1000
-18, 2, 995
-15, 1, 1004
-18, 3, 999
-7, 0, 999
0, -5, 1026
-11, 1, 1002
-17, -6, 1018
-17, -4, 1022
-23, -1, 999
-24, -3, 1010
-19, 1, 1015
-13, 3, 998
-19, -3, 1003
-17, 0, 1008
-11, 2, 1011
-2, -4, 1008
-5, 6, 1010
-14, 7, 1009
-15, 2, 1008
-18, 5, 994
-7, 6, 996
-3, -4, 1023
-15, -6, 1023
-20, 1, 1039
-18, -3, 1019
-19, -8, 1033
-14, -4, 1027
-12, 5, 1008
-18, 5, 1012
-9, 4, 998
-7, -1, 1007
-3, -2, 989
-22, 1, 1015
-19, -2, 1000
-8, -4, 1007
0, 1, 998
-14, 3, 1024
-13, -5, 1022
-15, 3, 998
-21, 2, 999
-17, -2, 1003
-19, -4, 1027
-23, 1, 1003
-12, 1, 1026
-11, -3, 1016
7, 2, 1003
-14, 5, 1022
-14, 3, 1007
-2, 6, 997
-14, 5, 1015
-14, 4, 1015
-14, 6, 1010
-8, 3, 996
-2, 0, 1010
-11, 0, 1008
-19, 0, 994
-23, -6, 994
-27, 5, 999
-13, 1, 989
-13, 2, 999
-15, 2, 1009
-8, 0, 1014
-17, 1, 1003
-1, -1, 1005
-18, 1, 1010
-2, 2, 1021
-5, -4, 1014
-14, 5, 1013
-12, 3, 1011
-12, 4, 1004
-16, -2, 1013
-17, -1, 1001
-10, 6, 1023
-8, 8, 996
-19, 6, 1006
-24, 2, 1009
-13, -1, 1015
-10, 4, 1009
-21, 4, 1006
-25, 1, 1018
-17, 5, 1025
-19, -1, 1021
1, -6, 998
-17, 1, 1012
-17, 7, 1008
-24, -1, 1014
-18, -1, 1026
-15, 1, 1021
5, -3, 1008
-2, 1, 1011
-2, -6, 1022
-10, -2, 986
2, 0, 1010
-20, 0, 1013
-5, 0, 1009
-4, 5, 1017
-12, 2, 1026
-3, 6, 1003
0, 4, 1010
-7, 7, 1000
-18, 1, 1008
-14, 2, 1005
-22, 2, 1023
-26, 1, 1005
-7, -2, 996
-10, 4, 1012
-12, 5, 1022
1, 0, 1008
-10, -3, 1014
-15, 3, 1006
-15, 5, 1009
-7, 4, 1012
-14, -1, 1004
-10, 5, 1002
-16, 3, 1014
-14, 1, 1008
3, 0, 996
-18, 5, 992
-15, 4, 1007
-8, 7, 1013
-18, 4, 1009
-8, 2, 1002
-15, 5, 1003
-10, -2, 997
-27, -2, 1019
-15, 4, 1011
0, 3, 1018
-17, -3, 996
-20, 1, 995
-17, -1, 1006
-6, 4, 1000
-9, 2, 992
-16, 1, 989
-17, 4, 1027
-21, 8, 993
-24, 8, 1005
-13, -2, 1003
-11, -3, 1003
-21, -4, 1003
-4, 5, 1018
-25, -2, 1020
-4, -1, 1009
-10, -1, 1016
-11, 5, 1022
-1, 1, 997
-7, 7, 990
-18, 5, 1001
0, 2, 995
-7, 3, 997
-20, 2, 999
-23, -3, 1006
-24, -4, 989
-7, 3, 995
-5, 0, 1028
-12, 7, 989
-20, -1, 1010
-21, 0, 1021
-17, 0, 1024
-14, 3, 1007
-11, -1, 1020
-12, 5, 1020
-9, 3, 999
-22, 2, 1010
-24, 1, 1004
-14, -2, 1021
-14, -3, 1014
-16, -1, 1023
-1, 1, 1030
-8, 2, 1007
-10, 4, 1003
-2, 0, 990
-4, 2, 1008
-11, 2, 1000
-5, 0, 992
-25, 7, 1000
-21, -2, 997
3, 4, 1010
-8, 5, 1001
-18, 4, 1004
-10, 3, 999
-15, 7, 995
-9, 0, 1002
-19, 7, 991
-15, 6, 1004
-9, 1, 1027
-10, -2, 1034
-21, 2, 1018
-18, 3, 998
-15, 3, 1005
-10, 4, 1025
-16, 9, 997
-21, 7, 1027
-14, -3, 1012
-3, -2, 996
-17, -2, 1009
-20, 2, 1030
0, -2, 1010
-9, -1, 1007
-5, 1, 1009
-10, 0, 1009
-7, -1, 1009
-9, 8, 1002
-15, 1, 1010
-12, 0, 1021
-4, -1, 1008
-19, 6, 995
-11, 5, 1005
-16, -1, 1017
-20, -4, 1023
-23, -1, 998
-22, 3, 997
-20, 6, 1017
-9, 4, 1009
-12, 6, 997
-21, 2, 1015
-16, 1, 1001
1, -4, 986
-3, 5, 1004
-11, 2, 1009
-5, 3, 994
-17, 4, 1016
-7, 1, 1018
-13, 7, 1018
-11, 0, 1001
-5, 0, 1029
-14, 2, 1004
-18, 1, 1028
-17, -3, 1029
-17, -2, 1024
-12, 3, 1005
-15, 0, 1024
-29, 3, 1026
-29, -1, 1036
-12, 2, 1010
-8, 5, 1009
-23, 6, 1013
-13, -1, 996
-16, -8, 991
-2, 2, 1005
-17, 2, 1009
-8, -1, 1002
-11, -2, 1022
-19, 7, 1000
-12, 1, 1013
-14, -4, 1005
-3, 3, 1001
-7, -2, 1018
-13, -2, 1009
-17, 2, 1016
-16, 0, 996
-11, 1, 995
0, -1, 997
-16, 5, 1006
-18, 3, 1015
-15, -2, 1025
0, 0, 1025
-10, 2, 989
-18, -2, 1004
-15, -3, 1019
-22, -4, 1025
-2, -1, 1015
-8, 4, 1025
