-101, -19, -957
-97, -18, -946
-86, -6, -974
-90, -13, -960
-93, -10, -966
-89, -11, -963
-79, -8, -970
-93, -13, -946
-105, -12, -963
-93, -15, -972
-97, -11, -962
-82, -14, -944
-94, -13, -969
-112, -12, -978
-101, -16, -957
-96, -14, -974
-95, -8, -970
-110, -12, -941
-96, -12, -944
-102, -14, -951
-105, -19, -963
-95, -11, -971
-107, -13, -962
-112, -8, -974
-112, -3, -953
-99, -12, -962
-94, -16, -949
-98, -8, -943
-102, -14, -991
-111, -10, -956
-95, -18, -945
-107, -13, -961
-99, -12, -959
-84, -11, -974
-91, -10, -944
-93, -12, -957
-97, -15, -1001
-101, -9, -951
-99, -15, -957
-101, -10, -949
-91, -13, -952
-91, -10, -970
-93, -10, -970
-92, -8, -971
-103, -13, -972
-97, -4, -972
-95, -4, -972
-98, -12, -962
-102, -13, -984
-101, -14, -970
-100, -18, -966
-95, -13, -956
-90, -10, -959
-100, -13, -963
-98, -10, -967
-89, -6, -964
-97, -15, -969
-96, -12, -970
-104, -18, -965
-103, -5, -959
-98, -2, -956
-107, -12, -966
-102, -10, -981
-98, -17, -963
-100, -14, -956
-95, -8, -966
-106, -11, -953
-97, -7, -969
-95, -15, -953
-92, -16, -962
-94, -13, -951
-106, -12, -955
-105, -15, -962
-99, -4, -969
-88, -7, -982
-87, -7, -973
-98, -4, -967
-99, -16, -963
-97, -13, -962
-99, -18, -946
-106, -9, -962
-106, -11, -957
-107, -12, -953
-95, -13, -953
-89, -14, -946
-79, -10, -958
-99, -9, -954
-105, -11, -958
-98, -6, -961
-84, -15, -961
-86, -12, -964
-103, -12, -942
-100, -18, -962
-97, -14, -969
-107, -16, -959
-92, -17, -952
-96, -16, -948
-99, -7, -953
-108, -7, -967
-106, -15, -970
-103, -15, -975
-106, -12, -977
-86, -16, -966
-98, -14, -953
-107, -17, -967
-95, -14, -962
-87, -4, -966
-92, -10, -971
-96, -12, -958
-106, -11, -980
-97, -17, -956
-99, -18, -947
-91, -17, -934
-99, -19, -935
-108, -13, -948
-118, -15, -950
-99, -10, -946
-95, -14, -955
-93, -13, -956
-103, -15, -964
-107, -8, -962
-100, -16, -967
-95, -16, -968
-89, -11, -956
-85, -13, -949
-75, -16, -953
-93, -16, -970
-100, -12, -949
-114, -9, -955
-102, -13, -957
-93, -9, -960
-95, -7, -953
-100, -13, -973
-100, -7, -969
-82, -12, -970
-93, -14, -969
-84, -17, -958
-94, -15, -953
-87, -11, -950
-99, -15, -946
-107, -15, -946
-117, -13, -934
-100, -14, -953
-101, -11, -952
-93, -13, -958
-89, -9, -969
-91, -11, -964
-89, -10, -966
-101, -10, -964
-92, -10, -990
-100, -11, -970
-93, -10, -978
-92, -13, -961
-98, -7, -974
-101, -17, -965
-92, -16, -951
-93, -12, -953
-98, -12, -941
-105, -14, -962
-102, -8, -981
-108, -7, -983
-104, -14, -985
-103, -12, -982
-97, -19, -971
-107, -15, -967
-87, -11, -949
-102, -13, -946
-96, -9, -950
-98, -14, -967
-99, -10, -972
-92, -17, -987
-104, -13, -991
-113, -7, -980
-94, -9, -987
-106, -10, -972
-88, -6, -967
-104, -5, -963
-88, -11, -961
-93, -13, -972
-99, -10, -955
-102, -15, -955
-95, -9, -953
-106, -11, -950
-100, -13, -972
-91, -8, -963
-104, -6, -982
-96, -14, -960
-102, -14, -969
-104, -9, -957
-98, -7, -972
-91, -13, -976
-89, -9, -946
-96, -10, -973
-102, -12, -986
-105, -7, -951
-93, -12, -965
-81, -8, -961
-84, -13, -955
-85, -15, -973
-93, -8, -954
-94, -9, -963
-91, -21, -980
-99, -19, -980
-95, -9, -972
-101, -15, -985
-96, -9, -990
-93, -17, -971
-98, -13, -950
-99, -14, -984
-101, -9, -968
-100, -12, -948
-94, -10, -955
-97, -2, -957
-102, -6, -943
-100, -14, -965
-106, -10, -955
-99, -13, -975
-99, -16, -971
-85, -12, -958
-86, -12, -952
-89, -13, -967
-101, -20, -970
-106, -9, -966
-109, -5, -977
-95, -15, -956
-100, -18, -948
-98, -12, -973
-103, -18, -970
-97, -13, -967
-87, -15, -972
-95, -14, -983
-111, -6, -951
-100, -9, -955
-97, -12, -984
-90, -11, -967
-91, -14, -970
-101, -12, -975
-92, -18, -945
-95, -19, -960
-94, -14, -971
-95, -15, -969
-97, -9, -983
-101, -11, -977
-106, -10, -969
-87, -10, -988
-92, -13, -965
-108, -18, -947
-92, -9, -966
-103, -10, -959
-95, -19, -979
-103, -22, -959
-93, -13, -971
-86, -13, -960
-101, -11, -956
-101, -13, -971
-97, -16, -970
-102, -13, -975
-102, -10, -977
-106, -12, -962
-96, -12, -962
-98, -13, -968
-90, -14, -975
-102, -11, -967
-105, -8, -962
-94, -8, -956
-93, -15, -960
-91, -17, -955
-107, -17, -968
-95, -13, -966
-92, -6, -968
-90, -10, -991
-91, -9, -980
-101, -11, -974
-103, -14, -958
-107, -10, -954
-105, -16, -943
-103, -11, -964
-96, -12, -966
-103, -10, -971
-98, -17, -961
-98, -8, -959
-114, -12, -972
-104, -14, -972
-107, -16, -967
-101, -13, -968
-87, -18, -976
-101, -8, -967
-80, -15, -967
-104, -17, -961
-107, -6, -960
-90, -12, -981
-87, -12, -959
-100, -14, -964
-106, -12, -979
-108, -14, -969
-102, -10, -954
-98, -12, -957
-99, -11, -956
-87, -10, -946
-100, -6, -977
-100, -5, -964
-93, -5, -960
-95, -7, -959
-88, -11, -949
-99, -13, -947
-100, -10, -961
-100, -12, -972
-95, -9, -971
-101, -23, -986
-97, -18, -993
-88, -12, -971
-97, -8, -977
-100, -17, -984
-94, -16, -970
-93, -7, -949
-92, -7, -957
-91, -10, -977
-99, -10, -971
-94, -12, -958
-89, -7, -953
-76, -10, -954
-94, -8, -971
-93, -1, -964
-97, -8, -969
-100, -8, -980
-106, -9, -972
-94, -6, -972
-100, -9, -958
-104, -19, -955
-93, -16, -948
-92, -9, -937
-75, -10, -941
-90, -13, -966
-105, -17, -978
-97, -11, -982
-95, -11, -962
-83, -6, -960
-89, -16, -978
-103, -17, -963
-95, -16, -970
-95, -12, -967
-89, -9, -953
-91, -9, -949
-94, -15, -969
-97, -14, -978
-91, -8, -968
-96, -12, -967
-100, -14, -985
-101, -18, -971
-102, -14, -972
-98, -21, -968
-103, -14, -968
-99, -11, -939
-101, -10, -948
-112, -18, -967
-104, -10, -966
-93, -20, -960
-101, -14, -963
-95, -16, -942
-88, -5, -957
-85, -11, -964
-94, -11, -970
-85, -13, -964
-93, -10, -947
-101, -13, -950
-104, -11, -945
-99, -16, -955
-93, -14, -970
-86, -3, -974
-98, -11, -966
-95, -14, -968
-91, -4, -953
-79, -8, -937
-96, -13, -958
-88, -17, -996
-81, -8, -986
-89, -11, -961
-97, -15, -955
-95, -17, -979
-97, -9, -976
-89, -6, -971
-97, -15, -978
-98, -16, -957
-87, -9, -959
-88, -14, -956
-94, -9, -960
-80, -8, -980
-88, -6, -987
-80, -10, -981
-95, -13, -971
-96, -12, -963
-97, -8, -974
-109, -9, -971
-98, -9, -967
-99, -9, -974
-94, -16, -996
-96, -12, -966
-98, -10, -944
-78, -17, -947
-88, -18, -976
-97, -12, -976
-102, -13, -944
-105, -14, -962
-98, -16, -953
-83, -11, -970
-104, -12, -954
-90, -10, -982
-97, -8, -969
-94, -9, -950
-101, -10, -940
-103, -13, -957
-106, -16, -962
-103, -6, -982
-106, -12, -991
-100, -21, -977
-91, -19, -968
-99, -14, -970
-113, -11, -967
-99, -6, -981
-84, -7, -964
-75, -12, -963
-98, -8, -965
-93, -9, -954
-97, -14, -966
-94, -12, -959
-98, -11, -963
-107, -11, -966
-105, -9, -976
-107, -16, -979
-94, -16, -960
-102, -12, -968
-105, -5, -982
-90, -16, -992
-96, -15, -970
-93, -12, -962
-95, -10, -975
-103, -19, -978
-103, -4, -982
-95, -8, -981
-101, -11, -977
-100, -7, -977
-94, -10, -973
-96, -12, -967
-95, -13, -971
-115, -10, -967
-102, -9, -960
-100, -10, -965
-99, -12, -958
-100, -8, -968
-98, -10, -969
-89, -10, -968
-97, -9, -966
-112, -14, -987
-101, -15, -971
-82, -13, -963
-89, -4, -953
-95, -7, -938
-84, -19, -971
-94, -10, -967
-85, -8, -955
-95, -12, -973
-100, -14, -963
-97, -16, -969
-97, -7, -976
-93, -6, -966
-92, -10, -973
-106, -13, -967
-110, -12, -966
-102, -10, -965
-101, -5, -963
-97, -15, -955
-83, -14, -959
-110, -13, -969
-100, -8, -974
-96, -9, -961
-82, -11, -950
-98, -15, -955
-98, -13, -983
-93, -9, -977
-88, -11, -962
-106, -12, -973
-98, -11, -971
-99, -10, -976
-94, -8, -973
-98, -14, -953
-99, -14, -968
-107, -4, -971
-95, -8, -932
-95, -12, -967
-102, -18, -976
-100, -14, -957
-89, -16, -947
-105, -10, -957
-101, -12, -954
-93, -11, -963
-99, -17, -946
-89, -16, -965
-106, -11, -948
-105, -14, -967
-100, -14, -968
-103, -15, -963
-108, -16, -963
-104, -15, -950
-92, -16, -936
-85, -10, -945
-97, -9, -971
-96, -10, -966
-92, -14, -959
-90, -17, -951
-84, -19, -937
-94, -10, -970
-101, -11, -968
-108, -12, -967
-97, -14, -969
-105, -16, -971
-94, -11, -961
-100, -14, -931
-92, -7, -966
-87, -13, -986
-82, -14, -980
-102, -16, -970
-98, -10, -965
-96, -12, -948
-78, -7, -961
-88, -13, -984
-100, -8, -968
-103, -8, -970
-93, -8, -953
-86, -8, -956
-101, -5, -983
-92, -8, -986
-98, -7, -985
-102, -14, -964
-99, -14, -958
-95, -11, -966
-105, -12, -970
-105, -7, -967
-108, -6, -966
-105, -8, -946
-95, -14, -958
-84, -6, -977
-90, -7, -960
-89, -10, -986
-95, -10, -977
-91, -9, -962
-110, -8, -971
-98, -11, -982
-99, -15, -982
-100, -2, -977
-89, -12, -972
-85, -10, -982
-107, -9, -981
-104, -11, -977
-93, -15, -972
-91, -10, -964
-88, -12, -941
-106, -12, -948
-103, -12, -972
-102, -14, -966
-99, -14, -974
-109, -15, -977
-103, -12, -959
-93, -16, -965
-95, -14, -961
-102, -11, -962
-109, -9, -970
-99, -9, -950
-98, -10, -957
-98, -8, -964
-94, -11, -969
-106, -8, -960
-113, -6, -960
-99, -7, -954
-110, -12, -960
-94, -13, -950
-102, -11, -949
-105, -12, -970
-100, -12, -977
-110, -12, -969
-98, -15, -961
-89, -12, -978
-96, -11, -980
-96, -15, -958
-85, -8, -975
-89, -15, -965
-92, -16, -956
-81, -11, -951
-98, -10, -956
-105, -17, -951
-94, -16, -964
-92, -11, -947
-86, -15, -958
-89, -11, -968
-105, -14, -985
-102, -11, -983
-103, -13, -961
-108, -12, -967
-85, -15, -963
-100, -15, -951
-101, -15, -967
-102, -7, -955
-99, -12, -956
-91, -12, -955
-96, -15, -955
-88, -11, -971
-90, -12, -952
-98, -17, -949
-103, -9, -966
-99, -9, -970
-89, -14, -951
-91, -15, -944
-105, -12, -984
-99, -14, -969
-98, -9, -979
-88, -7, -967
-91, -19, -969
-102, -23, -975
-97, -23, -959
-94, -7, -946
-98, 4, -970
-103, -11, -940
-105, -10, -942
-93, -17, -951
-90, -20, -976
-75, -17, -960
-78, -12, -960
-108, -12, -970
-94, -11, -965
-108, -5, -983
-101, 0, -979
-91, -4, -979
-94, -3, -983
-108, -9, -979
-102, -17, -949
-93, -14, -962
-95, -14, -947
-92, -2, -975
-89, 4, -964
-83, 3, -976
-92, -9, -941
-98, -17, -959
-104, -24, -937
-97, -30, -923
-106, -37, -939
-110, -43, -953
-109, -34, -974
-103, -24, -963
-107, -13, -950
-113, -4, -958
-110, 1, -1000
-107, -14, -993
-108, -19, -1015
-101, -22, -1002
-105, -16, -983
-98, -10, -949
-101, -12, -958
-95, -13, -960
-90, -9, -932
-94, -5, -919
-96, -9, -884
-77, -5, -866
-93, -13, -897
-80, -13, -904
-73, -3, -930
-71, -12, -986
-96, -18, -1016
-95, -6, -1020
-90, -10, -1001
-104, -10, -979
-100, -6, -970
-107, -23, -974
-109, -23, -998
-119, -16, -980
-117, -22, -970
-113, -19, -980
-119, -17, -939
-112, -12, -943
-110, -15, -972
-98, -7, -948
-102, -7, -947
-95, -2, -945
-89, -2, -962
-80, -11, -958
-90, -10, -981
-82, -10, -956
-90, -11, -966
-72, -8, -989
-81, -5, -989
-93, -9, -973
-96, -14, -968
-102, -14, -962
-101, -16, -976
-102, -14, -961
-109, -9, -992
-110, -6, -993
-119, -6, -989
-114, -10, -976
-107, -4, -950
-102, -5, -944
-97, -12, -925
-91, -14, -954
-94, -20, -956
-84, -11, -946
-96, -16, -953
-90, -18, -982
-84, -5, -976
-78, -10, -958
-100, -4, -969
-96, -12, -967
-89, -8, -989
-71, -13, -977
-96, -14, -965
-105, -19, -966
-116, -11, -980
-105, -7, -971
-109, -15, -970
-100, -16, -940
-102, -20, -941
-107, -21, -935
-115, -15, -951
-115, -12, -960
-102, -19, -938
-115, -10, -941
-91, -10, -940
-91, -16, -958
-103, -15, -992
-93, -9, -1010
-95, -11, -991
-91, -8, -964
-97, -10, -962
-83, -13, -955
-93, -12, -980
-91, -15, -968
-73, -21, -955
-92, -17, -921
-99, -22, -934
-106, -14, -935
-96, -14, -927
-92, -10, -941
-104, -8, -960
-109, -17, -967
-113, -16, -971
-116, -15, -979
-107, -16, -973
-115, -17, -981
-103, -9, -993
-96, -12, -997
-105, -17, -969
-104, -13, -970
-84, -12, -946
-102, -17, -944
-98, -13, -964
-88, -13, -970
-91, -15, -975
-92, -13, -938
-86, -19, -937
-105, -16, -959
-97, -18, -970
-103, -11, -960
-89, -18, -958
-91, -16, -955
-108, -17, -955
-110, -10, -982
-114, -20, -988
-96, -25, -973
-107, -20, -972
-133, -22, -973
-99, -27, -948
-100, -28, -978
-103, -25, -961
-107, -19, -953
-105, -21, -946
-107, -20, -938
-92, -19, -965
-97, -10, -943
-95, -15, -952
-103, -11, -976
-94, -11, -971
-104, -7, -992
-93, -3, -983
-88, 4, -993
-97, 3, -965
-90, 2, -988
-98, -7, -955
-101, -7, -981
-93, -9, -951
-84, 0, -941
-102, -4, -960
-101, -6, -959
-104, -8, -975
-105, -11, -962
-95, -7, -960
-97, -16, -988
-107, -7, -974
-107, -8, -960
-108, -6, -957
-119, -14, -973
-111, -19, -973
-98, -13, -957
-87, -15, -959
-105, -17, -953
-104, -23, -989
-106, -22, -971
-101, -21, -973
-105, -21, -967
-88, -19, -957
-90, -31, -961
-86, -33, -951
-90, -27, -951
-101, -31, -987
-87, -28, -982
-106, -29, -991
-99, -35, -975
-94, -32, -965
-100, -28, -955
-108, -17, -972
-104, -25, -949
-106, -11, -972
-95, -19, -969
-98, -21, -965
-91, -9, -963
-82, -5, -932
-98, 0, -960
-96, 0, -976
-92, 0, -963
-90, 7, -961
-92, 5, -961
-94, 4, -986
-98, 12, -969
-122, 14, -973
-109, 10, -977
-100, 20, -966
-85, 22, -966
-93, 14, -962
-97, 17, -970
-103, 11, -978
-94, 7, -970
-101, -4, -976
-102, -10, -952
-93, -19, -973
-99, -21, -967
-104, -17, -964
-100, -14, -948
-75, -10, -957
-90, -6, -970
-104, -14, -971
-96, -11, -975
-103, -8, -955
-115, -8, -938
-106, -5, -933
-103, -14, -969
-110, -17, -952
-104, -11, -968
-100, -8, -970
-109, -11, -980
-99, -10, -963
-81, -16, -965
-94, -15, -967
-114, -10, -973
-102, -7, -978
-90, -10, -957
-95, -4, -944
-83, -12, -944
-95, -10, -952
-102, -12, -950
-102, -13, -967
-94, -12, -957
-98, -9, -953
-87, -13, -961
-97, -14, -970
-100, -17, -958
-105, -13, -951
-104, -16, -954
-101, -8, -958
-89, -7, -959
-89, -4, -936
-88, -4, -959
-100, -8, -969
-107, -10, -945
-107, -12, -974
-101, -17, -956
-95, -8, -991
-109, -10, -969
-96, -17, -968
-105, -11, -969
-103, -18, -976
-97, -14, -974
-102, -15, -991
-91, -14, -968
-105, -3, -972
-96, -7, -948
-103, -8, -962
-90, -21, -954
-92, -21, -963
-100, -13, -958
-91, -8, -972
-103, -18, -970
-99, -13, -979
-103, -9, -964
-104, -10, -960
-96, -12, -949
-109, -4, -953
-101, -9, -972
-92, -9, -980
-98, -8, -955
-99, -12, -964
-105, -14, -973
-99, -10, -975
-108, -7, -973
-96, -15, -951
-103, -13, -965
-115, -14, -977
-118, -15, -972
-96, -19, -961
-88, -21, -968
-93, -13, -954
-98, -13, -948
-85, -12, -968
-103, -6, -953
-92, -18, -979
-92, -11, -979
-97, -9, -938
-103, -10, -956
-95, -14, -976
-113, -13, -980
-100, -11, -970
-101, -13, -957
-103, -8, -971
-104, -17, -962
-93, -18, -955
-95, -19, -959
-95, -12, -979
-85, -12, -957
-98, -14, -949
-99, -15, -951
-98, -17, -946
-105, -18, -934
-110, -12, -974
-99, -15, -961
-103, -12, -952
-79, -11, -944
-91, -10, -966
-99, -9, -975
-92, -13, -959
-109, -14, -952
-105, -7, -965
-86, -9, -992
-84, -12, -975
-93, -14, -965
-104, -13, -973
-99, -4, -968
-96, -8, -937
-105, -3, -972
-102, -6, -970
-101, -10, -969
-92, -15, -955
-102, -17, -985
-102, -14, -963
-105, -9, -962
-103, -9, -995
-104, -10, -989
-99, -18, -970
-99, -9, -958
-82, -4, -957
-105, -17, -968
-90, -16, -983
-87, -12, -973
-78, -7, -956
-98, -14, -962
-99, -15, -989
-90, -17, -967
-93, -11, -940
-76, -13, -942
-97, -20, -976
-98, -14, -959
-99, -10, -954
-94, -8, -962
-86, -18, -956
-94, -10, -971
-104, -7, -956
-103, -5, -963
-105, -11, -951
-97, -13, -970
-106, -14, -974
-101, -12, -974
-106, -13, -985
-108, -16, -981
-97, -8, -968
-102, -11, -970
-87, -15, -942
-99, -11, -976
-95, -9, -947
-100, -5, -967
-91, -7, -971
-97, -7, -984
-95, -12, -970
-92, -16, -950
-103, -13, -965
-88, -16, -940
-97, -12, -969
-96, -9, -964
-106, -13, -952
-103, -17, -976
-101, -16, -964
-88, -10, -985
-98, -15, -973
-97, -23, -977
-97, -11, -965
-94, -9, -932
-99, -7, -943
-99, -12, -977
-107, -12, -944
-101, -9, -963
-95, -14, -944
-93, -18, -938
-105, -11, -969
-102, -15, -970
-105, -8, -985
-106, -12, -987
-95, -15, -991
-108, -11, -984
-112, -11, -974
-95, -16, -974
-92, -17, -965
-100, -10, -959
-97, -8, -959
-97, -10, -949
-100, -12, -979
-100, -10, -967
-87, -12, -956
-98, -17, -986
-97, -14, -972
-98, -11, -938
-104, -8, -951
-102, -14, -972
-96, -13, -947
-90, -14, -947
-98, -16, -982
-106, -16, -952
-99, -16, -971
-94, -12, -964
-106, -12, -979
-100, -17, -982
-94, -11, -973
-106, -20, -965
-104, -11, -958
-104, -6, -965
-87, -10, -958
-88, -12, -983
-91, -13, -935
-81, -13, -959
-95, -14, -969
-99, -9, -978
-101, -9, -951
-90, -18, -941
-80, -17, -934
-93, -15, -952
-105, -14, -957
-96, -11, -957
-88, -9, -960
-90, -6, -969
-99, -11, -975
-109, -16, -948
-95, -12, -974
-92, -10, -972
-91, -11, -969
-101, -14, -970
-100, -11, -939
-104, -8, -960
-96, -9, -956
-105, -9, -955
-106, -11, -942
-108, -10, -978
-98, -8, -963
-89, -10, -947
-96, -9, -966
-97, -16, -982
-104, -9, -953
-110, -14, -949
-95, -10, -971
-98, -10, -970
-101, -21, -974
-102, -10, -966
-97, -15, -972
-90, -18, -967
-90, -12, -957
-95, -12, -959
-97, -15, -964
-103, -16, -964
-96, -11, -962
-108, -14, -956
-105, -16, -958
-89, -8, -968
-88, -9, -955
-79, -16, -969
-89, -25, -639
-42, 5, -396
2, 24, -519
-70, 6, -914
-122, -2, -1013
-84, 1, -828
-63, -3, -634
-36, -6, -543
-37, 4, -611
-50, -9, -876
-102, -9, -1095
-119, -17, -1029
-103, -29, -892
-92, -37, -781
-52, -44, -849
-98, -59, -1205
-153, -55, -1527
-167, -43, -1400
-144, -37, -1151
-114, -22, -1023
-115, -10, -1020
-104, -6, -1100
-96, -10, -1172
-108, -22, -1130
-122, -26, -1045
-120, -32, -937
-103, -9, -886
-101, -6, -887
-86, -18, -900
-104, -23, -863
-84, -27, -724
-63, -24, -725
-60, -7, -753
-47, -10, -763
-60, -21, -787
-74, -15, -841
-70, -9, -777
-70, -12, -701
-66, -7, -653
-51, -1, -651
-44, -1, -709
-54, -2, -822
-82, -9, -925
-73, -11, -1060
-97, -14, -1179
-123, -14, -1279
-141, -22, -1293
-154, -12, -1285
-128, -17, -1170
-125, -18, -1109
-123, -13, -1072
-118, -20, -1096
-119, -14, -1049
-120, -12, -1002
-86, -19, -918
-71, -14, -888
-85, -15, -943
-99, -24, -997
-86, -16, -976
-70, -18, -935
-74, -14, -918
-98, -16, -962
-94, -17, -1050
-111, -15, -1129
-101, -14, -1116
-111, -14, -1124
-118, -6, -1104
-106, -11, -1065
-101, -14, -1047
-111, -16, -1043
-101, -14, -1052
-111, -19, -1081
-99, -17, -1100
-103, -21, -1065
-100, -28, -1011
-104, -26, -982
-93, -19, -962
-93, -17, -944
-79, -15, -928
-78, -14, -919
-86, -20, -952
-81, -17, -1020
-79, -14, -1009
-78, -15, -1016
-102, -9, -1027
-85, -5, -993
-106, -10, -975
-99, -12, -960
-102, -9, -916
-95, -14, -919
-88, -16, -937
-91, -21, -960
-94, -14, -929
-81, -22, -945
-65, -15, -922
-52, -17, -909
-52, -28, -898
-60, -20, -977
-70, -26, -982
-91, -18, -975
-86, -12, -953
-95, -13, -952
-93, -12, -979
-99, -17, -972
-87, -20, -949
-79, -19, -893
-78, -18, -869
-87, -15, -873
-73, -18, -874
-63, -12, -933
-87, -16, -971
-84, -24, -1005
-86, -23, -960
-83, -19, -925
-80, -16, -926
-89, -25, -952
-87, -20, -919
-76, -17, -890
-65, -13, -892
-81, -16, -921
-82, -14, -966
-88, -13, -965
-95, -15, -985
-98, -19, -993
-97, -14, -994
-83, -13, -979
-82, -15, -966
-91, -13, -962
-76, -15, -965
-78, -21, -953
-83, -7, -954
-79, -16, -953
-90, -13, -966
-90, -10, -971
-96, -19, -968
-89, -17, -984
-90, -21, -1002
-79, -18, -992
-93, -20, -1039
-90, -17, -1006
-87, -20, -1004
-99, -14, -1010
-102, -9, -961
-88, -15, -963
-80, -12, -953
-96, -16, -970
-91, -23, -1008
-89, -17, -997
-86, -13, -1008
-95, -18, -982
-79, -13, -1004
-94, -15, -988
-93, -16, -988
-99, -21, -977
-96, -13, -956
-84, -13, -945
-82, -15, -967
-76, -16, -964
-83, -15, -971
-79, -17, -964
-74, -17, -988
-92, -15, -1012
-89, -19, -969
-91, -13, -948
-85, -15, -951
-78, -10, -962
-76, -15, -988
-78, -13, -970
-82, -13, -949
-78, -18, -903
-79, -21, -931
-92, -19, -960
-93, -13, -996
-88, -15, -988
-88, -12, -993
-90, -23, -960
-89, -17, -954
-78, -12, -941
-79, -21, -985
-83, -17, -1004
-86, -21, -968
-86, -16, -935
-79, -9, -929
-87, -11, -953
-93, -22, -984
-89, -21, -985
-90, -15, -978
-83, -19, -989
-94, -17, -992
-79, -15, -999
-79, -13, -987
-88, -20, -980
-77, -19, -979
-80, -16, -960
-76, -18, -955
-65, -21, -969
-83, -23, -961
-73, -14, -959
-81, -13, -973
-89, -26, -991
-89, -22, -976
-77, -13, -946
-75, -17, -965
-87, -22, -970
-80, -23, -968
-76, -19, -966
-82, -23, -963
-85, -19, -964
-89, -20, -953
-96, -17, -939
-77, -17, -946
-89, -20, -997
-103, -18, -993
-90, -18, -960
-88, -20, -958
-86, -13, -960
-84, -20, -946
-95, -15, -964
-93, -11, -970
-89, -13, -984
-81, -16, -982
-97, -16, -977
-84, -8, -985
-80, -15, -993
-84, -20, -972
-82, -20, -980
-94, -16, -961
-87, -12, -966
-93, -12, -977
-86, -17, -965
-76, -15, -973
-86, -20, -977
-86, -22, -981
-87, -15, -986
-89, -12, -956
-81, -17, -982
-90, -17, -983
-82, -19, -962
-79, -15, -964
-79, -17, -987
-78, -19, -995
-76, -19, -956
-67, -15, -947
-65, -17, -959
-85, -19, -980
-89, -16, -954
-84, -13, -966
-75, -22, -954
-86, -25, -979
-101, -11, -971
-90, -11, -955
-74, -10, -960
-78, -14, -962
-77, -11, -963
-86, -17, -977
-81, -17, -977
-71, -16, -969
-87, -20, -964
-88, -17, -981
-79, -17, -955
-82, -11, -964
-73, -14, -985
-82, -17, -973
-85, -17, -944
-72, -14, -952
-76, -24, -973
-85, -16, -956
-84, -13, -943
-72, -14, -961
-80, -25, -957
-90, -15, -957
-82, -10, -941
-76, -16, -977
-77, -17, -1005
-81, -22, -965
-84, -18, -960
-80, -6, -944
-82, -14, -943
-77, -14, -959
-75, -11, -972
-82, -13, -963
-91, -14, -977
-93, -21, -961
-79, -16, -971
-84, -15, -957
-91, -19, -981
-83, -16, -977
-72, -12, -953
-84, -14, -960
-84, -11, -988
-83, -17, -974
-73, -18, -954
-57, -21, -954
-70, -25, -960
-78, -19, -941
-70, -18, -930
-81, -15, -951
-67, -16, -958
-75, -15, -973
-74, -5, -963
-82, -19, -955
-65, -19, -954
-73, -19, -974
-67, -14, -958
-75, -20, -949
-93, -14, -968
-87, -16, -975
-73, -14, -943
-87, -12, -956
-72, -16, -956
-90, -17, -966
-99, -7, -986
-86, -11, -958
-87, -23, -980
-100, -13, -965
-85, -16, -939
-82, -21, -954
-82, -14, -942
-83, -14, -942
-90, -19, -967
-88, -9, -961
-87, -12, -966
-88, -20, -960
-87, -15, -955
-83, -8, -954
-88, -15, -962
-84, -20, -937
-83, -20, -948
-79, -12, -955
-90, -14, -966
-85, -16, -967
-88, -15, -962
-80, -14, -957
-81, -13, -959
-81, -17, -958
-85, -14, -970
-80, -15, -952
-59, -11, -952
-80, -9, -958
-96, -14, -974
-85, -18, -959
-73, -16, -951
-84, -16, -943
-95, -28, -938
-87, -17, -975
-87, -8, -938
-87, -11, -947
-84, -19, -972
-81, -14, -956
-79, -15, -949
-82, -11, -978
-90, -15, -964
-82, -13, -959
-71, -9, -970
-73, -13, -980
-87, -13, -983
-92, -9, -967
-81, -9, -947
-73, -10, -940
-77, -22, -976
-85, -13, -971
-82, -9, -942
-84, -6, -949
-86, -15, -952
-72, -14, -973
-81, -17, -973
-93, -20, -971
-86, -20, -978
-89, -13, -966
-88, -13, -980
-91, -14, -983
-91, -17, -963
-81, -16, -949
-80, -11, -918
-88, -17, -936
-97, -15, -948
-93, -11, -939
-68, -12, -934
-72, -13, -947
-80, -15, -965
-86, -18, -950
-85, -13, -944
-91, -11, -956
-92, -17, -976
-90, -10, -954
-72, -11, -935
-71, -14, -941
-75, -18, -934
-69, -15, -937
-73, -4, -921
-69, -14, -924
-73, -16, -937
-80, -16, -954
-81, -17, -956
-69, -17, -970
-80, -14, -969
-83, -14, -962
-71, -15, -960
-75, -15, -957
-87, -18, -977
-87, -14, -943
-82, -13, -957
-79, -7, -979
-85, -9, -964
-96, -11, -993
-88, -6, -972
-73, -15, -960
-101, -17, -974
-82, -18, -980
-67, -17, -997
-75, -12, -978
-82, -13, -977
-79, -15, -984
-81, -17, -971
-84, -14, -983
-89, -23, -979
-95, -12, -977
-80, -13, -951
-82, -13, -960
-79, -11, -979
-84, -20, -964
-75, -7, -972
-70, -10, -989
-65, -17, -992
-84, -15, -978
-84, -6, -963
-82, -9, -977
-76, -15, -964
-85, -7, -971
-77, -10, -960
-86, -21, -951
-84, -16, -942
-81, -16, -908
-68, -20, -1109
-68, -12, -1044
-82, -7, -901
-85, -7, -888
-72, -16, -885
-84, -11, -948
-99, -21, -1026
-82, -10, -1007
-79, -18, -1169
-90, -18, -1215
-80, -22, -1037
-78, -6, -949
-66, -7, -1038
-83, -14, -989
-76, -18, -959
-80, -29, -912
-87, -87, -1145
-97, -49, -941
-132, -30, -1072
-157, -37, -1172
-42, -42, -1037
-105, -45, -1335
-118, -41, -908
-41, -12, -950
-10, -5, -698
23, 24, -919
-56, 7, -902
-29, 45, -655
-58, 19, -956
-110, 16, -1430
-128, 11, -1076
-117, -1, -859
-112, -16, -1066
-90, -39, -1041
-121, -15, -1186
-114, -1, -863
-104, -2, -791
-86, -12, -1230
-140, -62, -1098
-108, -57, -1107
-84, -56, -1016
-62, -42, -939
-54, -12, -950
-103, -26, -1160
-91, -26, -1172
-92, -58, -1248
-97, -66, -1112
-89, -59, -926
-63, -5, -802
-25, -8, -910
-63, 17, -926
-88, -6, -1051
-101, -9, -1094
-83, 15, -995
-68, 42, -894
-81, 70, -793
-59, 84, -691
-51, 13, -815
-53, -41, -1009
-59, -59, -1178
-73, -61, -1054
-50, -34, -904
-41, -18, -974
-79, -13, -964
-110, 8, -1055
-121, -3, -1186
-126, -23, -1052
-94, -37, -890
-72, -48, -883
-68, -23, -953
-45, 9, -1044
-68, 17, -1045
-67, 38, -941
-66, 16, -803
-70, 8, -862
-73, -25, -907
-84, -36, -924
-66, -40, -899
-83, -38, -988
-76, -37, -1002
-110, -19, -1135
-115, -13, -1172
-136, -11, -1090
-135, -17, -1069
-128, -13, -1052
-122, -18, -1051
-115, -11, -1100
-101, -10, -1005
-94, 4, -956
-91, 9, -946
-98, -2, -934
-99, -8, -965
-113, -13, -973
-87, -26, -931
-80, -24, -974
-99, -28, -1017
-101, -29, -1013
-124, -20, -1036
-118, -18, -1023
-112, -11, -951
-105, 0, -982
-97, -11, -997
-100, -3, -989
-93, -7, -975
-98, -10, -958
-96, -15, -894
-92, -5, -844
-72, -10, -831
-68, -7, -874
-78, -4, -865
-81, -13, -828
-69, -14, -822
-79, -21, -808
-75, -13, -814
-78, -8, -832
-61, -16, -848
-73, -8, -798
-63, -3, -763
-49, -1, -822
-59, -6, -864
-63, -6, -891
-71, -9, -852
-68, -6, -855
-74, -5, -882
-86, -12, -939
-114, -4, -1008
-104, -8, -1025
-107, -10, -931
-91, -9, -897
-82, -8, -923
-72, -9, -948
-86, -5, -933
-90, -4, -921
-69, -8, -911
-86, 4, -850
-89, -4, -907
-82, -10, -935
-80, -15, -954
-78, -14, -973
-80, -9, -976
-95, -14, -941
-89, -14, -940
-71, -6, -919
-76, -8, -898
-96, -12, -931
-94, -10, -925
-82, -7, -931
-82, -4, -926
-90, -12, -928
-91, -6, -923
-97, -6, -950
-97, -11, -993
-96, -14, -965
-86, -14, -961
-107, -15, -962
-95, -19, -982
-103, -22, -974
-110, -6, -1005
-101, -1, -1011
-96, -6, -968
-92, -6, -914
-101, -16, -905
-99, -20, -927
-96, -20, -963
-109, -8, -1043
-122, -2, -1151
-129, 1, -1043
-97, -2, -796
-62, -15, -733
-72, -22, -836
-91, -24, -940
-93, -18, -1021
-116, -5, -976
-94, -4, -893
-105, 2, -889
-96, -7, -991
-97, -11, -1049
-103, -22, -1113
-116, -24, -1073
-100, -14, -976
-89, -6, -934
-98, -4, -969
-117, -8, -997
-104, -15, -983
-77, -14, -890
-65, -16, -824
-68, -15, -816
-99, -11, -956
-122, -5, -1068
-118, -7, -1089
-113, -12, -1054
-106, -11, -991
-94, -8, -936
-105, -15, -966
-95, -20, -965
-94, -16, -946
-98, -10, -919
-92, -1, -874
-84, -1, -897
-92, -4, -913
-105, -11, -965
-100, -20, -968
-115, -16, -992
-92, -17, -981
-101, -15, -1023
-105, -9, -1041
-103, -13, -981
-110, -11, -946
-89, -21, -891
-87, -24, -864
-83, -13, -914
-85, -8, -983
-98, -7, -1019
-107, -3, -1026
-98, -8, -1003
-83, -13, -977
-87, -15, -972
-83, -11, -985
-93, -13, -982
-105, -13, -974
-96, -10, -949
-106, -8, -947
-91, -12, -936
-102, -11, -946
-100, -11, -960
-91, -9, -955
-86, -11, -950
-96, -12, -988
-90, -8, -1015
-98, -14, -1017
-111, -13, -1008
-110, -11, -941
-103, -18, -897
-86, -22, -899
-83, -15, -946
-98, -9, -990
-95, -1, -979
-95, -5, -981
-97, 0, -959
-89, -12, -949
-86, -11, -968
-87, -12, -995
-99, -17, -974
-105, -10, -986
-109, -11, -966
-90, -13, -926
-93, -8, -952
-92, -10, -945
-83, -10, -940
-84, -12, -962
-91, -16, -984
-104, -16, -949
-88, -9, -978
-105, -7, -973
-101, -12, -997
-92, -17, -999
-97, -10, -990
-88, -13, -958
-88, -16, -939
-88, -9, -975
-102, -13, -956
-101, -9, -971
-92, -13, -967
-78, -10, -947
-81, -10, -955
-94, -7, -971
-97, -14, -991
-95, -7, -985
-104, -9, -992
-93, -13, -983
-91, -13, -970
-91, -14, -948
-89, -17, -947
-72, -12, -957
-91, -13, -942
-103, -8, -946
-110, -11, -960
-106, -6, -970
-93, -8, -982
-98, -14, -992
-103, -11, -971
-100, -8, -948
-109, -9, -960
-104, -3, -962
-106, -2, -972
-102, -7, -959
-98, -13, -951
-93, -9, -970
-92, -11, -980
-92, -10, -958
-91, -14, -964
-96, -9, -958
-103, -10, -969
-102, -6, -968
-101, -10, -969
-97, -9, -939
-100, -8, -961
-97, -17, -954
-92, -16, -965
-104, -19, -959
-109, -9, -964
-94, -15, -989
-100, -15, -981
-102, -9, -971
-95, -10, -963
-96, -11, -963
-94, -10, -981
-98, -11, -979
-100, -10, -988
-103, -8, -956
-94, -9, -952
-86, -15, -935
-104, -12, -962
-98, -12, -947
-90, -17, -979
-89, -10, -980
-87, -6, -949
-105, -8, -935
-100, -10, -935
-89, -9, -969
-90, -11, -966
-95, -6, -939
-97, -5, -941
-102, -8, -961
-106, -12, -954
-90, -9, -988
-97, -10, -960
-98, -12, -954
-99, -16, -966
-90, -12, -959
-85, -16, -945
-95, -14, -976
-109, -14, -989
-100, -15, -980
-98, -12, -972
-89, -14, -956
-96, -12, -948
-103, -9, -955
-97, -4, -953
-93, -15, -959
-96, -16, -953
-92, -3, -956
-96, -3, -954
-95, -10, -963
-90, -7, -959
-95, -18, -978
-97, -11, -970
-93, -8, -968
-96, -10, -967
-96, -9, -981
-93, -6, -964
-99, -9, -944
-99, -5, -952
-103, -12, -940
-90, -9, -965
-81, -6, -956
-77, -11, -951
-95, -12, -952
-100, -10, -946
-90, -10, -991
-88, -11, -955
-103, -14, -975
-97, -12, -971
-99, -12, -990
-97, -11, -965
-89, -5, -962
-94, -14, -973
-107, -17, -963
-97, -12, -970
-92, -9, -967
-89, -9, -942
-74, -8, -952
-83, -7, -975
-80, -10, -965
-93, -14, -985
-108, -15, -986
-97, -14, -983
-96, -11, -976
-94, -7, -966
-92, -8, -965
-108, -8, -982
-101, -2, -970
-100, -10, -984
-96, -14, -977
-109, -9, -971
-102, -6, -971
-96, -10, -978
-90, -10, -971
-89, -4, -969
-99, -11, -965
-85, -14, -975
-75, -9, -955
-97, -15, -964
-100, -15, -971
-88, -4, -966
-96, -15, -975
-91, -8, -964
-92, -9, -961
-96, -14, -972
-94, -11, -966
-86, -11, -942
-89, -9, -936
-102, -9, -967
-102, -6, -986
-100, -13, -957
-95, -12, -956
-89, -14, -955
-90, -10, -941
-104, -4, -946
-98, -8, -962
-102, -17, -983
-94, -13, -955
-96, -16, -945
-95, -8, -941
-111, -3, -944
-103, -9, -956
-97, -10, -954
-101, -8, -954
-103, -12, -954
-100, -12, -951
-108, -27, -955
-102, -2, -896
-83, -21, -836
-88, -31, -983
-125, 25, -1178
-172, 2, -1095
-28, -37, -832
-58, 13, -937
-117, -74, -930
-126, 33, -886
-56, 10, -789
-132, 3, -1101
-123, -16, -1057
-94, -7, -962
-106, -16, -931
-95, -27, -1004
-117, -15, -976
-96, 9, -725
-60, -9, -958
-107, -6, -992
-99, -39, -1070
-105, 5, -969
-117, -18, -1012
-88, -11, -950
-67, -23, -955
-80, -18, -1017
-117, -14, -1065
-113, 14, -895
-74, -4, -829
-97, -18, -909
-93, -33, -1029
-119, -9, -960
-76, -24, -978
-104, -13, -1083
-122, -13, -999
-87, -2, -899
-94, -9, -939
-97, -10, -971
-102, -16, -979
-85, -6, -952
-98, -3, -931
-70, -3, -893
-72, -12, -996
-114, -8, -1033
-104, -16, -1010
-104, -12, -963
-80, -13, -922
-92, -10, -955
-108, -15, -1011
-109, -13, -967
-103, -13, -937
-90, -9, -985
-106, -11, -933
-107, -6, -966
-105, -8, -991
-93, -7, -996
-95, -5, -1000
-108, 2, -948
-112, -15, -1016
-119, -13, -1011
-98, -21, -954
-79, -14, -947
-106, -11, -1001
-99, -10, -941
-95, -7, -899
-90, -4, -938
-111, -11, -985
-106, -14, -1019
-100, -17, -979
-102, -16, -957
-118, -16, -965
-122, -14, -1001
-107, -16, -1009
-102, -14, -992
-93, -19, -947
-86, -16, -976
-101, -27, -951
-95, -35, -993
-99, -50, -976
-101, -65, -998
-99, -76, -1017
-93, -70, -1016
-92, -79, -983
-77, -73, -966
-80, -80, -985
-86, -89, -1001
-91, -88, -973
-84, -86, -942
-92, -98, -954
-85, -99, -900
-84, -105, -939
-99, -109, -958
-113, -110, -981
-106, -104, -965
-96, -101, -962
-117, -90, -999
-111, -84, -993
-106, -79, -983
-102, -74, -997
-116, -63, -960
-109, -54, -927
-108, -46, -908
-116, -30, -916
-112, -14, -944
-117, -6, -906
-100, 6, -925
-99, 30, -951
-91, 33, -965
-105, 46, -943
-106, 71, -984
-103, 82, -959
-94, 101, -978
-76, 112, -968
-54, 131, -958
-73, 142, -960
-74, 147, -980
-64, 160, -943
-71, 150, -937
-80, 152, -948
-83, 143, -969
-75, 131, -957
-61, 92, -961
-90, 40, -958
-98, -4, -939
-112, -42, -962
-132, -63, -978
-126, -58, -960
-111, -32, -982
-91, -1, -979
-84, 9, -966
-64, 11, -969
-80, -7, -967
-67, -25, -957
-86, -26, -940
-93, -23, -932
-99, -20, -943
-106, -13, -1024
-116, -3, -977
-113, -9, -973
-115, -7, -992
-106, -16, -967
-99, -22, -936
-82, -13, -954
-95, -12, -964
-92, -21, -958
-103, -13, -994
-98, -10, -976
-100, -9, -974
-107, -10, -965
-104, -21, -949
-98, -19, -976
-93, -10, -967
-90, -12, -953
-84, -12, -942
-85, -14, -946
-104, -17, -936
-101, -13, -960
-100, -10, -961
-94, -10, -959
-105, -9, -971
-94, -5, -976
-82, -4, -972
-103, -9, -997
-97, -8, -993
-98, -3, -964
-92, -9, -933
-82, -9, -925
-97, -9, -936
-104, -13, -961
-96, -13, -969
-101, -17, -990
-110, -13, -960
-114, -13, -957
-95, -13, -975
-105, -9, -993
-113, -14, -971
-106, -14, -981
-98, -14, -973
-97, -17, -956
-97, -4, -944
-84, -14, -948
-91, -5, -945
-89, 1, -957
-93, -7, -955
-92, -11, -937
-99, -12, -957
-96, -8, -977
-110, -7, -987
-103, -8, -999
-101, -6, -972
-105, -14, -957
-102, -12, -955
-95, -16, -943
-100, -17, -949
-107, -15, -988
-112, -15, -962
-103, -6, -992
-95, -6, -980
-89, -8, -962
-94, -8, -958
-102, -11, -973
-82, -17, -977
-85, -13, -991
-80, -16, -971
-93, -15, -954
-91, -1, -946
-84, 0, -959
-106, -15, -942
-104, -4, -963
-95, -6, -981
-103, -6, -967
-110, -8, -950
-113, -6, -936
-107, -5, -938
-92, -12, -977
-97, -8, -980
-100, -6, -977
-104, -6, -965
-100, -3, -965
-113, -6, -951
-98, -10, -955
-94, -12, -968
-102, -14, -971
-92, -4, -971
-91, -1, -949
-86, -5, -973
-93, -8, -969
-92, -13, -958
-84, -14, -970
-98, -15, -978
-100, -12, -960
-100, -4, -967
-93, -5, -968
-96, -4, -965
-103, -7, -948
-100, -4, -970
-103, -11, -962
-95, -8, -975
-99, -10, -984
-96, -8, -960
-103, -8, -969
-112, -13, -986
-106, -10, -997
-90, -17, -964
-95, -18, -993
-106, -22, -962
-91, -13, -988
-88, -9, -947
-108, -16, -945
-91, -10, -957
-93, -12, -968
-82, -6, -971
-98, -7, -974
-102, -13, -973
-96, -13, -970
-104, -10, -962
-102, -26, -951
-99, -37, -957
-105, 25, -950
-55, -21, -933
-107, 3, -1005
-77, -4, -973
-85, -42, -1034
-85, -1, -1016
-107, -14, -913
-117, -11, -942
-114, -7, -1002
-103, -2, -1022
-112, -9, -977
-109, -5, -990
-118, -10, -978
-83, -12, -926
-90, -16, -1014
-100, -17, -975
-99, -7, -979
-87, 0, -938
-99, -15, -929
-85, -4, -980
-89, -13, -956
-95, -14, -1022
-99, -20, -991
-101, -13, -959
-84, -13, -949
-83, -12, -955
-93, -7, -966
-108, -13, -970
-106, -15, -987
-102, -7, -982
-91, -11, -915
-91, -17, -958
-95, -15, -975
-103, -9, -968
-92, -7, -955
-112, -12, -1035
-94, -8, -961
-87, -14, -945
-86, -14, -930
-91, -15, -959
-107, -14, -976
-107, -10, -971
-103, -18, -961
-96, -15, -940
-102, -17, -939
-105, -12, -973
-109, -11, -979
-100, -11, -951
-98, -7, -981
-97, -14, -937
-86, -12, -953
-80, -8, -975
-96, -19, -1010
-97, -8, -952
-98, -16, -964
-85, -13, -958
-94, -9, -957
-92, -13, -987
-95, -13, -958
-79, -5, -945
-87, -14, -934
-105, -13, -984
-103, -9, -966
-103, -12, -957
-97, -15, -963
-96, -11, -969
-89, -3, -966
-90, -10, -978
-111, -8, -984
-104, -8, -988
-99, -7, -971
-96, -3, -963
-103, -8, -958
-101, -9, -951
-100, -8, -950
-97, -8, -951
-96, -21, -948
-80, -11, -970
-103, -13, -980
-101, -10, -972
-97, -9, -974
-89, -8, -971
-88, -9, -971
-88, -16, -957
-109, -14, -953
-104, -11, -977
-97, -7, -967
-110, -17, -961
-99, -13, -974
-89, -5, -965
-93, -16, -964
-99, -17, -982
-94, -11, -970
-77, -10, -953
-83, -7, -965
-101, -15, -987
-91, -12, -975
-89, -9, -970
-95, -6, -945
-94, -13, -971
-100, -10, -968
-102, -12, -964
-94, -12, -971
-90, -9, -961
-96, -8, -964
-96, -12, -974
-95, -11, -973
-98, -10, -951
-105, -9, -954
-87, -12, -958
-94, -15, -971
-105, -13, -978
-112, -9, -982
-98, -16, -966
-97, -13, -969
-102, -12, -958
-91, -13, -943
-82, -10, -967
-99, -15, -975
-108, -1, -956
-98, -12, -986
-92, -9, -942
-98, -7, -962
-94, -2, -956
-105, -8, -950
-90, -10, -953
-84, -12, -957
-106, -11, -968
-106, -8, -956
-107, -13, -985
-105, -14, -975
-99, -9, -960
-106, -14, -962
-92, -12, -961
-99, -12, -967
-94, -5, -952
-97, -9, -967
-102, -16, -965
-95, -8, -962
-93, -9, -954
-95, -4, -959
-106, -15, -977
-99, -10, -964
-107, -18, -956
-91, -7, -973
-87, -9, -961
-91, -11, -985
-101, -11, -968
-103, -14, -954
-98, -15, -953
-107, -10, -950
-93, -6, -955
-90, 0, -963
-99, -10, -966
-86, -9, -975
-99, -9, -973
-91, 0, -963
-85, -5, -969
-94, -13, -963
-103, -6, -965
-95, -10, -941
-91, -11, -948
-83, -4, -961
-94, -10, -994
-93, -9, -965
-92, -8, -982
-92, -13, -960
-112, -14, -945
-101, -6, -973
-95, -6, -966
-88, -7, -946
-85, -8, -941
-89, -9, -949
-92, -12, -947
-107, -11, -954
-106, -13, -974
-105, -15, -982
-103, -18, -952
-104, -15, -971
-97, -8, -972
-92, -16, -964
-104, -11, -966
-109, -11, -955
-106, -4, -955
-101, -11, -967
-87, -5, -977
-69, -8, -953
-86, -12, -993
-98, -11, -960
-83, -10, -959
-85, -12, -968
-101, -15, -953
-107, -8, -965
-102, -15, -983
-103, -9, -955
-100, -13, -965
-96, -9, -958
-92, -6, -948
-84, -12, -954
-98, -10, -965
-99, -10, -944
-91, -13, -966
-95, -12, -974
-95, -7, -961
-87, -8, -951
-91, -13, -968
-107, -14, -967
-96, -14, -959
-91, -16, -951
-86, -9, -957
-100, -3, -964
-106, -14, -976
-99, -9, -968
-95, -8, -958
-89, -6, -962
-94, -8, -956
-84, -9, -983
-91, -12, -984
-113, -11, -983
-101, -15, -970
-98, -13, -976
-100, -13, -955
-96, -6, -960
-92, -7, -948
-101, -5, -949
-101, -11, -968
-103, -7, -959
-108, -11, -981
-110, -9, -976
-97, -12, -970
-96, -13, -960
-96, -9, -954
-95, -9, -956
-105, -15, -977
-112, -5, -977
-84, -12, -957
-90, -11, -977
-91, -8, -960
-99, -14, -970
-91, -14, -960
-91, -15, -970
-91, -1, -946
-78, -15, -937
-90, -13, -955
-92, -9, -949
-90, -14, -945
-100, -15, -965
-91, -14, -951
-92, -15, -972
-99, -11, -953
-114, -11, -948
-85, -12, -952
-97, -8, -958
-86, -10, -961
-103, -13, -980
-90, -11, -958
-95, -3, -961
-88, -9, -961
-87, -14, -967
-97, -8, -980
-90, -11, -985
-93, -10, -965
-103, -15, -946
-101, -9, -962
-100, -17, -969
-92, -9, -956
-107, -10, -967
-101, -13, -975
-87, -9, -976
-93, -13, -971
-95, -19, -959
-97, -10, -968
-104, -14, -954
-87, -9, -983
-89, -16, -954
-107, -8, -971
-94, -9, -970
-79, -1, -958
-82, -3, -981
-102, -5, -977
-104, -7, -955
-109, -7, -951
-96, -10, -961
-97, -11, -978
-98, -17, -966
-94, -6, -971
-89, -7, -985
-98, -8, -978
-108, -13, -958
-101, -13, -974
-95, -15, -962
-101, -12, -988
-103, -19, -948
-111, -13, -962
-95, -14, -977
-95, -11, -983
-90, -4, -961
-106, -15, -964
-98, -14, -966
-95, -16, -967
-100, -7, -939
-107, -6, -962
-115, -6, -951
-114, -5, -961
-114, -6, -962
-92, -10, -963
-113, -12, -983
-110, -3, -978
-88, -11, -961
-88, -9, -958
-105, -12, -964
-96, -8, -970
-106, -13, -992
-103, -11, -977
-83, -8, -979
-94, -5, -963
-103, -3, -970
-99, -11, -945
-107, -13, -973
-95, -11, -985
-109, -8, -951
-106, -7, -988
-105, 0, -965
-96, -7, -985
-101, -7, -964
-94, -8, -982
-95, -16, -966
-96, -9, -969
-104, -6, -964
-97, -10, -967
-93, -18, -968
-95, -14, -948
-93, -11, -962
-89, -7, -983
-95, -15, -958
-104, -22, -951
-100, -8, -978
-99, -11, -992
-90, -10, -941
-99, -10, -969
-100, -5, -976
-87, -16, -975
-75, -18, -958
-87, -15, -957
-91, -14, -963
-98, -13, -955
-97, -12, -966
-103, -12, -972
-93, -12, -953
-95, -1, -963
-87, -8, -977
-82, -11, -971
-100, -12, -957
-107, -11, -978
-105, -6, -955
-94, -9, -958
-89, -11, -952
-99, -12, -990
-94, -13, -966
-89, -13, -955
-89, -12, -965
-98, -10, -953
-97, -20, -977
-87, -8, -977
-88, -9, -959
-99, -15, -986
-98, -15, -951
-100, -15, -949
-93, -11, -980
-102, -9, -939
-95, -9, -942
-105, -8, -937
-99, -9, -943
-100, -15, -963
-92, -14, -957
-93, -8, -938
-105, 0, -951
-90, -10, -971
-100, -11, -946
-99, -8, -976
-102, -11, -964
-91, -10, -963
-91, -11, -971
-83, -5, -958
-93, -16, -954
-107, -15, -976
-99, -12, -981
-88, -15, -978
-86, -11, -965
-80, -7, -955
-82, -13, -956
-101, -14, -982
-85, -11, -969
-99, -13, -983
-97, -12, -967
-100, -10, -947
-101, -14, -951
-97, -9, -969
-108, -13, -958
-101, -15, -966
-114, -16, -958
-113, -14, -1019
-127, -34, -1088
-103, -37, -1010
-88, -47, -974
-87, -55, -843
-87, -38, -711
-110, -27, -817
-131, -26, -1077
-113, -33, -1136
-85, -32, -1036
-90, -31, -888
-118, -21, -821
-132, 7, -920
-136, -1, -1057
-118, 5, -1005
-99, 8, -854
-53, 5, -784
-79, 9, -775
-73, 7, -880
-85, 20, -1067
-103, 27, -1129
-102, 27, -1044
-94, 24, -1112
-89, 15, -1115
-85, 5, -1027
-86, -1, -940
-62, -20, -919
-78, -27, -892
-66, -23, -896
-83, -12, -941
-79, -8, -925
-70, -5, -882
-91, -5, -945
-101, -19, -1024
-124, -15, -1043
-106, -18, -1082
-99, -13, -1073
-93, -8, -980
-96, -12, -933
-98, -16, -895
-86, -18, -819
-84, -16, -803
-77, -19, -872
-100, 0, -915
-95, -9, -935
-104, -3, -1007
-97, -10, -1041
-98, -16, -1028
-102, -8, -1045
-111, -7, -1054
-116, -1, -965
-105, -4, -924
-92, -7, -870
-73, -20, -809
-80, -16, -843
-80, -20, -918
-93, -19, -971
-103, -12, -1001
-108, -8, -1010
-106, -5, -1046
-108, -6, -1052
-102, -14, -1046
-99, -10, -984
-102, -16, -950
-97, -15, -929
-106, -9, -891
-106, -9, -863
-94, -6, -860
-80, -4, -888
-91, -5, -939
-97, -4, -1001
-108, -5, -1042
-100, -7, -1070
-101, -12, -1038
-103, -13, -998
-119, -8, -965
-106, 2, -945
-98, 2, -941
-96, 1, -964
-83, 0, -928
-103, 0, -926
-105, -5, -933
-95, -6, -956
-105, -6, -980
-104, -8, -992
-114, -12, -993
-94, -14, -975
-109, -10, -984
-111, -10, -993
-110, -9, -963
-101, -12, -941
-110, -17, -912
-116, -7, -959
-108, -5, -986
-121, -18, -973
-143, -28, -993
-123, -18, -979
-79, 5, -970
-74, -1, -926
-79, -7, -937
-82, -8, -961
-85, -17, -941
-99, -16, -950
-94, -12, -938
-96, -11, -948
-97, -5, -1004
-99, -8, -1005
-109, -11, -984
-100, -14, -976
-99, -11, -959
-94, -10, -931
-89, -6, -909
-99, -9, -915
-89, -15, -973
-92, -16, -977
-80, -14, -990
-90, -9, -976
-93, -12, -952
-99, -18, -942
-79, -13, -970
-102, -7, -963
-102, -12, -967
-98, -8, -952
-91, 3, -957
-89, -6, -954
-92, -12, -944
-95, -21, -965
-106, -15, -974
-104, -14, -974
-106, -13, -985
-98, -11, -962
-94, -5, -954
-87, -2, -972
-104, -9, -984
-94, -19, -925
-80, -15, -890
-81, -2, -931
-90, 0, -963
-108, -9, -980
-108, -9, -1003
-103, -6, -983
-98, -9, -944
-93, -10, -934
-98, -8, -980
-98, -5, -976
-95, -7, -967
-93, -16, -960
-97, -6, -944
-90, -6, -908
-98, -4, -941
-100, -4, -965
-114, -8, -978
-116, -4, -1001
-121, -8, -1001
-102, -12, -965
-92, -18, -981
-98, -8, -972
-112, -9, -979
-99, -15, -963
-92, -17, -961
-88, -9, -960
-85, -7, -945
-103, -8, -975
-95, -13, -985
-91, -11, -980
-90, -14, -971
-103, -14, -967
-96, -14, -998
-108, -15, -982
-99, -15, -971
-101, -9, -971
-92, -11, -960
-93, -7, -955
-90, 3, -949
-96, -10, -974
-103, -8, -986
-97, -8, -977
-100, -6, -967
-87, -10, -998
-84, -10, -989
-96, -15, -1018
-105, -15, -975
-100, -11, -945
-91, -10, -924
-98, -10, -919
-90, -13, -929
-109, -12, -967
-99, -5, -976
-81, -10, -972
-93, -11, -965
-87, -9, -975
-109, -14, -994
-110, -9, -990
-110, -5, -982
-104, -9, -973
-99, -10, -938
-91, -12, -954
-83, -11, -959
-106, -11, -979
-116, -8, -960
-93, -15, -957
-104, -14, -983
-110, -10, -975
-105, -18, -975
-100, -15, -965
-93, -10, -966
-97, -7, -980
-101, -8, -975
-100, -10, -986
-96, -12, -957
-81, -5, -959
-88, -8, -985
-72, -16, -966
-98, -7, -950
-105, -17, -965
-104, -7, -960
-97, -6, -968
-93, -13, -970
-95, -9, -963
-109, -12, -970
-99, -9, -986
-92, -14, -974
-108, -10, -958
-95, -9, -977
-104, -16, -980
-96, -13, -960
-86, -11, -964
-102, -5, -932
-98, -3, -940
-114, -11, -957
-100, -6, -975
-96, -3, -974
-92, -2, -965
-89, -9, -949
-93, -13, -967
-101, -10, -964
-87, -18, -985
-91, -8, -993
-97, -13, -960
-103, -5, -961
-101, -4, -952
-94, -8, -953
-101, -16, -965
-100, -5, -971
-93, -3, -946
-108, -12, -954
-105, -4, -969
-95, -11, -958
-93, -9, -956
-98, -10, -948
-99, -13, -966
-95, -8, -982
-91, -5, -940
-96, -8, -936
-93, -12, -961
-95, -8, -943
-78, -12, -965
-92, -16, -993
-111, -15, -953
-98, -8, -962
-106, -10, -951
-97, -11, -971
-105, -8, -978
-100, -10, -974
-97, -6, -962
-89, -4, -974
-91, -10, -971
-106, -14, -960
-90, -11, -972
-86, -8, -955
-86, -9, -950
-103, -19, -956
-97, -10, -948
-88, -9, -944
-94, -16, -944
-106, -15, -948
-102, -12, -963
-97, -8, -955
-97, -12, -963
-101, -12, -954
-93, -11, -963
-93, -7, -966
-89, -10, -989
-80, -8, -967
-101, -7, -939
-103, -10, -954
-104, -7, -950
-98, -4, -969
-88, -8, -973
-103, 1, -959
-106, -6, -967
-101, -5, -960
-103, -4, -949
-114, -5, -951
-111, -13, -966
-111, -16, -962
-95, -12, -948
-79, -6, -959
-97, -8, -969
-115, -3, -961
-106, -9, -967
-90, -13, -977
-86, -5, -979
-105, -11, -970
-105, -10, -956
-100, -9, -942
-106, -12, -953
-115, -16, -973
-112, -6, -959
-98, -11, -957
-97, -9, -941
-98, -3, -949
-85, -11, -967
-112, -3, -953
-99, -8, -932
-98, -7, -937
-108, -9, -943
-103, -10, -947
-103, -14, -973
-101, -7, -967
-103, -9, -969
-104, -10, -966
-107, -9, -968
-106, -10, -972
-105, -9, -975
-92, -10, -968
-100, -12, -959
-103, -9, -966
-103, -5, -963
-99, -5, -945
-84, -1, -963
-100, -11, -953
-93, -8, -972
-87, -3, -981
-76, 1, -978
-76, -8, -958
-103, -8, -952
-106, -8, -962
-100, -12, -950
-96, -11, -966
-97, -7, -927
-88, -4, -952
-109, -5, -968
-101, -11, -971
-99, -8, -967
-107, -8, -967
-107, -9, -980
-110, -9, -975
-108, -18, -952
-99, -8, -959
-100, -1, -966
-97, -5, -968
-99, -1, -957
-109, -3, -960
-97, -12, -954
-91, -13, -943
-84, -9, -969
-99, -15, -986
-99, -13, -962
-96, -5, -965
-92, -11, -976
-85, -8, -954
-101, -4, -958
-92, -5, -975
-94, -11, -965
-105, -8, -974
-101, -10, -950
-106, -11, -970
-100, -2, -964
-108, -12, -941
-87, -5, -969
-91, -4, -970
-94, -7, -960
-100, -2, -957
-91, -7, -941
-99, -12, -953
-96, -11, -961
-89, -2, -954
-89, -5, -972
-91, -9, -987
-90, -3, -985
-91, -9, -955
-98, -3, -964
-94, -7, -960
-95, -9, -963
-110, -8, -975
-103, -7, -959
-90, -6, -958
-93, -2, -960
-99, -13, -952
-92, -8, -962
-79, 1, -974
-84, -4, -958
-93, -4, -947
-98, -8, -967
-90, -6, -933
-96, -1, -968
-96, -1, -988
-93, -6, -971
-91, -8, -964
-91, -10, -981
-91, -5, -975
-81, -6, -974
-87, -15, -954
-95, -5, -964
-89, -6, -954
-102, -13, -978
-94, -6, -978
-96, -6, -969
-91, -8, -942
-97, -9, -968
-96, -10, -958
-93, -7, -965
-80, -14, -952
-93, -14, -970
-103, -9, -962
-101, -4, -969
-101, -4, -954
-106, 1, -955
-92, -11, -956
-86, -11, -959
-86, -11, -979
-98, -5, -946
-91, -9, -943
-83, -14, -953
-96, -14, -978
-102, -8, -968
-104, -7, -974
-86, -9, -959
-84, -8, -961
-91, -8, -977
-96, -12, -972
-91, -11, -968
-108, -10, -963
-85, -5, -958
-93, -7, -988
-95, -7, -985
-96, -6, -985
-96, -2, -995
-101, -3, -974
-93, -9, -979
-99, -13, -996
-95, -12, -983
-85, -11, -964
-97, -9, -963
-92, -14, -980
-98, -10, -969
-84, -2, -965
-86, -6, -963
-86, -8, -978
-89, -2, -968
-88, -12, -978
-105, -8, -985
-102, -8, -981
-101, -7, -976
-110, -9, -955
-111, -9, -966
-96, -10, -961
-100, -2, -983
-101, -2, -983
-90, -6, -972
-84, -4, -969
-95, -4, -963
-96, -3, -960
-91, -2, -977
-94, -6, -979
-103, 0, -983
-90, -2, -992
-95, -7, -982
-96, -13, -984
-98, -7, -984
-98, -5, -974
-93, -8, -944
-98, -18, -942
-101, -5, -948
-104, -31, -1088
-164, -53, -598
-74, -35, -405
-44, -1, -746
-49, 24, -982
-99, -7, -990
-117, -10, -1070
-111, -32, -842
-73, -10, -859
-97, 8, -955
-106, 23, -1017
-102, 16, -852
-61, 7, -880
-55, 12, -937
-66, 7, -1149
-118, 15, -1215
-133, 14, -1302
-140, 11, -1370
-137, -4, -1312
-129, -16, -1167
-95, -21, -987
-101, -10, -866
-81, -8, -851
-87, -1, -960
-109, 3, -1042
-101, -3, -1021
-84, -15, -985
-73, -16, -937
-70, -24, -938
-75, -25, -959
-80, -22, -909
-82, -29, -882
-85, -27, -863
-98, -22, -836
-89, -20, -832
-72, -7, -881
-69, -9, -991
-93, 0, -1087
-91, -13, -1160
-88, -8, -1171
-112, -8, -1142
-101, -6, -1139
-121, -6, -1144
-104, -6, -1091
-111, -6, -1062
-105, -15, -958
-105, -15, -912
-94, -6, -911
-77, 1, -919
-89, 3, -915
-87, 0, -967
-94, -15, -998
-84, -16, -1032
-93, -12, -1044
-90, -16, -1072
-104, -6, -1045
-112, -4, -1036
-110, -10, -1042
-114, -11, -1005
-98, -16, -1004
-96, -17, -956
-101, -9, -971
-97, -9, -1013
-100, -7, -1051
-114, -12, -1044
-107, -10, -1027
-94, -11, -1013
-104, -11, -1014
-101, -7, -1027
-113, -13, -1012
-91, -9, -990
-98, -8, -986
-99, -7, -972
-105, -3, -962
-98, -2, -994
-99, -3, -1010
-113, -5, -1007
-102, -6, -1004
-95, -2, -964
-103, -2, -939
-89, -9, -956
-91, -12, -956
-104, -15, -961
-97, -4, -925
-103, -13, -933
-104, -17, -938
-108, -10, -971
-89, -5, -947
-102, -4, -934
-96, -5, -929
-86, -8, -904
-102, -14, -901
-89, -12, -918
-84, -12, -885
-75, -13, -886
-72, -1, -847
-81, 2, -838
-79, -6, -836
-62, -5, -827
-87, -7, -814
-83, -8, -809
-83, -13, -872
-100, -7, -900
-93, -18, -923
-108, -21, -988
-106, -26, -959
-118, -31, -1003
-110, -35, -1006
-109, -26, -1000
-92, -25, -975
-94, -21, -965
-90, -19, -932
-88, -18, -909
-74, -16, -928
-95, -14, -948
-104, -24, -1006
-81, -17, -999
-82, -10, -953
-93, -10, -932
-84, -10, -892
-81, -7, -898
-103, -16, -947
-112, -11, -954
-99, -10, -961
-94, -8, -954
-95, -8, -933
-92, -11, -952
-104, -19, -991
-108, -13, -1003
-99, -12, -982
-104, -23, -946
-95, -14, -931
-93, -13, -935
-76, -15, -965
-90, -19, -1003
-93, -14, -972
-95, -14, -967
-83, -15, -901
-74, -8, -872
-86, -11, -892
-99, -17, -921
-111, -15, -926
-94, -15, -982
-104, -13, -950
-98, -18, -940
-105, -21, -965
-100, -16, -1008
-97, -14, -995
-101, -18, -994
-108, -15, -979
-87, -9, -916
-92, -12, -948
-93, -12, -964
-90, -10, -997
-106, -7, -965
-98, -18, -977
-98, -18, -969
-99, -16, -961
-96, -12, -962
-107, -16, -958
-99, -11, -963
-92, -8, -944
-109, -14, -945
-107, -15, -956
-100, -13, -949
-113, -14, -960
-91, -17, -968
-91, -16, -980
-97, -24, -971
-83, -19, -955
-87, -14, -951
-104, -17, -974
-111, -13, -988
-106, -19, -1000
-98, -19, -991
-98, -14, -965
-109, -19, -958
-112, -22, -942
-96, -14, -954
-95, -8, -939
-93, -7, -929
-89, -10, -956
-107, -7, -967
-102, -6, -988
-104, -10, -971
-106, -16, -988
-101, -15, -980
-95, -12, -971
-95, -10, -992
-94, -10, -974
-89, -14, -983
-103, -16, -967
-96, -22, -975
-102, -13, -944
-101, -15, -965
-88, -18, -975
-88, -18, -967
-95, -22, -956
-96, -19, -940
-95, -14, -936
-98, -19, -944
-102, -17, -970
-104, -14, -965
-96, -13, -977
-98, -11, -975
-116, -12, -963
-98, -15, -972
-100, -19, -945
-99, -8, -974
-100, -12, -969
-84, -16, -937
-97, -14, -966
-96, -10, -977
-103, -12, -944
-97, -12, -948
-99, -17, -950
-111, -15, -962
-104, -8, -949
-97, -14, -947
-103, -14, -951
-83, -16, -961
-87, -7, -957
-91, -11, -989
-99, -20, -969
-91, -12, -961
-91, -14, -956
-93, -15, -969
-100, -20, -989
-93, -15, -963
-93, -16, -958
-92, -8, -940
-103, -16, -949
-100, -14, -968
-111, -14, -969
-101, -18, -964
-105, -15, -971
-108, -20, -952
-103, -11, -953
-91, -12, -943
-85, -17, -943
-97, -14, -971
-98, -16, -956
-88, -7, -975
-97, -11, -987
-93, -13, -972
-95, -9, -973
-93, -10, -967
-93, -14, -975
-106, -11, -975
-95, -15, -965
-84, -17, -953
-96, -13, -941
-100, -15, -969
-100, -12, -960
-107, -12, -951
-101, -12, -970
-96, -12, -980
-88, -15, -972
-94, -8, -968
-114, -5, -945
-110, -4, -945
-106, -9, -955
-117, -16, -973
-105, -20, -969
-89, -13, -969
-112, -19, -957
-107, -18, -973
-109, -11, -971
-101, -14, -954
-101, -15, -969
-94, -21, -960
-115, -11, -960
-95, -15, -984
-84, -11, -980
-101, -10, -940
-95, -12, -954
-99, -11, -962
-102, -15, -954
-99, -16, -959
-95, -15, -954
-94, -11, -963
-99, -7, -962
-100, -12, -973
-101, -9, -960
-102, -15, -973
-99, -20, -969
-100, -23, -960
-109, -11, -961
-104, -9, -951
-91, -11, -981
-98, -5, -983
-93, -12, -963
-95, -12, -975
-106, -9, -979
-96, -11, -989
-96, -6, -958
-99, -15, -982
-99, -8, -959
-98, -11, -945
-84, -17, -968
-89, -21, -967
-108, -14, -965
-94, -14, -941
-98, -14, -958
-91, -14, -972
-94, -16, -958
-101, -17, -963
-101, -17, -957
-111, -14, -959
-106, -18, -961
-103, -13, -980
-96, -12, -971
-96, -10, -959
-81, -9, -953
-97, -12, -963
-101, -14, -975
-90, -13, -967
-103, -14, -987
-104, -12, -963
-104, -8, -969
-92, -15, -960
-85, -12, -956
-92, -14, -972
-99, -10, -979
-89, -10, -976
-100, -15, -971
-103, -14, -981
-95, -13, -986
-100, -17, -966
-98, -11, -972
-104, -12, -956
-107, -16, -973
-103, -17, -949
-98, -11, -974
-97, -15, -939
-98, -14, -968
-95, -11, -974
-83, -8, -959
-88, -12, -970
-93, -19, -974
-92, -12, -955
-88, -13, -953
-96, -9, -965
-108, -10, -986
-107, -18, -965
-101, -14, -974
-100, -10, -952
-95, -16, -945
-103, -11, -948
-92, -19, -931
-109, -13, -965
-108, -14, -971
-91, -17, -953
-105, -19, -987
-104, -17, -961
-101, -11, -968
-94, -17, -961
-87, -12, -983
-95, -11, -947
-101, -12, -961
-100, -13, -946
-100, -12, -966
-101, -12, -968
-111, -17, -962
-95, -10, -966
-95, -10, -942
-92, -13, -952
-107, -13, -951
-119, -17, -974
-95, -6, -990
-90, -17, -978
-97, -11, -961
-99, -12, -969
-93, -15, -951
-86, -10, -965
-96, -14, -954
-102, -17, -953
-112, -15, -962
-100, -16, -957
-99, -12, -983
-110, -11, -963
-103, -14, -970
-100, -20, -975
-99, -15, -974
-103, -17, -978
-101, -20, -955
-108, -15, -969
-85, -19, -980
-97, -9, -960
-107, -16, -944
-100, -16, -949
-113, -15, -950
-105, -10, -954
-98, -10, -959
-105, -14, -945
-81, -10, -968
-93, -17, -960
-97, -16, -963
-92, -19, -958
-85, -10, -953
-103, -14, -944
-99, -12, -976
-101, -12, -962
-89, -14, -976
-90, -15, -974
-83, -6, -954
-102, -21, -968
-107, -14, -970
-108, -15, -986
-96, -20, -968
-93, -15, -973
-102, -16, -973
-98, -13, -964
-101, -7, -971
-94, -7, -972
-92, -11, -959
-101, -15, -963
-106, -11, -965
-102, -5, -967
-96, -10, -971
-93, -3, -971
-115, -1, -971
-112, -21, -981
-98, -28, -970
-92, -43, -980
-90, -26, -960
-102, -25, -938
-88, -15, -975
-103, -22, -966
-116, -30, -963
-94, -33, -980
-97, -24, -965
-89, -14, -912
-87, -4, -945
-100, -5, -1015
-104, 0, -1041
-104, 9, -958
-106, 10, -907
-96, 18, -941
-90, 21, -964
-104, 21, -1007
-97, 5, -1007
-99, -2, -979
-110, -5, -918
-120, -7, -941
-113, -9, -963
-91, -12, -950
-88, -11, -983
-83, -13, -987
-81, -21, -966
-88, -19, -926
-77, -23, -984
-98, -15, -992
-109, -16, -968
-106, -17, -972
-103, -11, -981
-102, -6, -974
-103, -4, -984
-106, -9, -1020
-120, -15, -1016
-92, -11, -982
-93, -15, -969
-75, -15, -901
-85, -15, -906
-87, -15, -916
-80, -15, -916
-87, -11, -907
-105, -14, -925
-91, -11, -936
-93, -10, -976
-103, -14, -1005
-93, -8, -1040
-105, -7, -1053
-115, -6, -1008
-119, -10, -962
-114, -11, -959
-115, -22, -964
-111, -23, -948
-99, -24, -921
-85, -29, -907
-84, -19, -894
-88, -19, -913
-97, -20, -943
-108, -16, -987
-98, -14, -992
-108, -14, -998
-115, -9, -1042
-114, -10, -1028
-96, -11, -987
-108, -12, -957
-114, -16, -969
-100, -19, -912
-97, -17, -941
-98, -18, -951
-104, -10, -957
-95, -15, -930
-90, -6, -961
-90, -10, -986
-91, -9, -996
-114, -4, -1011
-120, -10, -996
-101, -13, -955
-95, -12, -983
-89, -12, -980
-89, -12, -1002
-94, -12, -981
-107, -13, -988
-90, -12, -965
-92, -10, -965
-86, -5, -962
-84, -6, -948
-89, -2, -952
-88, -2, -976
-97, -7, -985
-108, -8, -992
-105, -11, -959
-104, -7, -951
-88, 1, -941
-79, 3, -923
-75, -7, -893
-69, -5, -919
-81, -1, -949
-86, 5, -944
-85, 7, -974
-101, 12, -976
-103, 10, -974
-106, 18, -983
-98, 19, -970
-93, 14, -927
-89, 26, -900
-79, 22, -864
-69, 23, -885
-86, 21, -904
-94, 11, -958
-94, 10, -959
-95, 6, -986
-102, 3, -990
-96, -3, -994
-94, -6, -1000
-101, -8, -1027
-106, -19, -1016
-103, -22, -984
-108, -25, -954
-94, -36, -951
-95, -34, -960
-99, -32, -940
-110, -35, -941
-101, -49, -945
-104, -54, -929
-103, -60, -943
-95, -68, -940
-92, -59, -978
-82, -67, -979
-85, -68, -977
-102, -66, -965
-99, -70, -963
-106, -65, -937
-88, -47, -935
-96, -16, -959
-99, 2, -998
-109, 3, -981
-104, -2, -999
-111, -1, -978
-102, -11, -973
-102, -15, -950
-111, -11, -974
-103, -16, -979
-106, -10, -959
-84, -8, -952
-86, -6, -936
-88, -13, -934
-92, -16, -980
-98, -18, -997
-87, -22, -995
-93, -26, -929
-87, -25, -924
-81, -9, -878
-71, -1, -894
-79, -12, -933
-95, -6, -992
-92, -8, -999
-110, -15, -1012
-107, -13, -988
-105, -16, -1027
-111, -10, -1038
-113, -15, -1053
-107, -12, -981
-113, -13, -955
-96, -17, -891
-92, -8, -898
-91, -11, -922
-79, -9, -943
-102, -7, -952
-99, -14, -976
-87, -13, -968
-96, -14, -974
-96, -16, -967
-94, -10, -990
-90, -1, -1014
-93, -6, -991
-101, -8, -984
-114, -12, -947
-101, -10, -935
-100, -10, -961
-105, -7, -990
-105, -6, -962
-96, -7, -968
-89, -13, -959
-91, -17, -950
-102, -10, -959
-93, -14, -957
-96, -8, -963
-103, -13, -935
-92, -13, -964
-105, -11, -956
-102, -16, -970
-107, -11, -986
-113, -18, -997
-96, -21, -989
-109, -18, -983
-98, -18, -968
-100, -15, -954
-112, -15, -976
-97, -15, -965
-103, -13, -931
-76, -17, -926
-89, -12, -949
-98, -11, -958
-111, -20, -941
-95, -16, -971
-101, -15, -958
-97, -10, -986
-83, -12, -950
-88, -16, -973
-104, -20, -966
-91, -17, -955
-87, -15, -960
-88, -22, -954
-73, -25, -965
-96, -17, -964
-100, -9, -961
-108, -9, -961
-104, -3, -985
-100, -16, -982
-105, -20, -980
-103, -13, -958
-93, -13, -928
-102, -11, -940
-100, -14, -953
-94, -15, -937
-101, -13, -964
-107, -13, -978
-101, -10, -968
-84, -13, -970
-96, -14, -972
-103, -17, -969
-103, -10, -978
-94, -11, -983
-93, -9, -971
-81, -7, -970
-81, -11, -960
-91, -16, -937
-87, -14, -969
-95, -16, -957
-103, -16, -970
-97, -14, -957
-94, -13, -961
-97, -7, -954
-86, -9, -963
-96, -16, -975
-83, -8, -971
-95, -17, -953
-110, -18, -946
-102, -15, -962
-96, -10, -952
-105, -16, -1000
-99, -7, -983
-107, -10, -993
-97, -17, -970
-103, -14, -969
-87, -10, -986
-107, -5, -956
-101, -10, -959
-101, -5, -960
-100, -15, -963
-101, -10, -951
-96, -13, -944
-89, -3, -955
-87, -8, -972
-94, -11, -962
-97, -8, -967
-99, -14, -963
-107, -11, -965
-106, -5, -972
-97, -9, -972
-96, -12, -966
-103, -10, -968
-102, -19, -969
-102, -12, -961
-97, -15, -959
-90, -9, -978
-105, -8, -955
-105, -11, -964
-96, -12, -987
-109, -8, -983
-101, -6, -975
-93, -12, -965
-97, -15, -958
-90, -12, -942
-92, -8, -947
-96, -7, -960
-98, -4, -964
-96, -10, -959
-103, -12, -968
-102, -16, -968
-103, -18, -970
-105, -11, -973
-103, -14, -980
-99, -12, -968
-90, -11, -969
-90, -11, -964
-117, -8, -970
-106, -4, -964
-89, -10, -954
-94, -9, -977
-89, -7, -972
-90, -8, -960
-90, -9, -941
-111, -17, -977
-106, -13, -967
-85, -6, -962
-95, -9, -971
-103, -4, -956
-102, -8, -956
-103, -13, -948
-109, -14, -956
-103, -10, -959
-101, -14, -955
-94, -9, -979
-92, -7, -964
-90, -11, -948
-104, -9, -952
-107, -8, -953
-122, -8, -931
-110, -16, -940
-99, -17, -941
-99, -9, -959
-97, -15, -961
-101, -12, -958
-102, -12, -959
-106, -10, -960
-97, -11, -963
-101, -2, -990
-101, -2, -970
-95, -9, -969
-99, -10, -987
-96, -13, -967
-89, -10, -941
-95, -11, -957
-89, -9, -988
-91, -17, -974
-96, -11, -949
-86, -13, -962
-94, -14, -987
-103, -13, -965
-95, -12, -967
-101, -9, -971
-100, -9, -964
-97, -13, -979
-96, -7, -947
-108, -18, -962
-102, -13, -972
-97, -14, -963
-93, -13, -956
-84, -8, -945
-96, -18, -963
-92, -16, -962
-84, -18, -954
-90, -13, -951
-92, -16, -962
-101, -18, -977
-104, -13, -966
-112, -8, -968
-85, -11, -979
-96, -11, -969
-93, -11, -955
-98, -12, -950
-98, -9, -954
-100, -16, -970
-96, -7, -969
-95, -10, -968
-84, -13, -970
-97, -14, -984
-93, -12, -972
-107, -16, -953
-97, -14, -971
-91, -12, -985
-96, -9, -982
-98, -13, -970
-100, -15, -955
-99, -15, -959
-94, -18, -958
-108, -17, -944
-110, -10, -956
-95, -7, -950
-84, -12, -981
-82, -8, -976
-101, -11, -962
-100, -17, -969
-96, -9, -1006
-101, -11, -975
-97, -15, -934
-100, -12, -964
-103, -8, -934
-100, -11, -942
-103, -11, -967
-89, -11, -975
-95, -12, -939
-114, -14, -982
-102, -14, -964
-99, -24, -950
-108, -29, -970
-115, -28, -981
-113, -18, -947
-92, -23, -953
-93, -35, -973
-96, -36, -960
-92, -45, -963
-97, -62, -962
-106, -57, -954
-105, -61, -936
-108, -55, -965
-110, -50, -980
-106, -50, -982
-105, -43, -970
-109, -31, -959
-104, -21, -952
-96, -6, -965
-105, 14, -959
-96, 29, -951
-100, 44, -985
-96, 57, -952
-72, 67, -965
-80, 82, -991
-82, 74, -955
-82, 45, -935
-110, 12, -935
-119, -24, -950
-117, -48, -957
-120, -37, -986
-108, -29, -986
-103, -5, -954
-86, 4, -956
-78, 3, -985
-71, -2, -961
-88, -8, -955
-93, -18, -962
-108, -26, -934
-97, -20, -929
-106, -17, -938
-94, -11, -960
-111, -7, -1002
-110, -1, -974
-111, -9, -969
-115, -8, -944
-94, -13, -961
-89, -7, -983
-91, -21, -982
-98, -16, -976
-82, -13, -979
-90, -6, -974
-103, -10, -938
-94, -12, -961
-103, -9, -961
-110, -5, -978
-107, -4, -991
-94, -5, -976
-94, 5, -950
-94, -1, -968
-113, -5, -968
-108, -4, -976
-110, -6, -967
-101, -3, -980
-87, -6, -976
-89, -10, -951
-103, -3, -963
-101, -4, -963
-95, -8, -961
-87, -13, -966
-92, -12, -946
-93, -12, -971
-96, -14, -998
-100, -19, -959
-97, -13, -954
-86, -14, -960
-87, -20, -931
-89, -23, -963
-104, -19, -988
-97, -22, -982
-86, -27, -970
-77, -21, -935
-78, -21, -956
-98, -16, -991
-90, -24, -979
-106, -15, -967
-101, -16, -974
-104, -17, -962
-91, -15, -937
-111, -9, -936
-99, -5, -949
-122, -7, -958
-105, -7, -950
-115, -11, -947
-117, -14, -972
-111, -7, -957
-105, -10, -967
-110, -8, -984
-105, -10, -975
-98, -8, -973
-91, -5, -947
-104, -8, -948
-95, -9, -949
-100, -9, -953
-84, -8, -962
-90, -7, -956
-104, -11, -952
-96, -18, -969
-100, -17, -974
-84, -24, -977
