-32, -126, -961
-20, -119, -986
-20, -126, -972
-13, -121, -978
-24, -118, -981
-17, -126, -964
-17, -117, -974
-21, -121, -972
-23, -123, -962
-21, -124, -973
-20, -124, -965
-20, -116, -953
-19, -111, -959
-11, -119, -938
-21, -119, -988
-16, -116, -962
-26, -115, -967
-31, -120, -968
-23, -121, -962
-17, -115, -970
-7, -120, -962
-15, -113, -950
-16, -116, -963
-22, -114, -957
-12, -120, -964
-23, -121, -965
-8, -118, -956
-17, -122, -956
-8, -124, -945
-17, -122, -930
-29, -114, -970
-12, -117, -955
-12, -120, -946
-16, -116, -969
-31, -119, -956
-11, -118, -972
-13, -115, -954
-18, -123, -967
-15, -118, -969
-21, -117, -982
-39, -117, -975
-16, -116, -967
-18, -115, -960
-29, -111, -971
-21, -118, -960
-30, -119, -971
-19, -129, -954
-28, -120, -967
-20, -118, -984
-17, -120, -950
-17, -120, -962
-17, -113, -965
-22, -115, -958
-21, -115, -953
-14, -122, -936
-25, -123, -980
-22, -116, -951
-20, -122, -962
-20, -122, -984
-23, -114, -980
-22, -111, -982
-22, -107, -952
-18, -117, -944
-19, -122, -972
-15, -118, -977
-14, -117, -982
-16, -113, -960
-15, -121, -966
-12, -117, -968
-31, -115, -963
-25, -115, -969
-14, -119, -983
-25, -117, -957
-16, -121, -970
-24, -121, -971
-24, -117, -968
-19, -118, -982
-15, -126, -968
-27, -122, -967
-23, -117, -958
-16, -116, -933
-34, -119, -945
-18, -122, -936
-19, -122, -968
-19, -120, -967
-29, -121, -965
-13, -119, -973
-23, -118, -959
-20, -112, -957
-32, -112, -960
-23, -118, -943
-30, -110, -951
-34, -116, -973
-24, -119, -966
-21, -113, -965
-21, -119, -976
-35, -113, -961
-30, -118, -960
-30, -117, -968
-23, -116, -962
-24, -117, -966
-27, -114, -950
-31, -110, -965
-13, -119, -978
-18, -118, -972
-19, -126, -954
-29, -116, -980
-39, -118, -977
-22, -122, -965
-17, -117, -972
-11, -123, -955
-12, -120, -977
-15, -119, -964
-11, -122, -962
-29, -123, -966
-15, -120, -975
-21, -114, -980
-13, -115, -978
-19, -117, -952
-25, -114, -987
-26, -124, -965
-17, -122, -975
-21, -122, -957
-22, -119, -961
-22, -122, -967
-9, -118, -965
-21, -121, -966
-21, -118, -965
-6, -122, -973
-18, -117, -962
-25, -116, -960
-24, -115, -966
-15, -123, -960
-23, -116, -953
-18, -124, -968
-18, -120, -956
-13, -111, -972
-19, -117, -985
-22, -117, -958
-15, -115, -961
-9, -119, -965
-34, -118, -964
-32, -120, -967
-25, -120, -963
-16, -116, -969
-31, -121, -947
-27, -121, -975
-26, -125, -974
-19, -126, -966
-19, -116, -983
-13, -123, -958
-27, -113, -964
-26, -118, -961
-10, -126, -969
-21, -119, -980
-22, -120, -975
-15, -115, -967
-34, -120, -964
-10, -115, -962
-15, -119, -951
-13, -122, -943
-25, -122, -977
-25, -124, -954
-11, -116, -979
-9, -116, -949
-11, -119, -961
-27, -117, -941
-14, -110, -962
-30, -114, -958
-28, -115, -957
-30, -113, -991
-16, -115, -988
-22, -112, -996
-11, -113, -970
-25, -116, -975
-15, -117, -974
-35, -112, -951
-16, -123, -959
-23, -123, -969
-24, -118, -965
-17, -120, -984
-15, -123, -963
-32, -120, -967
-27, -117, -953
-26, -118, -929
-32, -114, -945
-11, -116, -932
-9, -123, -956
-18, -114, -975
-22, -118, -961
-23, -118, -946
-27, -116, -961
-18, -117, -968
-24, -125, -957
-26, -121, -970
-18, -115, -969
-17, -113, -972
-35, -115, -954
-25, -122, -954
-24, -114, -969
-24, -122, -965
-28, -113, -968
-24, -116, -968
-14, -121, -970
-24, -113, -962
-28, -119, -962
-29, -114, -963
-42, -116, -963
-28, -116, -952
-22, -118, -963
-26, -112, -958
-19, -117, -953
-18, -113, -978
-13, -115, -982
-28, -115, -957
-25, -119, -957
-22, -119, -960
-12, -118, -960
-20, -121, -961
-15, -111, -967
-2, -117, -955
-24, -121, -955
-40, -120, -975
-31, -110, -974
-14, -115, -967
-25, -116, -967
-20, -121, -949
-25, -119, -968
-17, -117, -990
-17, -120, -958
-25, -115, -972
-30, -123, -968
-23, -120, -971
-28, -120, -959
-13, -123, -957
-17, -119, -980
-23, -122, -966
-27, -123, -963
-31, -120, -972
-25, -118, -951
-28, -107, -966
-28, -115, -957
-29, -112, -950
-20, -112, -959
-18, -114, -971
-17, -117, -951
-21, -112, -969
-13, -118, -977
-14, -122, -952
-18, -121, -961
-26, -116, -964
-21, -120, -961
-16, -120, -962
-25, -115, -967
-18, -114, -972
-14, -112, -971
-22, -118, -979
-19, -125, -974
-27, -120, -965
-36, -116, -977
-5, -119, -951
-23, -119, -975
-22, -117, -969
-9, -112, -973
-22, -114, -963
-31, -118, -979
-28, -122, -961
-14, -121, -972
-17, -115, -963
-23, -121, -972
-11, -118, -986
-16, -117, -980
-15, -121, -959
-29, -111, -963
-33, -115, -976
-30, -107, -970
-17, -113, -957
-30, -113, -963
-28, -117, -958
-26, -119, -958
-20, -119, -986
-21, -121, -942
-22, -116, -975
-15, -114, -968
-14, -119, -966
-34, -122, -947
-17, -120, -942
-22, -115, -942
-21, -118, -958
-4, -120, -963
-23, -115, -949
-37, -118, -968
-33, -121, -956
-14, -112, -969
-11, -113, -965
-23, -117, -962
-15, -113, -986
-20, -121, -973
-17, -111, -944
-28, -111, -965
-32, -118, -979
-36, -117, -968
-17, -122, -955
-22, -118, -961
-12, -119, -957
-12, -116, -975
-19, -121, -978
-19, -119, -962
-33, -116, -976
-26, -118, -983
-26, -123, -970
-18, -117, -967
-27, -115, -978
-22, -126, -951
-26, -110, -986
-21, -115, -960
-31, -111, -969
-23, -119, -965
-21, -116, -978
-28, -114, -958
-19, -115, -949
-21, -127, -968
-19, -120, -962
-15, -116, -942
-17, -112, -946
-30, -117, -976
-32, -109, -976
-30, -117, -954
-24, -120, -961
-19, -115, -962
-15, -118, -962
-28, -111, -953
-25, -115, -956
-20, -119, -962
-20, -116, -972
-22, -111, -969
-20, -116, -974
-25, -116, -977
-22, -119, -971
-12, -119, -952
-23, -117, -971
-21, -121, -966
-18, -115, -978
-19, -111, -956
-18, -112, -963
-21, -114, -963
-19, -113, -964
-23, -124, -972
-23, -119, -972
-25, -118, -977
-25, -120, -972
-21, -116, -970
-27, -119, -977
-25, -119, -968
-29, -115, -958
-27, -115, -982
-20, -115, -977
-22, -119, -957
-23, -118, -963
-30, -117, -968
-18, -119, -939
-29, -121, -996
-20, -118, -970
-7, -118, -963
-22, -121, -941
-29, -112, -970
-8, -117, -974
-12, -119, -974
-14, -120, -968
-23, -118, -983
-20, -117, -987
-26, -117, -963
-27, -116, -975
-30, -110, -962
-15, -113, -945
-30, -116, -984
-21, -111, -956
-13, -119, -955
-26, -113, -967
-30, -122, -982
-25, -122, -964
-18, -120, -998
-20, -118, -974
-19, -116, -964
-20, -114, -947
-13, -113, -956
-18, -118, -949
-23, -116, -976
-17, -116, -950
-23, -113, -974
-30, -117, -975
-22, -118, -965
-15, -109, -975
-11, -124, -959
-9, -119, -977
-11, -117, -987
-10, -117, -957
-14, -121, -958
-25, -120, -956
-19, -114, -960
-3, -123, -953
-13, -121, -953
-13, -121, -952
-21, -115, -968
-10, -114, -949
-9, -113, -950
-14, -115, -950
-15, -114, -972
-12, -121, -956
-24, -120, -947
-27, -114, -962
-23, -116, -966
-11, -120, -961
-19, -123, -977
-19, -112, -963
-11, -115, -938
-30, -110, -975
-19, -120, -972
-12, -118, -955
-18, -122, -969
-19, -120, -959
-15, -127, -968
-31, -115, -964
-22, -114, -982
-21, -122, -969
-10, -123, -951
-32, -120, -975
-25, -124, -961
-26, -116, -966
-23, -121, -965
-16, -120, -948
-14, -110, -976
-25, -114, -964
-19, -115, -981
-19, -118, -974
-28, -119, -967
-38, -118, -973
-37, -119, -962
-16, -116, -972
-13, -114, -974
-22, -112, -986
-14, -123, -958
-17, -114, -969
-11, -121, -962
-21, -117, -977
-19, -122, -989
-18, -126, -977
-24, -121, -965
-18, -118, -984
-3, -125, -963
-24, -120, -965
-20, -117, -968
-15, -118, -968
-1, -122, -940
-27, -123, -945
-24, -117, -983
-19, -117, -974
-7, -116, -953
-28, -119, -957
-30, -117, -964
-18, -116, -989
-19, -118, -960
-31, -114, -967
-29, -118, -978
-17, -117, -970
-28, -117, -965
-30, -119, -962
-27, -115, -973
-7, -118, -954
-20, -121, -958
-25, -112, -970
-13, -120, -946
-19, -113, -951
-17, -118, -957
-28, -111, -956
-22, -118, -973
-27, -118, -970
-25, -110, -962
-20, -119, -946
-22, -122, -954
-35, -112, -982
-10, -128, -947
-19, -118, -974
-19, -115, -978
-18, -124, -958
-28, -118, -970
-18, -120, -984
-15, -122, -969
-20, -120, -968
-15, -112, -964
-14, -116, -966
-17, -118, -969
-16, -120, -967
-23, -116, -975
-29, -115, -971
-15, -115, -955
-13, -114, -959
-22, -112, -940
-25, -116, -953
-13, -119, -953
-10, -120, -952
-35, -121, -959
-13, -118, -973
-17, -109, -975
-12, -112, -972
-13, -117, -953
-20, -118, -964
-27, -125, -963
-21, -118, -964
-20, -121, -957
-30, -119, -967
-23, -122, -977
-14, -122, -971
-28, -119, -976
-29, -112, -972
-20, -115, -967
-33, -120, -966
-15, -121, -976
-21, -125, -952
-12, -115, -937
-10, -120, -963
-19, -122, -963
-24, -117, -969
-12, -118, -981
-24, -114, -973
-23, -113, -980
-18, -117, -965
-18, -117, -961
-15, -111, -982
-13, -113, -955
-23, -118, -977
-8, -127, -933
-17, -121, -952
-32, -115, -966
-14, -115, -981
-22, -115, -959
-17, -121, -974
-15, -122, -982
-17, -113, -972
-13, -118, -973
-20, -127, -966
-26, -117, -982
-14, -111, -954
-25, -110, -964
-17, -120, -964
-25, -120, -966
-24, -121, -976
-23, -125, -955
-14, -116, -972
-15, -117, -959
-15, -120, -961
-15, -116, -964
-22, -124, -955
-21, -120, -959
-12, -116, -965
-27, -118, -985
-37, -116, -973
-16, -120, -946
-24, -113, -956
-13, -120, -957
-20, -114, -972
-16, -121, -981
-21, -122, -973
-24, -116, -970
-17, -117, -977
-3, -125, -964
-30, -118, -961
-20, -112, -967
-19, -115, -956
-36, -113, -941
-36, -122, -959
-20, -118, -948
-33, -123, -969
-25, -123, -954
-17, -113, -974
-20, -116, -967
-22, -116, -970
-24, -115, -975
-41, -115, -969
-38, -118, -961
-17, -124, -965
-29, -119, -951
-10, -124, -953
-16, -112, -952
-16, -120, -958
-32, -115, -968
-21, -111, -942
-18, -111, -974
-19, -113, -971
-28, -118, -966
-27, -117, -982
-25, -119, -969
-22, -120, -954
-17, -118, -959
-4, -123, -970
-16, -113, -986
-15, -115, -975
-27, -118, -979
-27, -115, -975
-22, -113, -967
-20, -115, -973
-8, -121, -963
-17, -116, -968
-21, -121, -957
-8, -114, -976
-19, -119, -967
-4, -113, -969
-24, -115, -955
-28, -119, -954
-20, -117, -970
-24, -119, -960
-17, -118, -947
-24, -116, -967
-23, -123, -952
-28, -121, -941
-12, -113, -973
-10, -120, -972
-27, -115, -959
-14, -112, -973
-18, -117, -966
-32, -120, -962
-21, -114, -982
-26, -119, -973
-36, -111, -984
-8, -124, -951
-15, -117, -958
-25, -114, -962
-15, -124, -946
-21, -116, -948
-14, -116, -974
-15, -123, -974
-25, -120, -970
-20, -117, -976
-21, -109, -964
-21, -119, -965
-27, -117, -972
-31, -115, -962
-37, -113, -977
-35, -118, -972
-19, -116, -958
-19, -111, -959
-6, -120, -965
-9, -118, -954
-12, -115, -961
-10, -118, -964
-15, -123, -960
-15, -117, -970
-21, -121, -978
-26, -113, -954
-22, -116, -957
-24, -120, -984
-27, -123, -954
-28, -113, -941
-16, -115, -949
-26, -115, -983
-30, -124, -985
-21, -120, -972
-25, -110, -943
-27, -111, -965
-37, -125, -1003
-37, -127, -975
-35, -121, -945
-18, -118, -938
-19, -110, -941
-29, -114, -943
-23, -118, -971
-19, -124, -1024
-7, -127, -1005
-10, -122, -951
-6, -114, -961
-22, -115, -954
-36, -119, -958
-44, -121, -943
-27, -122, -886
-26, -107, -938
-22, -118, -976
-26, -121, -1011
-23, -123, -999
-17, -123, -956
-14, -122, -977
-26, -129, -959
-26, -122, -967
-25, -121, -954
-24, -118, -967
-18, -119, -974
-10, -123, -980
1, -123, -966
-17, -121, -978
-8, -127, -972
-15, -119, -950
-25, -119, -954
-19, -117, -987
-20, -115, -967
-17, -118, -968
-14, -117, -964
-14, -119, -959
-2, -116, -976
-22, -126, -981
-20, -123, -961
-29, -116, -939
-23, -116, -983
-15, -117, -971
-26, -117, -994
-29, -122, -971
-23, -119, -959
-28, -118, -988
-25, -113, -963
-26, -118, -952
-28, -118, -964
-29, -117, -962
-23, -120, -984
-12, -131, -982
-23, -124, -974
-13, -119, -958
-22, -127, -967
-17, -121, -961
-21, -120, -958
-24, -120, -976
-23, -120, -963
-8, -111, -977
-9, -118, -957
-1, -119, -982
-17, -118, -982
-10, -116, -989
-12, -118, -973
-15, -116, -953
-21, -118, -965
-19, -123, -940
-27, -112, -956
-17, -114, -983
-10, -122, -956
-17, -110, -972
-28, -109, -984
-26, -118, -962
-28, -116, -970
-20, -117, -980
-18, -122, -967
-24, -118, -957
-18, -119, -966
-22, -120, -969
-20, -110, -954
-33, -118, -995
-18, -125, -968
-25, -115, -967
-31, -118, -973
-21, -118, -965
-24, -117, -967
-6, -121, -974
-20, -118, -984
-27, -121, -953
-10, -111, -954
-18, -119, -943
-17, -119, -958
-23, -116, -972
-24, -118, -958
-22, -119, -946
-26, -117, -936
-32, -119, -992
-25, -113, -965
-11, -107, -973
-14, -121, -954
-22, -117, -973
-18, -110, -959
-18, -119, -969
-36, -116, -979
-19, -119, -948
-26, -118, -966
-26, -113, -981
-15, -113, -993
-27, -115, -989
-22, -116, -969
-18, -109, -983
-23, -109, -945
-19, -112, -952
-16, -115, -953
-20, -123, -937
-14, -118, -930
-20, -119, -960
-9, -128, -942
-24, -126, -958
-26, -118, -982
-24, -123, -950
-24, -119, -982
-21, -124, -982
-22, -115, -981
-25, -115, -962
-20, -121, -971
-32, -112, -963
-23, -122, -983
-17, -114, -971
-28, -110, -963
-12, -114, -945
-30, -121, -978
-27, -122, -963
-34, -115, -973
-24, -116, -971
-20, -114, -955
-9, -111, -963
-10, -120, -966
-17, -117, -943
-22, -117, -948
-22, -112, -959
-8, -117, -960
-32, -115, -953
-35, -116, -964
-22, -121, -969
-3, -122, -961
-27, -117, -955
-5, -120, -949
-20, -121, -965
-23, -116, -958
-28, -111, -975
-23, -114, -957
-30, -114, -949
-22, -112, -963
-21, -120, -953
-21, -122, -970
-25, -113, -979
-11, -112, -973
-13, -118, -963
-19, -119, -973
-21, -108, -952
-23, -112, -962
-27, -110, -970
-18, -118, -954
-21, -115, -967
-30, -112, -957
-27, -114, -971
-19, -121, -970
-20, -120, -971
-21, -117, -959
-19, -112, -963
-17, -108, -977
-21, -118, -957
-27, -116, -977
-22, -119, -973
-23, -120, -977
-20, -120, -976
-24, -113, -975
-17, -116, -990
-21, -120, -979
-24, -118, -969
-27, -112, -963
-7, -117, -948
-33, -114, -959
-27, -117, -975
-27, -118, -968
-9, -122, -953
-20, -120, -962
-25, -117, -968
-10, -117, -969
-22, -113, -954
-15, -118, -970
-24, -114, -954
-22, -122, -971
-19, -113, -965
-41, -116, -969
-27, -118, -971
-29, -125, -975
-31, -114, -971
-30, -120, -983
-21, -124, -974
-20, -118, -987
-20, -121, -969
-20, -113, -956
-25, -119, -980
-18, -122, -983
-21, -120, -984
-19, -116, -969
-21, -123, -949
-23, -121, -964
-20, -127, -965
-21, -116, -965
-8, -121, -948
-9, -115, -929
-18, -115, -914
-22, -111, -943
-21, -111, -973
-14, -119, -978
-28, -123, -964
-28, -114, -968
-22, -114, -966
-10, -118, -959
-19, -114, -963
-19, -116, -973
-13, -123, -978
-16, -112, -957
-26, -112, -961
-20, -112, -966
-26, -117, -989
-24, -120, -965
-21, -122, -964
-23, -114, -959
-13, -120, -961
-15, -120, -973
-6, -121, -968
-2, -118, -965
-6, -126, -947
-9, -123, -950
-9, -118, -965
-5, -126, -954
-14, -125, -955
-10, -123, -943
-20, -118, -978
-24, -121, -953
-23, -114, -984
-21, -118, -973
-22, -111, -959
-21, -116, -952
-21, -115, -975
-28, -115, -970
-28, -122, -980
-21, -122, -975
-30, -110, -960
-21, -116, -940
-31, -116, -972
-15, -119, -978
-18, -119, -964
-24, -118, -972
-20, -114, -964
-9, -115, -959
-5, -124, -964
-9, -116, -973
-7, -120, -977
-8, -119, -958
-4, -128, -963
-11, -118, -949
-23, -114, -937
-14, -114, -964
-16, -120, -962
-17, -121, -954
-24, -114, -958
-23, -112, -961
-5, -119, -956
-21, -120, -949
-14, -122, -936
-24, -111, -977
-11, -114, -968
-6, -115, -955
-31, -116, -957
-16, -114, -958
-7, -117, -950
-22, -113, -940
-28, -113, -934
-26, -119, -943
-9, -117, -967
-18, -115, -954
-26, -115, -957
-23, -112, -975
-28, -119, -982
-37, -112, -976
-23, -121, -950
-22, -114, -988
-25, -123, -979
-31, -116, -953
-30, -111, -968
-17, -112, -955
-17, -118, -947
-20, -122, -956
-26, -120, -966
-22, -118, -972
-23, -112, -979
-15, -115, -954
-15, -115, -952
-14, -121, -970
-26, -127, -959
-19, -122, -966
-22, -126, -955
-24, -119, -963
-22, -120, -962
-11, -113, -968
-18, -116, -976
-21, -115, -973
-13, -114, -952
-35, -119, -968
-11, -118, -942
-26, -122, -956
-18, -119, -948
-24, -120, -970
-35, -122, -954
-17, -117, -972
-15, -117, -972
-18, -111, -959
-2, -110, -971
-29, -116, -957
-16, -113, -966
-18, -115, -938
-21, -109, -956
-23, -117, -950
-25, -121, -974
-22, -124, -966
-17, -122, -968
-19, -119, -970
-17, -123, -963
-25, -116, -968
-20, -122, -958
-14, -117, -962
-18, -116, -973
-20, -114, -969
-11, -115, -966
-30, -118, -974
-6, -120, -949
-32, -117, -962
-26, -110, -965
-10, -114, -969
-25, -119, -968
-20, -126, -971
-23, -114, -972
-20, -116, -954
-16, -121, -946
-13, -123, -972
-16, -119, -959
-13, -123, -947
-9, -110, -946
-26, -116, -961
-18, -116, -967
-21, -125, -991
-24, -123, -977
-19, -112, -976
-12, -109, -967
-8, -116, -938
-22, -118, -958
-27, -111, -966
-26, -115, -966
-12, -119, -974
-17, -119, -987
-11, -123, -967
-27, -116, -954
-14, -120, -955
-22, -120, -980
-22, -118, -975
-21, -117, -976
-24, -118, -987
-22, -118, -960
-14, -112, -977
-11, -117, -943
-18, -117, -961
-17, -115, -956
-22, -117, -977
-25, -118, -955
-38, -112, -948
-32, -117, -977
-34, -115, -953
-19, -119, -953
-30, -118, -961
-12, -118, -968
-18, -119, -976
-22, -117, -981
-22, -120, -964
-17, -115, -963
-24, -121, -964
-25, -118, -966
-11, -113, -985
-30, -113, -981
-24, -126, -951
-29, -117, -962
-22, -116, -938
-19, -120, -944
-16, -115, -968
-27, -113, -939
-19, -117, -952
-13, -119, -967
-7, -117, -974
-35, -113, -958
-32, -111, -966
-19, -115, -977
-33, -120, -954
-33, -119, -990
-14, -119, -966
-22, -111, -982
-24, -115, -961
-18, -115, -969
-18, -119, -985
-17, -120, -957
-23, -121, -961
-17, -118, -982
-22, -119, -986
-32, -113, -975
-15, -110, -975
-17, -112, -959
-31, -112, -971
-17, -121, -958
-25, -116, -967
-22, -116, -956
-27, -116, -959
-25, -116, -981
-21, -117, -964
-26, -113, -972
-25, -120, -977
-22, -121, -977
-16, -122, -953
-21, -120, -955
-11, -123, -965
-10, -110, -960
-5, -119, -975
-22, -116, -971
-36, -117, -971
-10, -123, -973
-29, -121, -965
-11, -117, -973
-20, -113, -975
-28, -116, -966
-33, -117, -967
-25, -121, -953
-22, -111, -949
-19, -114, -973
-15, -117, -971
-36, -116, -979
-17, -113, -988
-13, -115, -1000
-13, -116, -954
-20, -117, -974
-36, -111, -968
-29, -115, -973
-21, -119, -960
-14, -116, -977
-5, -124, -947
-21, -116, -940
-35, -114, -962
-25, -119, -975
-27, -118, -951
-30, -117, -966
-23, -119, -970
-30, -115, -972
-18, -123, -961
-22, -118, -959
-29, -115, -966
-14, -116, -966
-16, -117, -956
-29, -116, -995
-16, -119, -992
-29, -115, -995
-19, -119, -971
-23, -112, -970
-13, -117, -969
-31, -117, -960
-23, -123, -975
-26, -126, -962
-35, -107, -978
-39, -103, -980
-20, -117, -995
-33, -134, -1056
-38, -125, -942
-28, -96, -813
-22, -99, -840
-23, -110, -903
-28, -91, -859
-29, -106, -967
-51, -133, -1129
-36, -140, -1120
-34, -103, -945
-29, -104, -938
-43, -121, -1036
-31, -113, -1004
-49, -98, -927
-47, -68, -891
-43, -80, -874
-50, -96, -962
-46, -107, -1012
-43, -104, -917
-20, -109, -827
2, -137, -937
21, -153, -980
39, -162, -970
43, -169, -1017
47, -187, -1031
43, -177, -982
38, -167, -1029
24, -157, -1108
6, -127, -1079
-22, -110, -1038
-42, -99, -1000
-53, -83, -912
-44, -77, -839
-35, -95, -891
-35, -103, -899
-14, -102, -864
7, -114, -880
-8, -127, -932
-3, -128, -960
-18, -131, -1000
-12, -137, -1064
-25, -128, -1031
-24, -117, -926
-30, -105, -863
-33, -103, -897
-41, -113, -940
-51, -108, -989
-29, -113, -970
-19, -107, -938
-20, -108, -921
-13, -117, -965
-16, -131, -1008
-15, -135, -1033
0, -131, -1019
1, -138, -1008
-12, -130, -1005
-4, -124, -985
-9, -123, -1015
-17, -115, -998
-11, -116, -940
-19, -112, -929
-31, -103, -956
-29, -106, -966
-21, -112, -961
-33, -110, -922
-25, -109, -904
-10, -114, -888
-29, -110, -929
-21, -113, -939
-13, -116, -929
-10, -113, -951
0, -113, -957
-14, -117, -953
-9, -120, -1017
-26, -135, -1050
-15, -122, -1007
-15, -110, -896
-11, -128, -900
8, -115, -921
-2, -123, -944
-8, -130, -1126
-11, -136, -1094
-16, -121, -984
-14, -120, -926
-17, -119, -927
-17, -117, -943
-20, -113, -951
-13, -119, -957
-20, -109, -896
-6, -106, -898
-23, -112, -968
-25, -122, -1056
-22, -123, -994
-23, -115, -973
-21, -117, -940
-17, -109, -929
-9, -111, -961
-8, -111, -989
-15, -109, -976
-28, -108, -913
-12, -106, -940
-26, -117, -963
-10, -117, -989
-30, -118, -1009
-27, -112, -958
-23, -109, -946
-12, -122, -973
-23, -115, -998
-30, -109, -971
-24, -114, -908
-22, -111, -918
-13, -120, -940
-17, -120, -959
-19, -120, -988
-30, -120, -999
-21, -118, -991
-23, -122, -965
-8, -121, -943
-5, -126, -927
-9, -124, -943
-8, -127, -970
0, -119, -953
-7, -121, -957
-6, -121, -963
-22, -121, -963
-16, -127, -968
-13, -120, -967
-14, -127, -983
-23, -123, -975
-13, -120, -950
-42, -116, -942
-19, -118, -946
-21, -118, -968
-26, -122, -955
-22, -112, -977
-18, -116, -925
-21, -109, -989
-15, -126, -976
-22, -118, -985
-30, -116, -958
-17, -125, -958
-24, -115, -978
-20, -116, -978
-19, -109, -936
-33, -112, -985
-30, -116, -975
-31, -111, -966
-33, -107, -990
-26, -112, -961
-29, -116, -978
-22, -106, -949
-6, -110, -950
-23, -108, -933
-22, -115, -952
-17, -109, -977
-17, -111, -951
-24, -123, -966
-21, -117, -956
-8, -115, -972
-11, -121, -971
-22, -129, -980
-14, -122, -936
-10, -124, -954
-1, -121, -968
-21, -127, -986
-9, -123, -981
-20, -131, -976
-19, -119, -973
-17, -122, -966
-10, -119, -961
-17, -125, -955
-16, -128, -979
-14, -132, -971
-12, -112, -959
-15, -114, -996
-33, -108, -970
-20, -108, -960
-38, -112, -955
-37, -123, -982
-34, -110, -987
-33, -115, -975
-22, -112, -988
-18, -116, -982
-22, -118, -961
-23, -106, -977
-19, -119, -986
-25, -121, -961
-20, -116, -964
-29, -120, -964
-17, -122, -966
-28, -125, -978
-8, -125, -983
-26, -126, -988
-19, -127, -966
-23, -119, -959
-26, -116, -951
-27, -126, -981
-17, -119, -978
-20, -118, -962
-5, -120, -961
-17, -124, -981
-22, -122, -975
-24, -117, -984
-18, -120, -961
-22, -116, -958
-16, -119, -971
-18, -121, -961
-7, -117, -979
-24, -116, -970
-30, -123, -963
-25, -124, -959
-16, -120, -977
-24, -117, -958
-13, -114, -968
-22, -116, -962
-20, -119, -962
-14, -119, -969
-22, -120, -981
-31, -119, -990
-25, -119, -974
-20, -114, -971
-28, -123, -972
-23, -123, -972
-19, -119, -994
-21, -123, -960
-20, -120, -980
-15, -122, -963
-17, -115, -959
-18, -116, -966
-5, -120, -996
-12, -117, -972
-24, -117, -971
-20, -121, -967
-7, -118, -940
-19, -119, -955
-25, -118, -961
-14, -121, -968
-19, -116, -958
-22, -114, -975
-18, -118, -966
-19, -115, -963
-23, -117, -955
-19, -115, -965
-8, -126, -948
-17, -124, -941
-30, -119, -969
-36, -113, -973
-19, -123, -954
-29, -131, -960
-31, -113, -960
-19, -121, -963
-18, -122, -961
-20, -120, -966
-19, -115, -962
-13, -118, -971
-19, -114, -967
-20, -114, -966
-21, -117, -976
-17, -122, -969
-21, -128, -970
-26, -124, -967
-9, -124, -966
-9, -120, -957
-10, -122, -977
-21, -125, -962
-29, -118, -963
-20, -115, -974
-18, -124, -968
-20, -118, -962
-35, -108, -972
-11, -125, -949
-29, -120, -961
-30, -112, -965
-19, -120, -950
-14, -120, -960
-10, -114, -971
-31, -116, -946
-24, -113, -967
-21, -116, -950
-14, -121, -973
-26, -120, -976
-19, -114, -966
-16, -118, -960
-12, -118, -951
-29, -108, -978
-19, -124, -942
-20, -111, -966
-17, -117, -959
-26, -117, -949
-20, -121, -960
-17, -121, -962
-28, -118, -956
-23, -113, -967
-26, -120, -973
-16, -119, -962
-22, -116, -952
-29, -117, -977
-18, -123, -967
-14, -117, -960
-25, -119, -964
-18, -118, -958
-18, -120, -976
-16, -125, -950
-17, -123, -972
-17, -121, -959
-19, -125, -968
-15, -114, -960
-18, -116, -958
-22, -113, -973
-17, -109, -965
-3, -113, -951
-26, -116, -968
-27, -121, -983
-17, -120, -966
-13, -117, -994
-23, -116, -958
-29, -119, -953
-19, -118, -956
-17, -123, -953
-19, -115, -957
-8, -117, -976
-21, -125, -960
-24, -119, -969
-33, -110, -973
-21, -117, -969
-24, -115, -972
-31, -119, -985
-26, -120, -962
-11, -116, -988
-15, -124, -958
-19, -119, -972
-16, -118, -977
-22, -119, -964
-26, -113, -949
-21, -122, -959
-18, -125, -975
-19, -116, -963
-10, -118, -961
-14, -121, -976
-22, -118, -967
-24, -114, -962
-8, -122, -957
-20, -119, -968
-16, -125, -969
-23, -113, -979
-27, -121, -978
-16, -124, -966
-25, -123, -961
-30, -115, -954
-9, -122, -957
-9, -113, -944
-23, -117, -962
-24, -120, -972
-21, -119, -964
-19, -119, -967
-30, -116, -967
-18, -114, -963
-18, -118, -961
-23, -115, -973
-25, -124, -977
-16, -125, -964
-33, -125, -984
-17, -119, -970
-16, -121, -980
-14, -117, -959
-24, -119, -979
-17, -120, -952
-23, -119, -966
-26, -122, -975
-21, -115, -975
-25, -122, -958
-19, -119, -968
-24, -118, -967
-7, -123, -973
-19, -123, -979
-20, -121, -964
-21, -120, -967
-11, -118, -946
-18, -114, -976
-18, -115, -964
-20, -119, -947
-23, -117, -969
-22, -120, -960
-15, -118, -969
-23, -119, -967
-19, -113, -964
-4, -116, -931
-28, -117, -946
-27, -118, -974
-24, -117, -971
-9, -121, -947
-23, -124, -951
-28, -129, -965
-28, -117, -971
-12, -119, -987
-10, -124, -978
-22, -122, -966
-18, -121, -974
-20, -119, -965
-26, -121, -948
-18, -120, -950
-29, -123, -975
-8, -119, -954
-25, -112, -964
-23, -112, -982
-11, -126, -960
-20, -117, -939
-20, -116, -967
-25, -117, -967
-19, -119, -972
-23, -114, -959
-23, -118, -974
-20, -125, -966
-19, -122, -964
-33, -122, -982
-15, -123, -960
-21, -118, -966
-25, -121, -981
-28, -122, -961
-17, -119, -975
-19, -113, -973
-24, -120, -959
-20, -114, -977
-27, -118, -958
-20, -121, -957
-21, -110, -942
-27, -117, -953
-11, -118, -956
-35, -123, -984
-24, -113, -984
-23, -117, -1003
-7, -121, -966
-20, -120, -964
-15, -117, -955
-20, -114, -982
-13, -114, -956
-21, -115, -957
-15, -111, -979
-22, -120, -968
-27, -119, -981
-20, -124, -956
-24, -119, -981
-20, -124, -965
-19, -118, -970
-24, -115, -960
-10, -125, -969
-23, -118, -969
-22, -121, -966
-28, -117, -972
-37, -112, -966
-16, -124, -945
-29, -124, -967
-18, -117, -965
-12, -124, -931
-13, -116, -958
-22, -121, -950
-30, -118, -965
-19, -121, -971
-19, -121, -977
-25, -116, -966
-16, -119, -970
-10, -126, -971
-18, -121, -969
-8, -119, -953
-32, -114, -947
-36, -115, -996
-24, -125, -970
-19, -121, -975
-23, -118, -972
-19, -120, -946
-21, -114, -964
-13, -120, -968
-25, -115, -954
-18, -111, -960
-18, -111, -961
-24, -113, -960
-14, -115, -965
-23, -118, -972
-15, -114, -959
-11, -118, -976
-21, -84, -863
22, -68, -673
-23, -108, -861
-50, -157, -1189
-43, -127, -1108
-16, -102, -944
-16, -117, -904
-16, -114, -842
-22, -107, -975
-3, -126, -1244
-36, -158, -1128
-31, -107, -775
-12, -103, -805
-19, -103, -834
-27, -95, -938
-19, -110, -1000
-30, -133, -1029
-30, -122, -1004
-22, -103, -885
-12, -105, -889
-16, -118, -1004
-15, -130, -950
-22, -118, -942
-16, -133, -1055
-16, -140, -1133
-11, -123, -1004
-4, -111, -896
-9, -120, -938
-2, -124, -989
-22, -122, -974
-14, -125, -1000
-20, -122, -993
-21, -112, -886
-10, -105, -899
-7, -126, -1010
-17, -137, -1078
-29, -127, -1013
-15, -114, -940
-13, -111, -929
-19, -102, -894
-8, -101, -866
-9, -117, -902
-7, -126, -985
-23, -122, -927
-20, -112, -871
-14, -108, -881
-16, -106, -872
-11, -103, -895
-14, -117, -967
-20, -126, -999
-28, -113, -940
-8, -99, -851
-15, -107, -902
-23, -114, -972
-21, -118, -1050
-20, -131, -1036
-16, -121, -1026
-12, -118, -993
-20, -116, -989
-5, -121, -1043
-22, -126, -1079
-26, -125, -1057
-30, -123, -980
-23, -123, -979
-25, -121, -1012
-16, -125, -986
-5, -127, -1010
-24, -124, -1014
-27, -119, -961
-27, -114, -943
-34, -106, -958
-14, -122, -982
-18, -116, -986
-20, -117, -993
-28, -126, -971
-19, -123, -989
-25, -121, -968
-12, -118, -1007
-7, -121, -1011
-16, -123, -1004
-15, -122, -991
-9, -121, -981
-14, -117, -979
-13, -119, -983
-17, -124, -1016
-23, -118, -1007
-12, -126, -1020
-21, -124, -1020
-21, -120, -983
-11, -115, -992
-21, -116, -997
-28, -124, -975
-29, -127, -992
-7, -117, -969
-15, -114, -949
-17, -121, -953
-9, -121, -982
-6, -125, -967
-4, -125, -980
-1, -119, -960
-5, -116, -973
-4, -112, -978
-14, -115, -960
0, -115, -956
-16, -115, -956
-17, -115, -957
-9, -112, -949
-20, -117, -935
-12, -118, -939
-21, -116, -940
-24, -117, -945
-12, -118, -953
-9, -112, -936
-5, -114, -938
-5, -116, -941
-12, -109, -955
-4, -122, -924
-8, -121, -939
-5, -110, -940
-16, -117, -942
-12, -115, -923
-17, -109, -946
-3, -116, -959
1, -115, -968
-9, -119, -962
-2, -126, -932
2, -120, -944
5, -119, -941
-10, -123, -955
-8, -117, -958
-19, -111, -968
-17, -114, -952
-11, -108, -948
-4, -113, -961
-28, -115, -960
-38, -118, -963
-13, -117, -956
-18, -114, -952
-12, -111, -959
-21, -118, -957
-14, -118, -956
-10, -115, -951
-8, -123, -959
-13, -125, -936
-11, -117, -961
-9, -113, -961
-5, -113, -964
-3, -117, -963
0, -113, -957
-1, -117, -948
5, -109, -923
-1, -105, -904
-1, -109, -945
1, -114, -971
-1, -117, -980
-3, -107, -974
2, -112, -964
-4, -112, -948
-6, -113, -968
-5, -118, -976
-7, -112, -982
-2, -109, -963
-5, -113, -948
-3, -110, -949
-5, -108, -953
-13, -114, -954
-14, -113, -967
-16, -108, -961
-12, -111, -968
-13, -117, -985
-7, -114, -953
-12, -114, -945
-11, -113, -971
-6, -113, -949
-11, -107, -948
-11, -114, -974
-8, -118, -952
-6, -116, -952
-11, -115, -950
-18, -111, -965
-12, -108, -959
-9, -116, -957
-5, -112, -955
-14, -110, -967
-15, -109, -956
9, -109, -978
-11, -112, -983
-8, -116, -983
-19, -108, -965
-14, -116, -966
-24, -113, -1000
0, -115, -973
-8, -113, -969
-15, -109, -991
-15, -114, -983
-19, -113, -984
-6, -117, -973
-11, -119, -970
-16, -109, -977
3, -114, -975
-14, -109, -964
-9, -108, -985
-3, -109, -977
10, -110, -998
-1, -117, -999
-4, -117, -971
-10, -115, -968
-16, -112, -959
-11, -114, -967
-15, -111, -978
-5, -118, -985
-7, -115, -979
0, -110, -974
-5, -109, -968
4, -108, -964
-7, -114, -972
-11, -112, -989
3, -116, -992
-8, -104, -981
-14, -101, -989
-10, -101, -995
-7, -111, -969
-5, -113, -985
-13, -119, -981
-18, -110, -1000
-15, -121, -971
-8, -114, -963
-15, -112, -970
-9, -111, -1002
-9, -115, -989
4, -103, -983
-10, -106, -976
11, -110, -1001
-2, -113, -982
12, -111, -994
5, -115, -977
0, -109, -983
-15, -110, -965
-4, -112, -985
-13, -108, -970
-12, -110, -1010
-9, -122, -985
-12, -128, -1003
-4, -120, -979
-17, -113, -959
-18, -109, -968
-9, -114, -971
-12, -111, -963
-5, -111, -980
-12, -121, -987
-10, -111, -992
-8, -109, -989
-4, -117, -996
10, -119, -984
2, -120, -981
-5, -115, -970
-19, -112, -978
-18, -108, -974
6, -111, -978
4, -111, -969
-11, -104, -991
-22, -103, -1000
-14, -111, -994
-11, -108, -969
-10, -112, -959
-18, -111, -956
-15, -108, -983
-14, -113, -979
-10, -111, -984
-11, -117, -982
0, -115, -980
-11, -115, -968
4, -112, -1003
-17, -117, -963
-23, -114, -988
-25, -103, -979
-7, -114, -938
-12, -118, -964
-9, -121, -966
-10, -112, -970
-14, -108, -983
-5, -108, -974
-17, -116, -962
-9, -111, -966
-2, -105, -970
3, -108, -980
-2, -105, -984
3, -111, -976
0, -113, -973
0, -106, -963
-9, -107, -979
-6, -105, -975
-10, -102, -967
-6, -105, -973
-2, -109, -978
6, -109, -992
7, -110, -982
10, -112, -995
-6, -114, -960
-10, -108, -957
-1, -105, -959
-4, -111, -969
-1, -108, -950
-8, -109, -969
6, -111, -947
-5, -113, -961
-5, -111, -971
-5, -112, -963
7, -111, -956
-3, -112, -967
-5, -112, -965
0, -108, -961
-3, -117, -949
-11, -115, -945
-2, -116, -975
-9, -105, -964
-5, -108, -952
-13, -108, -958
-8, -111, -949
-8, -100, -960
-5, -103, -953
-9, -105, -957
-4, -108, -957
-6, -106, -967
0, -105, -958
-8, -101, -961
8, -109, -962
-6, -110, -973
4, -106, -975
-4, -108, -957
5, -111, -959
3, -113, -965
0, -113, -964
3, -117, -960
-3, -112, -956
-14, -107, -958
0, -111, -959
-17, -112, -960
9, -114, -938
-12, -112, -957
-18, -104, -955
-11, -115, -962
-9, -106, -967
-13, -110, -957
-17, -109, -968
-6, -107, -973
-7, -112, -956
-2, -115, -962
-6, -114, -954
-9, -115, -946
5, -111, -950
-10, -113, -930
-1, -111, -958
-4, -105, -938
-11, -101, -934
-4, -101, -947
-3, -103, -974
0, -106, -968
-1, -107, -958
6, -107, -966
-1, -110, -965
-1, -112, -960
3, -104, -967
-5, -113, -970
2, -113, -961
4, -108, -978
-3, -108, -970
-5, -107, -972
2, -109, -983
-3, -110, -961
2, -107, -961
7, -109, -983
0, -110, -965
-11, -113, -941
0, -112, -970
-2, -110, -959
2, -116, -977
6, -118, -983
4, -114, -975
6, -113, -975
1, -111, -976
-11, -118, -961
-16, -106, -973
-17, -116, -978
5, -118, -968
-9, -105, -972
-20, -112, -973
-10, -112, -966
-12, -111, -971
3, -115, -989
2, -108, -981
-2, -115, -1001
0, -109, -980
-2, -106, -970
0, -109, -976
-3, -114, -970
-5, -112, -962
-6, -108, -955
-5, -109, -967
-3, -110, -992
-4, -114, -1001
10, -111, -996
-10, -106, -976
-3, -101, -968
-7, -100, -981
2, -103, -965
-8, -108, -979
-5, -105, -979
1, -103, -971
-1, -113, -985
1, -99, -978
6, -106, -989
4, -110, -976
-9, -111, -970
5, -111, -970
4, -109, -945
-9, -104, -956
-14, -106, -933
-14, -109, -954
-5, -106, -954
-13, -114, -951
-1, -107, -992
-16, -103, -985
-2, -104, -973
1, -105, -1000
-9, -111, -982
0, -111, -996
-1, -113, -976
6, -115, -988
-1, -112, -981
-11, -115, -966
-7, -115, -972
-10, -116, -948
-8, -112, -957
-11, -109, -973
3, -108, -966
-9, -110, -965
-17, -106, -974
-18, -106, -953
-14, -106, -960
-21, -115, -947
-17, -108, -948
-7, -108, -962
-5, -104, -959
-11, -112, -971
-5, -111, -956
-11, -117, -954
-10, -104, -969
-2, -107, -945
8, -110, -948
6, -111, -948
-4, -108, -938
-14, -105, -932
0, -103, -965
4, -108, -969
-2, -105, -971
-10, -100, -956
-12, -104, -953
4, -102, -966
-19, -110, -955
-6, -114, -962
-15, -105, -972
-15, -99, -975
9, -110, -973
0, -106, -967
-13, -104, -971
-2, -109, -958
-27, -108, -947
-15, -110, -976
-15, -106, -961
-18, -103, -969
-16, -110, -972
-7, -110, -971
-21, -102, -974
-6, -105, -983
-2, -100, -984
-8, -104, -978
-10, -110, -974
3, -120, -987
-7, -109, -969
-10, -108, -977
-6, -113, -969
-13, -115, -969
-14, -105, -979
-12, -109, -979
-14, -111, -974
-8, -108, -965
-21, -114, -967
-17, -106, -1001
-3, -116, -975
-12, -118, -965
-13, -110, -971
-9, -113, -981
-2, -110, -985
-1, -105, -976
-3, -98, -979
3, -101, -986
2, -108, -978
-7, -116, -962
-8, -115, -969
-9, -112, -968
-7, -112, -967
-12, -107, -972
-9, -107, -946
-15, -108, -948
1, -110, -958
4, -111, -950
-5, -111, -957
11, -107, -951
-9, -109, -975
-7, -105, -982
-20, -108, -969
-6, -110, -968
1, -105, -999
1, -110, -983
5, -106, -997
-1, -110, -991
4, -101, -987
3, -111, -960
-1, -106, -984
-10, -104, -984
-10, -105, -944
10, -106, -975
-11, -109, -992
-15, -104, -986
11, -105, -978
-21, -113, -989
-10, -113, -966
-5, -102, -954
-7, -112, -988
-11, -109, -988
-18, -104, -972
-3, -107, -962
-24, -104, -958
-22, -104, -965
-12, -105, -990
-27, -110, -1001
-29, -97, -985
-26, -89, -976
-13, -95, -974
-28, -99, -976
-52, -85, -971
-52, -89, -980
-35, -90, -978
-44, -87, -954
-29, -85, -974
-35, -87, -972
-25, -86, -975
-28, -100, -988
-34, -79, -1033
0, -101, -952
-25, -118, -927
-16, -117, -943
16, -135, -1017
35, -121, -966
33, -135, -937
42, -139, -947
47, -157, -1027
42, -151, -974
53, -158, -1010
42, -144, -966
29, -124, -980
7, -107, -1008
-15, -86, -974
-31, -86, -962
-24, -84, -966
-32, -95, -974
-21, -98, -973
-7, -113, -986
2, -121, -986
7, -114, -991
-5, -109, -1009
-13, -119, -1011
-15, -107, -1001
-16, -111, -1014
-21, -99, -975
-23, -100, -942
-23, -107, -928
-25, -103, -943
-4, -111, -958
-4, -114, -947
-7, -115, -971
4, -113, -988
-4, -112, -989
-11, -112, -988
-20, -105, -1010
-36, -105, -1001
-22, -115, -988
-6, -106, -962
-6, -104, -948
-8, -103, -955
-3, -109, -958
-1, -105, -961
-12, -106, -967
-22, -107, -971
-14, -111, -987
-6, -108, -1006
-18, -112, -1009
-15, -113, -1008
-11, -113, -994
-20, -111, -1011
-14, -113, -979
-11, -112, -1009
0, -104, -1007
-8, -115, -1011
-2, -111, -1006
-1, -114, -1010
-6, -117, -1006
-12, -126, -1022
-13, -113, -1006
1, -117, -967
-8, -114, -953
-25, -110, -941
-9, -110, -952
-6, -107, -967
-18, -112, -995
-16, -112, -990
-6, -109, -975
-20, -107, -949
-29, -113, -961
-19, -118, -970
-16, -114, -989
-9, -105, -973
-2, -103, -944
-3, -100, -961
0, -109, -974
3, -112, -1008
-10, -119, -1012
-2, -115, -1000
5, -119, -974
-7, -115, -951
-8, -114, -959
-10, -115, -966
-13, -114, -982
-18, -108, -1009
-9, -114, -978
-25, -113, -974
-21, -110, -983
-31, -114, -985
-13, -119, -975
-18, -106, -996
-13, -111, -952
-10, -110, -985
-11, -113, -971
3, -112, -981
-23, -109, -968
-24, -111, -973
-11, -112, -943
-10, -107, -935
-14, -103, -929
-6, -108, -941
2, -118, -952
-15, -115, -954
-14, -116, -974
-12, -111, -956
-2, -100, -893
10, -105, -872
-10, -103, -870
-6, -110, -929
-14, -117, -981
-11, -119, -1011
-17, -123, -989
-12, -121, -969
-11, -117, -953
-14, -120, -1019
-8, -124, -1015
-9, -127, -960
-25, -123, -889
-1, -115, -913
-21, -115, -930
-25, -115, -982
-19, -116, -991
-24, -124, -994
-6, -121, -978
-8, -114, -954
-4, -117, -968
-4, -117, -966
1, -112, -969
-6, -118, -966
-3, -107, -964
2, -110, -928
-6, -114, -925
-1, -109, -934
-4, -112, -939
-5, -118, -929
0, -116, -986
-5, -118, -967
-7, -111, -883
-14, -110, -908
-21, -113, -917
-9, -116, -948
-17, -118, -981
-10, -120, -983
-19, -131, -940
-16, -118, -944
-15, -123, -918
-7, -124, -931
-12, -123, -930
-16, -118, -927
-15, -115, -910
-3, -113, -911
-11, -111, -913
-16, -117, -912
-15, -115, -918
-16, -116, -910
-6, -112, -884
-9, -123, -888
-9, -122, -945
-20, -128, -969
-11, -123, -961
-28, -122, -960
-25, -125, -960
-36, -122, -971
-37, -116, -981
-31, -123, -1010
-33, -124, -990
-34, -107, -1002
-32, -110, -950
-36, -104, -948
-38, -99, -958
-42, -100, -979
-53, -98, -974
-48, -100, -977
-38, -95, -945
-30, -95, -974
-31, -94, -952
-40, -94, -964
-39, -88, -958
-34, -91, -981
-38, -80, -929
-31, -69, -843
-11, -73, -883
-18, -76, -931
-42, -83, -942
-36, -85, -980
-36, -98, -996
-46, -109, -966
-39, -113, -936
-22, -123, -964
-18, -128, -980
-13, -129, -971
-14, -134, -992
-16, -128, -971
-10, -119, -918
-24, -111, -921
-16, -112, -962
-25, -112, -962
-39, -109, -978
-22, -115, -980
-31, -115, -969
-10, -124, -973
-23, -123, -963
-11, -123, -981
-16, -120, -924
-16, -116, -960
-18, -109, -947
-17, -107, -947
-15, -107, -972
-21, -117, -958
-38, -114, -995
-33, -128, -979
-23, -121, -987
-13, -116, -960
-18, -113, -948
-21, -113, -946
-18, -117, -948
-20, -116, -981
-24, -106, -982
-32, -110, -954
-25, -110, -944
-18, -118, -941
-25, -128, -975
-20, -121, -998
-1, -122, -999
-16, -118, -969
-18, -114, -969
-10, -121, -941
-16, -116, -958
-19, -120, -980
-20, -120, -971
-26, -117, -972
-22, -117, -976
-32, -121, -958
-18, -114, -966
-13, -127, -951
-29, -115, -1005
-27, -121, -962
-33, -116, -971
-15, -115, -951
-16, -115, -961
-26, -114, -965
-22, -118, -954
-38, -115, -960
-27, -118, -952
-17, -122, -960
-11, -116, -973
-18, -123, -988
-21, -116, -965
-26, -116, -978
-32, -114, -971
-18, -112, -961
-11, -112, -955
-11, -113, -952
-13, -120, -960
-18, -116, -970
-20, -120, -956
-25, -114, -964
-15, -122, -960
-7, -116, -956
-20, -118, -984
-12, -118, -980
-22, -119, -994
-15, -128, -977
-19, -115, -965
-13, -118, -949
-22, -113, -980
-13, -121, -989
-21, -118, -956
-13, -117, -965
-18, -117, -956
-29, -115, -951
-31, -116, -955
-15, -122, -956
-8, -120, -983
-19, -117, -1002
-11, -118, -993
-22, -121, -966
-19, -112, -984
-26, -121, -958
-21, -120, -984
-36, -115, -968
-23, -112, -959
-24, -113, -962
-34, -111, -977
-4, -117, -949
-28, -119, -947
-29, -119, -975
-27, -111, -977
-5, -116, -958
-23, -118, -962
-24, -112, -978
-19, -121, -953
-30, -113, -969
-16, -115, -971
-19, -118, -973
-33, -116, -970
-26, -118, -969
-9, -119, -970
-12, -115, -985
-16, -115, -958
-15, -118, -949
-11, -120, -933
-25, -114, -959
-23, -117, -961
-16, -115, -943
-14, -117, -953
-15, -118, -943
-22, -121, -952
-14, -116, -957
-6, -121, -966
-27, -117, -961
-27, -112, -967
-21, -117, -959
-11, -119, -940
-26, -110, -964
-18, -120, -955
-11, -122, -959
-7, -114, -975
-22, -117, -972
-8, -114, -982
-25, -114, -960
-16, -113, -981
-25, -121, -961
-28, -112, -976
-27, -118, -985
-20, -121, -967
-18, -119, -942
-23, -110, -963
-20, -113, -957
-11, -124, -951
-18, -113, -972
-12, -121, -953
-23, -113, -962
-16, -121, -969
-22, -119, -961
-19, -119, -967
-24, -117, -955
-25, -110, -954
-20, -117, -936
-24, -119, -954
-28, -116, -993
-29, -113, -979
-28, -112, -971
-9, -113, -969
-13, -121, -955
-29, -114, -958
-32, -122, -979
-33, -122, -965
-18, -121, -980
-18, -122, -969
-20, -116, -953
-36, -113, -990
-17, -114, -963
-26, -118, -993
-28, -124, -989
-20, -114, -976
-15, -112, -981
-15, -118, -944
-17, -120, -980
-18, -122, -952
-24, -114, -965
-29, -117, -977
-21, -121, -972
-12, -114, -976
-18, -117, -954
-19, -119, -958
-13, -108, -982
-20, -113, -968
-33, -108, -981
-28, -123, -966
-19, -124, -982
-22, -116, -978
-22, -117, -949
-20, -123, -963
-29, -116, -965
-25, -115, -966
-19, -110, -979
-14, -117, -963
-23, -115, -956
-30, -112, -977
-22, -122, -976
-19, -118, -999
-25, -124, -977
-18, -117, -976
-23, -115, -974
-11, -115, -971
-14, -117, -980
-22, -115, -978
-20, -117, -980
-31, -118, -987
-24, -120, -970
-22, -117, -975
-24, -115, -990
-18, -118, -964
-10, -120, -982
-21, -113, -953
-24, -115, -942
-26, -113, -963
-9, -113, -968
-2, -119, -959
-28, -123, -945
-36, -126, -975
-21, -123, -985
-18, -116, -948
-28, -115, -960
-21, -112, -966
-29, -116, -978
-28, -116, -986
-21, -120, -966
-11, -115, -977
-8, -124, -954
-13, -119, -961
-29, -112, -945
-4, -111, -970
-16, -115, -945
-21, -116, -960
-29, -119, -961
-15, -117, -943
-31, -116, -997
-13, -117, -962
-17, -116, -962
-22, -115, -970
-30, -117, -950
-13, -116, -981
-16, -119, -952
-15, -115, -965
-19, -116, -947
-27, -119, -958
-19, -114, -957
-9, -119, -961
-27, -111, -956
-28, -115, -974
-23, -120, -960
-9, -121, -946
-9, -113, -938
-7, -120, -955
-19, -119, -943
-13, -119, -953
-12, -120, -950
-10, -119, -940
-17, -118, -951
-13, -114, -967
-18, -120, -960
-32, -119, -975
-22, -119, -975
-25, -107, -968
-13, -116, -969
-14, -110, -952
-16, -120, -971
-23, -122, -959
-11, -121, -970
-16, -132, -956
-9, -132, -1009
-21, -120, -1010
-26, -122, -942
-32, -127, -959
-27, -113, -955
-18, -118, -993
-35, -121, -997
-18, -113, -904
-11, -112, -929
-30, -115, -976
-25, -121, -946
-25, -98, -918
-29, -108, -961
-36, -116, -981
-35, -115, -1032
-34, -115, -1004
-15, -111, -962
-37, -104, -964
-27, -101, -991
-24, -121, -982
-27, -113, -1011
-29, -100, -1013
-34, -109, -985
-34, -102, -957
-22, -96, -949
-28, -100, -954
-40, -106, -987
-33, -106, -1015
-33, -100, -982
-28, -94, -949
-15, -95, -926
-17, -93, -885
-21, -102, -900
-18, -115, -955
-14, -135, -1006
-19, -137, -1052
-21, -138, -984
-2, -135, -929
-4, -137, -903
9, -138, -899
4, -141, -882
-4, -136, -860
-6, -141, -889
-22, -142, -938
-17, -149, -978
-7, -155, -1009
-21, -154, -1042
-17, -135, -1045
-23, -129, -1023
-16, -135, -995
-31, -128, -987
-42, -112, -919
-18, -102, -977
-24, -86, -911
-12, -111, -845
-10, -103, -858
-8, -119, -1008
-24, -105, -1035
-32, -132, -1127
-35, -102, -1061
-27, -124, -988
-18, -102, -945
-15, -99, -983
-26, -99, -906
-18, -104, -901
-7, -107, -841
-23, -107, -883
-17, -110, -928
-7, -108, -968
-23, -123, -1000
-13, -125, -975
-32, -125, -971
-30, -117, -987
-9, -129, -975
-31, -124, -948
-20, -110, -887
-7, -111, -884
-22, -119, -931
-34, -124, -956
-33, -129, -960
-18, -126, -976
-18, -124, -970
-27, -120, -989
-14, -121, -1055
-30, -119, -1010
-7, -117, -934
-38, -105, -928
-20, -108, -974
-17, -116, -956
-9, -108, -949
-21, -104, -944
-26, -121, -972
-25, -123, -969
-26, -125, -1000
-25, -127, -994
-25, -120, -963
-20, -124, -985
-14, -123, -977
-18, -121, -979
-19, -112, -953
-18, -121, -937
-17, -114, -956
-22, -125, -992
-21, -131, -1002
-31, -123, -1006
-19, -123, -950
-19, -125, -948
-23, -122, -956
-42, -115, -969
-28, -120, -942
-26, -126, -961
-40, -119, -970
-29, -122, -993
-21, -124, -984
-36, -119, -986
-25, -123, -1020
-26, -122, -991
-25, -113, -986
-26, -111, -959
-22, -111, -940
-27, -112, -938
-28, -110, -947
-32, -106, -968
-17, -107, -962
-24, -115, -975
-14, -120, -972
-22, -118, -990
-7, -122, -990
-19, -121, -994
-20, -126, -954
-25, -117, -944
-22, -116, -953
-9, -122, -956
-14, -117, -957
-20, -121, -949
-22, -118, -956
-23, -119, -954
-20, -121, -943
-17, -128, -957
-37, -120, -958
-20, -127, -985
-11, -125, -960
-25, -117, -944
-21, -114, -958
-29, -125, -936
-23, -117, -947
-8, -117, -979
-20, -126, -961
-22, -123, -976
-28, -121, -979
-13, -127, -959
-28, -118, -959
-26, -117, -983
-34, -121, -968
-26, -117, -961
-37, -114, -947
-22, -112, -970
-27, -114, -971
-40, -108, -974
-17, -117, -944
-24, -118, -983
-18, -113, -968
-17, -117, -955
-26, -115, -973
-24, -125, -953
-21, -115, -974
-17, -118, -952
-18, -118, -959
-17, -111, -955
-17, -114, -977
-16, -119, -970
-20, -120, -994
-7, -132, -960
-32, -127, -990
-27, -121, -971
-19, -128, -983
-19, -127, -972
-31, -127, -961
-24, -121, -939
-22, -119, -959
-9, -121, -979
-14, -127, -970
-13, -124, -991
-4, -122, -992
-14, -126, -1004
-19, -123, -971
-1, -120, -955
-18, -133, -961
-20, -120, -954
-26, -115, -974
-39, -116, -977
-23, -118, -982
-27, -117, -1000
-25, -117, -988
-31, -127, -965
-32, -113, -984
-32, -119, -987
-17, -126, -975
-25, -122, -975
-34, -119, -979
-18, -115, -945
-35, -118, -940
-22, -119, -940
-35, -115, -965
-32, -119, -967
-32, -124, -988
-22, -115, -989
-31, -104, -953
-20, -97, -942
-36, -100, -945
-30, -114, -941
-21, -105, -951
-10, -119, -962
-25, -114, -1003
-17, -126, -960
-19, -119, -969
-13, -125, -970
-14, -127, -973
-27, -128, -974
-28, -122, -962
-26, -117, -982
-22, -111, -992
-15, -121, -969
-27, -119, -946
-17, -120, -941
-10, -124, -950
-17, -126, -949
-11, -119, -963
-26, -120, -957
-22, -120, -978
-29, -117, -987
-17, -116, -964
-18, -122, -967
-26, -120, -973
-27, -118, -960
-14, -114, -933
-17, -111, -941
-25, -118, -972
-18, -119, -969
-21, -115, -985
-23, -120, -970
-20, -121, -993
-29, -124, -961
-19, -120, -971
-19, -120, -979
-12, -120, -975
-17, -121, -964
-15, -119, -958
-18, -122, -944
-26, -117, -966
-17, -129, -951
-23, -126, -965
-21, -119, -968
-16, -119, -965
-10, -118, -979
-19, -117, -999
-26, -115, -966
-18, -118, -973
-20, -115, -956
-34, -115, -968
-22, -113, -948
-30, -110, -959
-29, -117, -950
-14, -121, -958
-26, -112, -974
-24, -123, -987
-30, -115, -958
-24, -116, -967
-15, -117, -957
-18, -120, -951
-20, -117, -955
-23, -117, -974
-23, -114, -956
-29, -112, -954
-31, -118, -969
-36, -112, -961
-14, -115, -967
-24, -112, -962
-20, -121, -960
-25, -117, -968
-13, -113, -992
-22, -115, -952
-25, -114, -966
-22, -122, -966
-20, -117, -958
-29, -118, -943
-15, -115, -967
-19, -120, -976
-11, -114, -967
-7, -117, -986
-28, -111, -965
-31, -117, -985
-28, -125, -961
-30, -121, -962
-11, -114, -976
-28, -116, -956
-14, -114, -975
-24, -114, -964
-24, -117, -953
-31, -114, -956
-35, -123, -951
-27, -123, -969
-10, -123, -952
-22, -115, -963
-26, -118, -971
-24, -120, -961
-13, -120, -983
-20, -120, -949
-25, -117, -958
-22, -114, -967
-28, -118, -958
-16, -114, -968
-12, -124, -948
-30, -117, -984
-25, -121, -953
-23, -113, -979
-16, -117, -964
-20, -119, -966
-25, -114, -963
-24, -128, -960
-26, -121, -977
-30, -121, -983
-28, -118, -969
-34, -108, -968
-7, -113, -944
-31, -120, -943
-30, -121, -983
-23, -120, -957
-33, -123, -945
-37, -122, -971
-19, -124, -945
-24, -119, -973
-19, -122, -960
-17, -120, -961
-23, -113, -977
-18, -112, -958
-28, -110, -958
-26, -117, -987
-20, -118, -972
-32, -117, -942
-19, -119, -945
-28, -115, -952
-25, -120, -967
-32, -114, -960
-16, -123, -972
-23, -118, -975
-27, -117, -969
-24, -122, -982
-26, -120, -971
-32, -110, -965
-13, -119, -945
-29, -124, -976
-21, -126, -955
-31, -122, -955
-34, -118, -969
-22, -116, -948
-15, -109, -971
-27, -114, -967
-20, -115, -972
-15, -117, -975
-17, -120, -948
-28, -117, -956
-18, -115, -961
-10, -119, -966
-22, -115, -962
-29, -124, -965
-18, -118, -968
-29, -118, -965
-29, -114, -941
-26, -114, -955
-20, -117, -950
-24, -117, -957
-18, -110, -969
-22, -115, -952
-21, -122, -954
-27, -113, -963
-22, -113, -984
-15, -118, -973
-32, -118, -981
-13, -118, -986
-15, -115, -993
-14, -116, -950
-16, -117, -976
-23, -116, -961
-26, -124, -957
-29, -115, -967
-25, -124, -960
-13, -121, -967
-20, -119, -960
-4, -123, -947
-17, -118, -937
-33, -126, -942
-13, -116, -933
-19, -118, -978
-35, -119, -957
-15, -119, -967
-14, -111, -961
-17, -115, -965
-17, -113, -963
-22, -115, -973
-27, -116, -954
-36, -119, -961
-21, -116, -959
-32, -110, -969
-15, -117, -951
-28, -119, -970
-19, -123, -947
-22, -115, -968
-26, -112, -960
-26, -118, -954
-19, -117, -963
-19, -114, -970
-21, -117, -954
-10, -112, -953
-10, -118, -960
-17, -115, -981
-16, -123, -956
-7, -115, -939
-29, -112, -932
-26, -118, -960
-25, -118, -963
-26, -121, -971
-11, -115, -972
-30, -112, -958
-14, -111, -960
-24, -112, -962
-22, -115, -952
-32, -113, -984
-22, -114, -960
-30, -115, -989
-26, -125, -980
-26, -115, -969
-21, -119, -970
-17, -120, -961
-23, -118, -956
-29, -112, -974
-22, -120, -981
-21, -121, -964
-24, -116, -957
-30, -115, -963
-27, -119, -969
-17, -119, -952
-21, -112, -959
-24, -121, -956
-23, -117, -961
-28, -112, -958
-22, -118, -969
-19, -125, -948
-20, -121, -956
-28, -118, -965
-23, -119, -958
-8, -123, -955
-9, -125, -951
-15, -122, -964
-25, -120, -945
-19, -115, -968
-21, -114, -964
-17, -113, -950
-16, -110, -965
-18, -117, -949
-17, -116, -957
-25, -116, -965
-20, -117, -971
-25, -122, -965
-15, -117, -978
-32, -115, -987
-22, -122, -977
-17, -118, -964
-25, -118, -965
-26, -120, -965
-25, -123, -961
-15, -122, -979
-15, -123, -964
-24, -118, -966
-14, -121, -978
-26, -124, -974
-9, -120, -981
-19, -118, -975
-23, -119, -976
-20, -128, -969
-18, -114, -968
-30, -114, -983
-15, -117, -963
-26, -118, -970
-25, -116, -967
-14, -115, -978
-15, -118, -970
-16, -121, -982
-32, -119, -973
-20, -116, -955
-40, -118, -954
-21, -120, -973
-20, -120, -959
-16, -124, -947
-13, -120, -967
-15, -123, -974
-30, -123, -960
-10, -120, -973
-27, -116, -971
-23, -113, -976
-11, -114, -967
-12, -114, -959
-16, -111, -984
-20, -117, -950
-29, -123, -983
-21, -123, -964
-29, -117, -971
-18, -116, -968
-17, -115, -951
-16, -116, -965
-16, -114, -982
-22, -122, -974
-16, -119, -971
-22, -118, -987
-19, -122, -966
-31, -122, -995
-24, -123, -969
-29, -119, -969
-27, -114, -948
-14, -110, -945
-32, -115, -963
-22, -116, -977
-19, -113, -977
-20, -119, -959
-19, -121, -981
-17, -119, -963
-11, -120, -970
-19, -113, -984
-11, -119, -962
-15, -114, -952
-19, -128, -966
-32, -114, -973
-11, -115, -977
-24, -116, -957
-18, -123, -963
-26, -114, -967
-25, -116, -958
-21, -114, -974
-16, -121, -969
-23, -113, -966
-32, -111, -965
-10, -118, -935
-34, -122, -953
-26, -111, -953
-24, -115, -972
-31, -116, -954
-21, -115, -970
-19, -113, -974
-23, -117, -957
-19, -107, -964
-33, -112, -971
-21, -116, -953
-29, -109, -961
-19, -119, -954
-8, -120, -960
-25, -120, -958
-22, -116, -978
-21, -118, -972
-19, -120, -996
-23, -122, -983
-23, -112, -976
-15, -115, -986
-13, -119, -961
-18, -116, -973
-19, -110, -965
-26, -118, -961
-23, -115, -978
-20, -123, -955
-30, -116, -958
-27, -117, -980
-22, -119, -967
-30, -113, -975
-24, -115, -973
-23, -126, -959
-33, -119, -957
-26, -115, -978
-17, -121, -967
-16, -115, -979
-26, -117, -980
-26, -123, -964
-24, -118, -960
-25, -117, -974
-26, -121, -945
-13, -110, -967
-21, -117, -967
-24, -111, -971
-20, -119, -975
-22, -120, -969
-30, -119, -969
-21, -119, -940
-29, -114, -955
-33, -118, -956
-22, -121, -961
-19, -115, -967
-14, -123, -975
-25, -116, -960
-31, -126, -965
-31, -117, -969
-24, -119, -960
-19, -125, -976
-23, -118, -962
-23, -117, -973
-7, -124, -980
-19, -125, -985
-19, -123, -988
-17, -126, -965
-16, -114, -986
-24, -126, -969
-16, -123, -964
-6, -124, -965
-2, -131, -956
-15, -129, -971
-11, -127, -973
-23, -130, -961
-18, -129, -975
-26, -132, -973
-33, -123, -974
-20, -118, -941
-25, -105, -944
-25, -112, -972
-9, -110, -966
-34, -121, -971
-21, -121, -956
-18, -121, -957
-31, -103, -949
-12, -137, -996
-18, -113, -997
-31, -128, -1007
-4, -113, -945
-19, -134, -990
-31, -133, -1015
-17, -120, -930
-20, -120, -929
-14, -133, -977
-16, -134, -967
-24, -111, -995
-4, -120, -990
-6, -124, -965
-12, -109, -942
-23, -115, -941
-31, -101, -945
-32, -109, -970
-22, -105, -968
-27, -99, -969
-35, -94, -945
-44, -98, -956
-33, -98, -953
-37, -113, -950
-33, -104, -914
-37, -108, -887
-27, -101, -860
-40, -101, -810
-33, -102, -810
-22, -104, -851
-30, -108, -888
-11, -110, -919
-8, -102, -966
-1, -104, -1018
4, -108, -999
-5, -121, -1052
-5, -126, -1102
-29, -125, -1045
-27, -126, -964
-16, -111, -876
-23, -111, -862
-19, -119, -935
-33, -122, -1016
-32, -128, -1037
-26, -127, -970
-10, -131, -952
-4, -121, -929
-4, -126, -876
3, -140, -917
-10, -141, -986
1, -140, -1032
-17, -137, -1115
-31, -150, -1210
-19, -148, -1169
-42, -135, -1097
-20, -146, -1061
-21, -132, -994
-26, -124, -975
-27, -123, -929
-20, -115, -907
-27, -113, -908
-15, -108, -965
-27, -108, -936
-27, -102, -955
-29, -105, -959
-36, -129, -938
-39, -112, -938
-25, -108, -929
-36, -106, -872
-19, -86, -851
-5, -71, -812
11, -73, -800
-6, -79, -881
-10, -90, -945
-15, -106, -980
-14, -126, -1077
-29, -143, -1097
-32, -140, -1068
-31, -124, -998
-29, -129, -969
-37, -124, -906
-12, -116, -847
-13, -114, -859
-24, -121, -879
-29, -132, -966
-19, -145, -1062
-24, -152, -1158
-34, -151, -1156
-35, -148, -1065
-13, -146, -1003
-12, -125, -915
-11, -105, -917
-12, -99, -904
-22, -92, -904
-20, -96, -916
-17, -99, -949
-33, -102, -964
-38, -111, -979
-34, -121, -1011
-25, -121, -1006
-20, -115, -983
-24, -102, -942
-26, -105, -901
-8, -94, -846
-18, -88, -842
-15, -95, -870
-14, -101, -882
-29, -118, -895
-32, -119, -934
-21, -124, -974
-25, -131, -1030
-21, -135, -1064
-23, -130, -1066
-24, -128, -1018
-16, -125, -944
-22, -122, -938
-18, -114, -939
1, -116, -952
1, -121, -982
-11, -126, -997
-27, -118, -1030
-31, -122, -1039
-31, -126, -1020
-31, -118, -992
-37, -117, -982
-15, -116, -927
-3, -107, -897
-9, -100, -886
-8, -102, -916
-10, -109, -913
-16, -114, -956
-24, -117, -974
-28, -121, -970
-14, -110, -955
-10, -107, -950
-12, -107, -972
-10, -105, -947
-8, -107, -950
-6, -112, -927
-12, -115, -936
-16, -118, -945
-26, -121, -965
-20, -122, -964
-28, -116, -986
-20, -118, -998
-8, -116, -973
-23, -117, -976
-12, -130, -977
-19, -124, -996
-16, -127, -1004
-26, -121, -989
-21, -121, -989
-14, -121, -977
-26, -122, -972
-29, -117, -986
-24, -117, -988
-36, -115, -978
-34, -118, -979
-29, -117, -936
-29, -109, -948
-23, -113, -950
-22, -111, -968
-17, -115, -971
-17, -110, -963
-13, -112, -973
-14, -113, -948
-16, -115, -971
-22, -105, -955
-22, -111, -933
-24, -106, -934
-8, -110, -928
-4, -109, -928
-3, -113, -937
-7, -126, -958
-11, -117, -986
-13, -132, -982
-20, -131, -1006
-18, -128, -994
-27, -124, -1001
-13, -129, -969
-27, -126, -970
-20, -126, -977
-7, -121, -960
-19, -118, -972
-11, -115, -980
-17, -119, -1013
-29, -121, -1028
-42, -129, -996
-14, -125, -990
-12, -125, -965
-14, -120, -955
-13, -112, -950
-18, -105, -938
-18, -108, -920
-16, -106, -915
-11, -108, -933
-16, -118, -917
-32, -111, -971
-28, -118, -944
-19, -115, -986
-18, -125, -982
-26, -114, -967
-25, -116, -957
-15, -121, -948
-22, -113, -935
-21, -113, -931
-24, -118, -934
-34, -114, -955
-26, -122, -999
-24, -123, -1012
-24, -136, -999
-23, -132, -1038
-19, -130, -999
-20, -121, -997
-24, -125, -987
-14, -125, -970
-24, -120, -962
-18, -116, -967
-7, -124, -967
-27, -121, -976
-23, -118, -984
-19, -118, -966
-38, -111, -1005
-22, -126, -969
-26, -126, -956
-20, -113, -950
-15, -118, -944
-14, -113, -922
-22, -112, -930
-12, -116, -929
-12, -113, -943
-26, -112, -952
-29, -114, -980
-30, -117, -984
-27, -128, -981
-28, -115, -966
-14, -118, -940
-18, -123, -964
-23, -124, -956
-24, -117, -967
-15, -118, -984
-28, -114, -970
-19, -116, -1002
-22, -122, -996
-14, -127, -987
-33, -124, -1001
-28, -122, -976
-10, -125, -970
-5, -112, -976
-20, -118, -956
-10, -107, -962
-11, -118, -944
-16, -117, -934
-20, -111, -961
-21, -110, -969
-13, -113, -957
-27, -114, -943
-20, -116, -954
-4, -119, -925
-23, -112, -943
-30, -110, -955
-23, -115, -948
-13, -117, -952
-29, -110, -960
-21, -124, -982
-26, -123, -965
-19, -121, -972
-18, -117, -986
-25, -119, -979
-10, -122, -959
-28, -122, -975
-26, -124, -969
-12, -118, -957
-23, -116, -981
-14, -120, -995
-25, -116, -964
-18, -121, -983
-27, -116, -970
-21, -121, -973
-28, -120, -975
-32, -109, -968
-15, -115, -939
-25, -112, -945
-33, -113, -958
-20, -108, -961
-30, -117, -972
-17, -122, -962
-23, -116, -960
-11, -118, -954
-12, -110, -947
-21, -114, -934
-8, -116, -933
-13, -121, -953
-14, -125, -951
-28, -119, -969
-14, -115, -950
-14, -119, -943
-25, -120, -981
-29, -121, -987
-18, -122, -975
-13, -119, -989
-10, -123, -977
-5, -120, -987
-12, -118, -986
-12, -119, -964
-7, -120, -976
-29, -120, -971
-17, -126, -972
-23, -119, -999
-14, -116, -970
-20, -121, -960
-25, -109, -975
-22, -113, -972
-16, -113, -957
-23, -120, -958
-25, -115, -956
-25, -120, -962
-32, -117, -956
-25, -116, -963
-22, -117, -959
-21, -114, -962
-32, -114, -977
-21, -122, -963
-26, -120, -954
-24, -117, -972
-15, -126, -953
-34, -122, -958
-26, -117, -956
-25, -119, -935
-28, -113, -955
-30, -114, -962
-21, -119, -980
-23, -125, -959
-16, -118, -978
-7, -124, -993
-4, -120, -972
-22, -118, -973
-19, -118, -975
-24, -121, -971
-16, -123, -961
-33, -114, -963
-18, -118, -980
-23, -124, -961
-29, -115, -976
-29, -118, -981
-18, -116, -977
-10, -117, -948
-30, -120, -958
-21, -110, -953
-20, -110, -942
-23, -109, -954
-21, -112, -967
-15, -115, -939
-18, -117, -974
-20, -111, -971
-24, -118, -970
-21, -117, -981
-20, -126, -965
-15, -123, -988
-24, -123, -949
-28, -125, -964
-20, -113, -975
-9, -113, -970
-22, -115, -950
-32, -111, -968
-9, -121, -972
-10, -116, -976
-8, -125, -973
-17, -127, -968
-24, -120, -967
-24, -114, -971
-22, -118, -968
-13, -121, -955
-22, -119, -975
-14, -121, -951
-19, -121, -952
-27, -110, -971
-23, -120, -962
-14, -115, -945
-17, -111, -972
-7, -123, -950
-17, -118, -944
-19, -112, -953
-24, -112, -968
-28, -120, -970
-19, -124, -962
-16, -124, -958
-29, -119, -978
-19, -123, -974
-19, -119, -966
-30, -116, -973
-18, -117, -959
-23, -120, -974
-20, -123, -989
-26, -124, -972
-25, -118, -980
-29, -119, -991
-16, -126, -976
-29, -121, -990
-27, -116, -988
-22, -116, -960
-27, -117, -974
-32, -117, -979
-27, -121, -968
-22, -107, -974
-9, -118, -962
-10, -115, -945
-17, -114, -946
-10, -111, -949
-4, -114, -965
-20, -116, -960
-15, -121, -948
-12, -118, -938
-11, -120, -942
-9, -116, -945
-12, -111, -937
-25, -114, -953
-7, -120, -963
-12, -121, -965
-26, -117, -955
-15, -111, -985
-25, -111, -961
-16, -114, -980
-22, -116, -973
-30, -119, -967
-33, -117, -978
-31, -119, -971
-18, -122, -967
-35, -123, -999
-21, -117, -969
-24, -111, -982
-23, -123, -959
-24, -118, -947
-20, -115, -970
-9, -119, -968
-22, -112, -967
-24, -115, -959
-16, -113, -967
-24, -121, -957
-23, -116, -948
-17, -125, -979
-22, -122, -965
-28, -110, -983
-15, -115, -953
-20, -109, -970
-7, -118, -975
-6, -120, -969
-12, -117, -975
-24, -118, -961
-20, -122, -976
-27, -119, -961
-27, -117, -967
-22, -118, -985
-30, -122, -969
-21, -120, -959
-9, -128, -978
-10, -119, -960
-25, -114, -978
-24, -121, -962
-29, -113, -966
-23, -120, -961
-28, -115, -959
-27, -114, -966
-17, -122, -956
-23, -118, -968
-26, -119, -969
-20, -120, -961
-37, -118, -958
-18, -120, -952
-18, -120, -962
-19, -113, -955
-8, -116, -970
-26, -117, -951
-24, -119, -976
-11, -121, -953
-22, -115, -971
-17, -120, -950
-16, -117, -962
-20, -117, -973
-15, -114, -960
-28, -113, -963
-23, -115, -987
-21, -118, -979
-26, -117, -945
-23, -120, -954
-25, -118, -965
-22, -123, -976
-30, -110, -971
-17, -120, -985
-25, -116, -983
-36, -117, -967
-23, -119, -968
-24, -117, -958
-35, -108, -969
-10, -116, -942
-31, -118, -965
-17, -123, -953
-22, -118, -973
-23, -120, -969
-16, -113, -961
-10, -114, -966
-19, -115, -976
-21, -117, -957
-14, -116, -970
-17, -114, -955
-25, -118, -960
-20, -117, -973
-23, -126, -958
-35, -121, -965
-18, -122, -966
-22, -113, -964
-17, -124, -975
-36, -113, -958
-34, -120, -959
-30, -116, -970
-29, -118, -955
-26, -117, -975
-24, -116, -965
-26, -115, -973
-3, -122, -983
-17, -123, -955
-28, -117, -979
-24, -119, -952
-32, -121, -962
-24, -120, -967
-21, -119, -953
-21, -118, -957
-16, -115, -960
-19, -120, -969
-21, -108, -960
-17, -115, -963
-9, -123, -962
-11, -116, -970
-16, -111, -962
-13, -119, -938
-34, -116, -990
-30, -117, -950
-20, -117, -972
-23, -122, -972
-19, -120, -956
-14, -110, -971
-19, -124, -953
-24, -123, -961
-17, -117, -975
-23, -121, -966
-28, -115, -954
-24, -119, -947
-29, -124, -968
-16, -113, -969
-16, -120, -951
-20, -110, -961
-14, -115, -945
-22, -112, -968
-26, -116, -974
-17, -117, -979
-16, -114, -973
-22, -121, -983
-14, -122, -972
-13, -119, -965
-31, -118, -970
-5, -114, -945
-28, -118, -952
-22, -115, -957
-23, -110, -955
-19, -115, -954
-17, -119, -959
-18, -117, -965
-19, -118, -944
-20, -117, -965
-17, -113, -981
-5, -119, -961
-27, -121, -970
-25, -116, -977
-16, -115, -952
-27, -116, -931
-31, -116, -936
-12, -123, -963
-3, -119, -986
-6, -118, -985
-15, -116, -994
1, -119, -974
-29, -124, -945
-22, -114, -983
-25, -113, -978
-22, -114, -963
-31, -123, -959
-29, -117, -965
-12, -116, -975
-13, -122, -947
-28, -120, -969
-16, -114, -948
-19, -116, -962
-17, -121, -971
-32, -115, -962
-16, -120, -989
-21, -120, -990
-27, -118, -977
-29, -123, -975
-30, -118, -970
-34, -113, -980
-8, -121, -973
-29, -118, -954
-32, -118, -967
-29, -108, -957
-21, -117, -969
-28, -113, -971
-13, -116, -976
-23, -113, -977
-17, -121, -989
-20, -122, -968
-23, -120, -961
-19, -119, -981
-3, -124, -967
-24, -124, -963
-28, -118, -968
-14, -120, -972
-21, -117, -967
-21, -121, -971
-24, -113, -962
-33, -120, -962
-27, -115, -943
-26, -115, -964
-25, -119, -971
-27, -120, -955
-26, -114, -966
-30, -118, -967
-23, -115, -951
-32, -112, -976
-27, -122, -957
-31, -122, -978
-17, -128, -963
-27, -117, -951
-20, -114, -981
-16, -117, -950
-32, -118, -966
-26, -113, -950
-21, -121, -954
-29, -119, -956
-16, -115, -962
-15, -118, -959
-24, -118, -961
-27, -110, -974
-7, -116, -952
-30, -120, -957
-29, -109, -976
-20, -120, -958
-20, -119, -965
-23, -114, -967
-24, -125, -955
-25, -119, -969
-13, -115, -968
-11, -120, -965
-14, -116, -972
-8, -122, -966
-29, -121, -963
-21, -116, -990
-21, -119, -957
-26, -119, -969
-27, -117, -966
-17, -115, -956
-18, -109, -975
-21, -118, -973
-29, -114, -949
-13, -114, -973
-23, -119, -966
-30, -120, -956
-20, -115, -976
-9, -120, -983
-31, -118, -952
-32, -124, -984
-22, -123, -963
-26, -121, -970
