-14, -2, 1002
-16, -5, 1003
-23, 4, 995
-17, 4, 1012
-8, 6, 1011
-10, 7, 1008
-8, 7, 991
-9, 3, 992
-18, 2, 998
-9, -2, 993
-15, 5, 1011
-14, 5, 1007
-15, 2, 1008
-5, 3, 1001
-8, -1, 1011
-4, -1, 1014
-5, 8, 1014
-9, 5, 1004
-11, 0, 1014
-11, 4, 1030
1, 4, 1014
-3, -3, 1015
-20, 2, 1017
-18, -7, 1000
-10, -2, 1004
-2, 0, 1002
9, -5, 1019
-14, 0, 1014
3, -3, 1023
-5, -2, 1007
-2, 6, 993
-10, 4, 1025
-3, 0, 1038
-18, 1, 1024
-20, 2, 1021
-13, 2, 1026
-21, 5, 1009
-21, 4, 1015
-21, 3, 1020
-13, -1, 1020
-12, -2, 1009
-8, 0, 1010
-16, 6, 999
-13, 3, 1011
-7, 2, 1035
-30, 3, 1009
-23, 3, 1027
-18, -6, 1019
-22, 7, 1004
-20, 3, 1016
-20, 7, 1005
-7, -1, 1005
-16, 2, 1004
-23, 3, 1007
-12, 5, 1024
-11, 1, 1014
-14, 0, 998
-14, 6, 1007
-15, 0, 1002
-16, 5, 1012
-12, 0, 1019
-4, -2, 1024
-1, 0, 1015
-9, -2, 1020
-7, 0, 1004
-11, 2, 1007
-16, 1, 1023
-9, 4, 1008
-14, 2, 1005
-19, 3, 1011
0, -2, 1007
-12, 1, 1002
-23, 2, 1013
-24, -2, 1002
-24, -6, 1012
-12, 2, 1012
-22, -3, 1005
-11, 2, 1021
-9, 0, 1030
-4, 6, 1002
-13, 8, 1015
-11, 1, 1006
-4, 1, 1006
-14, 2, 999
-5, -1, 1006
-11, -7, 993
-15, 2, 989
-3, 0, 990
-8, 4, 998
-4, 3, 1010
-11, -2, 1007
-21, 3, 999
-18, 5, 1021
-17, -1, 1025
-10, -1, 1016
-15, -2, 1022
-7, 5, 1001
-19, 4, 1023
-4, 3, 996
-7, 8, 998
-23, 5, 1004
-13, 4, 1002
-10, 9, 986
-15, 8, 996
-16, -1, 1014
-11, 0, 1002
-25, 0, 1007
-25, -1, 1018
2, 6, 1026
-13, 6, 1004
-5, 1, 997
-1, 3, 999
-15, 1, 1003
-3, 5, 1017
-14, 0, 1005
3, 2, 1017
-1, 4, 984
-14, 0, 1001
-19, 3, 1013
-21, 7, 1020
-12, 0, 981
-4, 1, 1017
-16, -3, 1009
-14, 0, 1006
-13, 4, 1009
-24, 5, 1020
-23, -2, 1017
-16, 2, 1021
-18, 0, 1004
-15, -2, 1012
-16, 2, 1002
-15, 8, 1010
-12, 7, 999
-16, 10, 994
0, -2, 995
-7, -4, 1011
-5, 0, 1016
-15, 3, 992
-5, 8, 996
-6, 8, 1006
-13, 3, 1019
-14, 1, 994
-9, -1, 1003
-18, -1, 1007
-23, 2, 1026
-3, 4, 1025
-7, 1, 1007
-13, 4, 998
-15, -3, 1004
-11, -3, 1011
-19, -1, 1007
-17, 2, 1026
-13, 4, 999
-7, 1, 1003
1, -1, 999
-14, 1, 1000
-7, 2, 1001
-3, -3, 1017
-13, -6, 1020
-16, -6, 1011
-10, -2, 998
-21, 1, 1000
-13, -3, 1003
-19, 1, 1021
-20, 1, 1010
-16, 8, 1007
-25, 2, 1008
-25, 2, 1017
-22, -5, 1013
-13, -2, 1010
-13, 3, 1018
-4, 6, 1018
-15, 0, 1023
-15, 5, 983
-6, 6, 1010
-16, 1, 1009
6, 3, 1001
-22, 4, 1008
-4, -2, 1004
-22, 5, 1019
-20, -2, 1008
-17, 1, 1022
-5, 2, 1032
-6, 4, 992
-7, 3, 982
-3, 1, 1017
-7, 5, 1024
-18, 7, 1020
-16, -4, 1025
0, -4, 1003
15, -2, 1008
-9, -1, 1008
-18, -1, 1036
-14, 2, 1028
-8, 4, 1022
-9, 6, 1014
-15, 6, 1016
-12, 1, 1007
-10, 1, 994
-6, 7, 1009
-23, 3, 1003
-4, 3, 988
-9, 7, 992
-10, 2, 993
-16, 6, 1015
-10, 7, 1006
-5, 2, 1010
-2, 2, 1008
-12, -4, 1010
-16, 4, 999
-13, 4, 1000
-12, -2, 1005
-17, 0, 1005
-9, -2, 1018
-27, 2, 1031
-10, 2, 1011
-2, 2, 1022
-10, -4, 1006
-20, 5, 989
-24, 6, 1010
-11, 9, 1002
-24, 9, 1005
-23, 8, 1006
-12, 1, 1017
-14, 4, 1012
-11, 7, 1009
-11, 4, 1010
-12, 3, 1014
-15, 4, 1004
-15, 4, 1009
-2, 1, 1003
-11, 2, 1011
-17, 4, 1007
-7, 1, 1011
-3, 4, 1024
-20, 4, 992
-8, 5, 996
-13, 7, 994
-16, 1, 1014
-22, 0, 1017
-5, 1, 996
3, -2, 1017
-17, -2, 1015
-13, -2, 1020
-6, 3, 1003
1, 5, 1002
-16, 1, 1021
-19, 8, 992
-15, 3, 994
-11, 3, 997
-8, 5, 998
-16, 2, 987
-3, 1, 1012
-16, -1, 1006
-4, -4, 1022
-16, -3, 1012
-14, 4, 1005
-17, -2, 1006
0, 9, 1009
-18, 8, 1005
-13, -3, 1025
-4, 1, 1008
-22, 3, 1023
-7, 4, 987
-11, 1, 997
-17, 0, 1000
-16, 4, 1009
-11, 1, 1023
-9, 6, 1008
0, 5, 1012
-2, 3, 1003
-8, 1, 992
-2, 4, 1014
-10, -3, 1010
-17, 4, 1005
-23, 6, 1009
-26, 2, 1023
-20, -1, 1004
-17, 4, 1017
3, 3, 1018
-4, 5, 1005
-5, 1, 1009
-5, 6, 1016
-18, 2, 1006
-9, 0, 988
-16, 5, 1012
-15, -2, 1006
-16, 8, 1009
-22, 7, 1036
-18, 0, 1010
-12, 1, 1018
-3, 2, 1009
-8, 5, 1008
-17, 5, 1003
-14, 7, 1006
-19, 0, 1009
-21, -5, 1013
-26, -6, 1015
-16, 3, 1005
-26, 3, 1016
-7, -2, 1023
-10, 1, 1008
-22, 1, 1014
-17, 2, 1003
-2, 7, 1000
-16, 3, 1015
-8, 5, 1003
-17, -5, 1006
-10, -4, 1005
-19, 5, 1003
-12, 8, 998
-23, 5, 1011
-14, 7, 1015
-13, 5, 1005
-11, 4, 1008
-18, 2, 993
-12, 7, 998
-9, 5, 1011
0, 5, 1020
-18, 1, 1004
-3, -1, 998
-12, 1, 1012
-11, 2, 1020
-25, 5, 1005
-15, 6, 998
-21, 3, 1009
-24, -1, 1006
-22, -2, 1025
-15, -7, 1022
-8, -5, 1017
-12, 2, 1005
-7, 0, 1008
-14, -2, 1007
-16, 3, 1008
-11, 5, 1012
-11, 1, 1012
-4, 4, 994
-27, 4, 1009
-14, 4, 1004
-18, 1, 1001
-19, 9, 1021
-12, -2, 1006
-12, 1, 1005
-1, -1, 1019
-7, -3, 1008
-4, 3, 999
-15, 3, 1021
-7, 4, 1009
-13, 2, 1015
-7, 1, 1018
-17, 1, 1007
-14, -3, 1009
-19, 3, 1014
-14, 1, 1001
-7, 1, 1004
-12, 4, 1003
-22, 2, 1026
-26, -2, 1030
-9, -1, 1006
-11, 2, 1017
-6, 3, 1004
-6, 1, 1015
-14, 3, 1003
-20, 2, 1011
-14, 3, 1006
-11, 1, 1006
-8, 3, 1015
-8, -2, 1016
-30, 2, 1018
-10, -2, 998
-19, 1, 994
-20, 1, 1010
-3, -3, 1024
-11, -6, 1007
-10, 1, 997
-11, 2, 986
-5, 3, 991
-5, 2, 1012
-23, -2, 1002
-7, 5, 998
-13, -3, 1015
-7, -5, 1004
0, 0, 999
-5, 6, 1009
-6, 5, 1012
-10, 3, 1008
-13, 0, 990
-13, 2, 987
-10, -3, 1002
-7, -3, 1004
-14, 0, 996
-17, 1, 1002
-14, 4, 1020
-8, -5, 1005
3, 0, 1000
3, 4, 1005
-3, 7, 1002
-16, 4, 1014
1, 5, 1002
-13, 7, 1017
-5, 4, 1000
-4, 6, 1001
-21, 1, 1016
-5, 4, 1004
-21, -2, 1009
-13, 1, 1000
-19, 6, 1026
-11, 2, 1005
-7, 5, 987
-17, 6, 1001
-19, -3, 1021
-20, 0, 1035
-21, -2, 1027
-23, -1, 1017
-18, 3, 1001
-19, 4, 1012
-28, 1, 1007
-10, 1, 1016
-23, 6, 989
-8, 4, 997
-10, 0, 1011
-18, 8, 1015
-23, 3, 1023
-3, 3, 999
-12, -4, 1019
-2, -2, 1008
-4, -6, 1016
-16, -6, 1002
-14, -3, 1029
-21, 2, 1030
-22, -4, 1019
-10, -4, 1020
-4, 0, 1014
-9, 0, 1011
-16, 2, 999
-14, -1, 1008
-16, 1, 998
-21, -2, 993
-16, -1, 999
-4, 4, 1009
-16, 5, 1004
-19, 0, 1025
-18, -5, 1037
-11, -4, 1014
-15, 3, 1018
-12, 2, 1019
-6, 2, 1011
-3, 6, 1013
-13, 2, 1001
-5, 4, 1019
-13, 1, 1006
-16, 2, 1005
-15, -2, 1003
-31, 1, 1000
-17, -2, 995
-6, 6, 1021
-14, 3, 1006
-13, 1, 1003
-18, 9, 1022
-21, -6, 1030
-9, 7, 1001
-13, 2, 1012
-13, 4, 1010
-12, 0, 1008
-12, 1, 1017
-9, 4, 1009
-24, 1, 996
-7, 0, 1011
-11, 1, 1019
-1, 2, 1001
-11, 0, 1011
-24, -10, 1004
-22, -4, 1012
-13, 2, 1016
-11, -2, 999
-8, 4, 998
-7, 7, 1001
-17, 6, 994
-13, 4, 1006
-10, 6, 1030
-17, -2, 1005
-11, 1, 1021
-18, 4, 1009
-24, 1, 1000
-13, 8, 1012
-12, 3, 1016
-4, 0, 1013
-9, -2, 1011
-15, -1, 1022
-5, -1, 1011
0, 0, 1007
-18, 3, 1017
1, 0, 1033
1, 4, 997
-12, 5, 1029
-17, 0, 1030
-15, -1, 1020
-22, -1, 1021
-19, 2, 1002
-18, 2, 1011
-19, 9, 1008
2, 2, 1010
-3, -1, 987
-18, 3, 1025
-4, -2, 1011
-18, 3, 1009
-19, 1, 1014
-2, 4, 1002
-2, 3, 1002
-11, 3, 1001
-9, -3, 1011
-2, -1, 1017
-15, 4, 1010
-14, 2, 1019
-9, -1, 1012
-5, 3, 1010
-15, -2, 1001
-3, -3, 1001
-14, -5, 1008
-13, 5, 996
-23, 5, 1028
-16, -5, 1022
-6, 4, 1001
-20, 1, 1005
-3, 5, 1001
-20, 7, 1018
-8, 2, 999
-2, 4, 1010
-10, 2, 1014
-11, -1, 1002
-3, 1, 1016
-14, 3, 1003
-12, 1, 1001
-3, -1, 1020
4, 0, 1013
-7, -4, 1016
-13, -1, 997
-12, 4, 991
-26, 1, 995
-29, 0, 983
-15, -1, 1007
-20, -3, 1001
-28, 2, 1033
-8, 4, 1016
-20, 3, 1006
-9, 6, 1008
-9, 6, 993
-11, 3, 1002
-27, -1, 1016
-13, 5, 1013
-9, 6, 1007
1, 5, 1015
-8, 7, 1017
-6, 3, 1004
-12, 1, 1007
-15, -1, 993
-13, 5, 1027
-8, -5, 1026
2, 1, 1004
-23, -4, 1021
-13, 2, 1020
-3, 7, 1012
-10, 3, 1010
-19, 2, 1028
-14, 2, 1025
1, 1, 992
0, -1, 1021
-21, -4, 1007
-20, 2, 1018
-11, 3, 994
-10, -3, 1013
-15, 0, 1014
-20, -1, 1001
-23, 2, 1002
-9, -1, 996
-21, -1, 999
-25, 6, 1017
-11, 1, 1012
-20, -1, 997
-9, 9, 1005
-12, 6, 1002
-9, 4, 999
-4, 5, 1001
-13, 2, 1013
-7, -3, 1017
-17, 2, 1017
-8, 0, 997
-16, 4, 1001
-22, -2, 1014
-7, 2, 985
-12, 1, 1015
-16, -1, 1010
-16, 2, 1015
-8, 1, 1013
-15, -4, 1022
-27, 1, 1011
-11, -1, 1031
-15, 0, 1006
-11, 3, 1009
-23, 3, 1012
-23, 4, 1009
-6, 1, 1016
-9, 8, 1017
-21, 3, 1001
-9, 7, 1025
-7, 0, 993
-7, 2, 1018
-14, -1, 1018
-9, 2, 988
-1, 2, 1009
-13, 2, 1000
-22, 4, 1013
-21, -1, 1009
-18, 1, 1026
-22, 2, 1035
3, -2, 1003
-15, 3, 1006
-20, 9, 1011
-24, -2, 1019
-12, 2, 1014
-17, 2, 1011
-7, 3, 1015
-2, 3, 1034
-6, 6, 998
-7, -5, 1027
-26, -4, 1017
0, -1, 1010
-6, 3, 1002
-12, 3, 1013
-10, 1, 1025
-25, 0, 1009
-9, 10, 1028
-14, 9, 1011
-18, 3, 1018
0, 1, 1006
-9, 5, 1000
-13, 3, 1014
-23, 2, 1003
-18, 3, 980
-12, 1, 1031
-24, 1, 1008
-23, 0, 1013
-2, 0, 1010
-6, 4, 999
-8, -1, 1006
-19, 7, 1006
-17, -1, 1001
-5, 3, 978
0, 0, 993
-10, 1, 1002
-26, 4, 1016
-25, 2, 1018
-16, 0, 1012
-2, -2, 1011
-12, 6, 997
-11, 6, 1026
-20, -5, 1014
-1, -5, 1000
-10, 2, 1005
-12, 8, 992
-10, 4, 1021
-4, -1, 1023
-15, -1, 996
-12, 3, 1024
-19, -4, 1029
-16, 3, 1019
-9, 8, 1017
-13, 4, 1015
-15, 5, 1008
-7, 2, 1008
-12, 10, 998
-21, 8, 1027
-28, 1, 1023
-26, 4, 1016
-15, 4, 1015
-12, 3, 1018
-19, -1, 1005
-13, -4, 1013
-17, 0, 1010
-14, 4, 988
-26, -4, 1025
-14, 3, 1015
6, 2, 1010
-11, 3, 1005
-5, 3, 1027
-11, 1, 1002
-15, 3, 978
-9, 9, 1004
-23, 2, 1017
-12, 3, 986
-25, 3, 1000
-26, -3, 1018
3, 1, 1015
-12, 4, 1003
-16, 1, 1016
-13, 2, 1027
-13, -6, 1008
-15, 4, 1014
-9, 0, 1031
-13, -2, 1000
-14, 2, 1025
-24, -2, 1019
-20, 1, 1001
-14, 7, 1000
-14, -1, 1019
-8, 3, 1010
-9, 1, 1018
-18, 0, 1001
-9, 1, 1021
-11, 8, 1017
-10, 2, 1003
-10, -3, 1017
-11, -1, 998
-19, -4, 995
-17, -3, 1019
-17, -7, 1028
-12, -2, 1027
-6, 3, 991
-11, 5, 1010
-13, -3, 1019
-9, -4, 1019
-10, 1, 1010
-8, 5, 1012
-16, -2, 1002
-11, 2, 1010
-28, -4, 1000
-10, 4, 1015
-9, 5, 1001
-27, 5, 1015
2, -1, 1005
-11, 5, 1003
-14, 6, 985
-22, 2, 1024
2, -1, 1011
-7, -2, 995
1, 1, 996
-23, 1, 1033
-29, 3, 1018
-10, 9, 1018
-15, 3, 1019
-18, 1, 1010
-16, 3, 1019
-26, 5, 1004
-9, 2, 1006
-21, 4, 1006
-7, -5, 1022
-19, -3, 1014
-14, 5, 1013
-23, 1, 1027
-6, 0, 1020
-15, 5, 1008
-20, 7, 1041
-20, 2, 1027
-20, 1, 1015
2, -3, 1011
-8, 1, 1004
0, 5, 1009
-12, 3, 1008
-14, 7, 1014
-18, 9, 1030
-9, 150, 1063
-220, 49, 1232
21, -140, 509
43, 38, 1075
-64, -62, 934
2, 35, 559
-4, 16, 1199
-7, -9, 1187
-41, 17, 1045
-16, 18, 1047
-14, 13, 1012
-36, 27, 750
30, -50, 1044
-18, -19, 1015
-8, -17, 1126
-1, 39, 1098
-8, 24, 908
-20, 23, 1129
-8, 0, 1076
-18, -20, 1031
-19, -9, 1019
-18, 0, 928
-6, 10, 944
-1, -1, 1001
-19, 7, 1035
-41, 0, 1061
-9, -2, 998
-22, 1, 989
-3, 4, 995
-10, 1, 985
-13, -7, 980
-17, -14, 991
-15, -4, 1024
-4, 3, 1000
-11, 5, 1056
-6, 1, 1032
-7, 1, 1014
-5, 2, 1020
-19, 0, 992
-21, 5, 1004
-5, 7, 957
21, -18, 1275
-12, 8, 995
-24, -17, 1048
-34, 12, 1031
-4, -4, 920
-15, 15, 1027
-33, -7, 1179
-43, -6, 1183
-33, -3, 1180
-16, 3, 1352
-50, -5, 1258
4, -20, 1092
-2, -29, 1199
0, -27, 1286
-21, -31, 1014
-33, -102, 688
94, -62, 650
70, -21, 268
35, -14, -16
-6, -350, -499
119, 29, -579
-37, 360, 241
19, 147, 1369
-196, 139, 1594
-2, -25, 1595
28, -106, 1838
-13, 33, 361
42, 124, 935
-35, 126, -453
-6, 71, 491
45, -31, 671
21, -211, 1649
-80, -97, -25
-58, -49, 114
-17, -31, 460
-4, 69, 1108
1, -20, 1457
13, 49, 1234
-8, 48, 1089
-6, 48, 1346
5, 67, 818
-7, 48, 808
-25, -3, 989
-24, -20, 835
-21, -66, 1188
-23, -45, 1231
-18, -16, 1022
-9, 11, 903
-16, 37, 940
-11, 24, 1043
-7, 19, 1052
-17, 21, 999
-8, 16, 972
-16, 15, 936
-28, 19, 928
-27, 2, 1003
-38, -9, 1035
-19, -9, 1020
-2, -14, 1028
-18, -3, 1043
-14, 8, 1012
-14, 13, 965
-17, 20, 997
-10, 20, 998
-15, 9, 1019
6, 7, 1022
-7, 2, 1009
-13, 5, 987
-19, 2, 1009
-5, 2, 1004
-14, 2, 1021
-9, 6, 1023
-16, 3, 1016
-16, 6, 1027
-23, 8, 1011
-18, 13, 1001
-22, 6, 1019
-5, 8, 1010
-14, 12, 1001
-10, 37, 1236
-20, -26, 915
-11, -9, 880
-27, 18, 894
-16, 34, 1060
-17, 5, 853
-2, 10, 1029
-6, 8, 1049
-13, 14, 1005
-17, -1, 1010
-25, 14, 1026
-12, 8, 942
-9, 10, 955
-15, -5, 1049
-2, -3, 1045
-11, -1, 1053
-11, 12, 1048
-13, 11, 1033
-16, 8, 1034
5, 13, 1030
-20, 9, 1039
-16, 5, 1026
-14, -1, 1032
-17, 6, 1007
-3, 6, 1004
-20, 10, 991
-14, 2, 1001
-12, 12, 1027
-24, 10, 1007
-1, 10, 996
-14, 12, 1007
-14, 12, 1001
-7, 4, 1008
-14, 9, 1015
-12, 10, 988
-10, 10, 1019
-4, 10, 999
-23, 7, 1018
4, 4, 1007
-4, 5, 1009
-19, 12, 1012
1, 11, 1002
-18, 8, 1021
-19, 4, 1006
-6, 3, 1006
-12, 8, 1028
7, 9, 1001
-2, 9, 997
-16, 3, 1018
-17, 9, 1007
-17, 12, 1031
-11, 5, 1006
-10, 9, 1010
-11, 10, 998
-3, 5, 1011
-3, 5, 1013
-17, 13, 1003
-4, 4, 1016
-13, 4, 996
-7, 8, 1012
-14, 10, 1004
-9, 5, 1003
-4, 3, 985
-8, 9, 990
-3, 8, 1009
-16, 9, 1001
-15, 10, 992
-18, 6, 1001
-13, 6, 1040
-2, 6, 1028
-12, 9, 986
5, 6, 993
-15, 11, 995
-26, 7, 985
-13, 6, 999
-18, 6, 1011
-7, 13, 996
-19, 5, 1012
-10, 14, 999
-21, 13, 989
-16, 12, 1006
-13, 12, 1006
-24, 7, 1012
-11, 10, 987
-8, 5, 1016
-13, 5, 988
-2, 9, 991
-11, 8, 1005
-15, 2, 1009
-5, 6, 1014
-13, 8, 1014
-17, 7, 1015
-15, 10, 1005
-12, 8, 1018
-12, 2, 1014
-9, 10, 1001
-18, 7, 1018
-16, 10, 1007
-22, 7, 1012
-10, 9, 983
-7, 10, 996
-17, 6, 1013
-18, 9, 990
-17, 5, 983
-20, 8, 1003
-16, 1, 982
-5, 7, 1014
-16, 8, 1007
-11, 7, 1011
-11, 11, 1000
-13, 9, 1020
2, 5, 1005
-11, 9, 1019
-18, 4, 1026
-6, 9, 1010
-10, 1, 1012
-15, 4, 1037
-10, 2, 995
-3, 6, 995
4, 11, 1016
-16, 9, 1024
-14, 11, 1024
-20, 5, 1027
-9, 4, 1010
3, 7, 1000
-17, 8, 1015
-4, 7, 1000
-2, 9, 1009
-7, 7, 999
-15, 9, 995
-4, 7, 986
-7, 15, 1002
-21, 8, 1015
-10, 17, 1005
-11, 7, 1022
-8, 9, 1002
-3, 9, 996
-12, 6, 1013
-8, 5, 990
-9, 9, 998
-14, 5, 1011
1, 5, 1010
-8, 8, 1002
-16, 9, 1019
-3, 16, 1001
-9, 7, 1011
-11, 8, 1020
-13, 8, 1009
-1, 1, 1013
-12, 3, 1023
-11, 4, 1012
5, 8, 1003
-4, 6, 1001
-10, 10, 975
-4, 7, 1004
-18, 7, 1010
-16, 4, 996
-14, 12, 1011
-18, 6, 1005
-11, 9, 996
-19, 7, 997
-9, 6, 999
-14, 8, 1002
-1, 13, 987
-16, 13, 1002
3, 13, 1011
-11, 6, 989
-19, 3, 987
-20, 14, 1013
-16, 12, 1010
-20, 7, 999
-20, 9, 1017
-1, 1, 1020
-8, 4, 1007
-1, 2, 1011
-9, 10, 1025
-11, 12, 1025
-17, 4, 1022
-8, 11, 1003
-5, 7, 1029
-14, 3, 988
-13, 2, 1014
-12, 3, 1016
0, 4, 1004
-1, 7, 1016
-21, 7, 1011
2, 9, 995
-19, 11, 986
-14, 9, 1008
-13, 16, 992
-20, 12, 1011
-14, 4, 972
-13, 14, 935
-14, 18, 1031
5, 7, 1051
-6, 9, 1033
-8, 1, 1060
4, 4, 1028
-23, 5, 1023
-13, 5, 1019
-25, 10, 990
0, 15, 998
-4, 7, 1026
-11, 2, 1033
-3, 3, 1038
-9, 6, 1037
-6, 13, 1003
-1, 2, 1002
-12, 1, 996
-13, 8, 994
3, 11, 1018
-6, 12, 1008
-12, 12, 995
-6, 15, 1025
-22, 9, 1002
-24, 6, 998
-11, 8, 1005
-6, 6, 999
-16, 14, 998
-7, 7, 1005
-9, 7, 994
-14, 3, 1013
-8, 5, 1001
-11, 7, 1001
-19, 5, 1017
-13, 5, 1011
-19, 6, 995
-3, 6, 1016
-4, 11, 998
-19, 7, 1018
-5, 8, 994
1, 9, 988
-10, 13, 1000
-11, 8, 1004
-16, 4, 1020
-9, 9, 991
-13, 12, 1000
-15, 9, 1016
-7, 11, 1005
-2, 8, 1001
-6, 7, 998
-7, 3, 1017
-21, 9, 1006
-15, 8, 989
-17, 12, 1011
-9, 6, 1010
-9, 4, 1021
-12, 11, 997
-7, 8, 995
-12, 10, 1027
-15, 8, 1017
-2, 6, 1017
0, 4, 1020
-1, 9, 994
6, 9, 1003
-8, 8, 1010
-13, 6, 1023
-19, 5, 1009
-16, 3, 1008
-7, 3, 1006
-17, 8, 1009
1, 10, 1007
-6, 6, 1003
-14, 11, 999
-9, 2, 1006
-19, 12, 1004
0, 7, 1008
-7, 8, 1007
-5, 7, 1006
-10, 9, 1019
-22, 15, 998
-15, 8, 1006
-7, 5, 1026
-9, 7, 1019
-4, 13, 1012
-7, 8, 1006
-17, 10, 1013
-17, 3, 1012
-3, 3, 1005
-11, -1, 1012
-11, 7, 992
-18, 13, 1003
-17, 7, 1018
-14, 7, 1000
-18, 1, 1009
-15, 8, 1000
3, 9, 986
-2, 9, 992
-10, 7, 1004
-25, 3, 1022
-10, 0, 1026
-9, 10, 996
-11, 12, 1006
-14, 3, 1001
-2, 13, 985
-8, 8, 1010
-11, 17, 1003
-3, 13, 1040
-16, 7, 1003
-1, 5, 1029
-12, 9, 984
-5, 3, 1000
0, 6, 1006
5, 11, 1007
-12, 13, 1002
-16, 13, 1007
1, 8, 1002
-15, 9, 1022
-13, 2, 1014
6, 9, 1023
3, 14, 1013
-8, 10, 1008
-14, 5, 1010
-9, 8, 999
-9, 2, 1012
-4, 5, 1012
0, 10, 1019
-13, 3, 1009
-5, 10, 1008
-11, 11, 1020
-8, 6, 998
-19, 16, 1001
-12, 15, 1009
-10, 10, 1006
-7, 6, 1016
-16, 9, 1008
-16, 9, 1011
-13, 7, 1019
-16, 7, 1014
4, 5, 1004
-9, 10, 1001
-8, 3, 1020
-21, 7, 1018
-14, 3, 1003
-12, 8, 1011
-11, 6, 1002
-3, 11, 1014
-9, 9, 1010
-18, 10, 1008
-7, 9, 1010
-8, 3, 1006
-8, 7, 1019
-15, 7, 1024
-8, 10, 1005
-10, 8, 1005
-17, 8, 1030
-4, 4, 1023
-3, 3, 1013
-4, 6, 1023
-7, 9, 1015
-14, 7, 1024
-3, 4, 1020
-11, 10, 1018
-9, 13, 1020
-11, 11, 995
-12, 5, 1013
-11, 9, 1012
7, 6, 1012
-2, 4, 1019
-15, 6, 1014
-7, 7, 992
-18, 12, 1002
-14, 7, 1013
-4, 12, 995
-13, 5, 1001
-4, 6, 1015
-10, 9, 1015
-12, 11, 1007
-18, 11, 1012
-9, 12, 1005
-18, 10, 1005
-20, 10, 998
-23, 9, 1001
-10, 13, 1003
-3, 12, 1028
-17, 7, 1025
-16, 7, 1000
-13, 6, 1016
-11, 8, 1007
-12, 2, 1025
-16, 10, 1020
-21, 7, 1012
-21, 7, 1012
-15, 8, 1022
-23, 9, 1001
-21, 5, 1009
-14, 5, 1007
-32, 8, 995
-32, 3, 1004
-14, 5, 1015
5, 11, 1006
12, 10, 1007
3, 9, 996
1, 6, 987
0, 7, 999
-6, 10, 1005
-15, 9, 1003
-2, 1, 996
3, 15, 1010
-1, 11, 987
-8, -4, 950
-9, -2, 886
-10, 17, 913
-14, 6, 959
1, 14, 995
-7, 20, 1055
-21, 9, 1088
-27, 15, 1107
-24, 12, 1120
0, 6, 1105
-22, 13, 1118
-22, 3, 1129
-17, -15, 1094
-11, -10, 1085
-24, -3, 1033
-5, 5, 980
-4, 13, 930
-18, 13, 950
-19, 12, 931
-27, 13, 926
-21, 2, 904
-14, 13, 847
-20, 21, 847
-8, 21, 866
-16, 19, 865
-9, 13, 948
-11, 9, 1036
-15, 11, 1101
-24, 6, 1226
-11, -43, 1081
-35, 31, 1084
-31, -1, 1071
-12, 7, 1031
-7, 2, 1104
-2, -4, 1178
0, -13, 1105
-27, -15, 1092
-11, -3, 1092
-20, 3, 1036
-4, 17, 939
-10, 11, 898
-13, 11, 904
-15, 9, 917
-20, 7, 994
-30, -2, 1030
-18, 4, 999
-11, 5, 948
-8, 8, 980
-7, 6, 1006
-22, 6, 1012
-2, -2, 1010
-2, -3, 1015
-21, 3, 1043
-27, 3, 1101
-19, -8, 1141
-4, -7, 1123
10, -6, 1084
2, -4, 1089
-10, -8, 1070
-19, -3, 1049
-18, 5, 995
-22, 2, 983
-15, 3, 977
-8, 6, 973
-10, -2, 975
-16, -4, 986
-12, -3, 958
-8, 7, 943
-13, 4, 929
-10, 4, 927
-16, 3, 928
-11, -2, 953
-17, 0, 959
-12, -2, 981
-4, -2, 987
-19, 8, 1008
-19, 0, 1004
-1, -1, 1002
-11, 5, 984
-14, 4, 998
-2, 3, 994
-4, 2, 963
-6, 2, 986
-15, -2, 988
-14, 2, 999
-18, -1, 988
-13, 0, 988
-20, 7, 992
-14, 7, 983
-1, 2, 991
-8, 4, 986
-13, 8, 1000
-11, 9, 1011
-20, 3, 1018
-13, 4, 1009
-10, 3, 1014
-19, 3, 1025
-18, 3, 1032
-21, -3, 1024
-3, -2, 1011
6, -6, 1013
-16, 2, 1002
-11, 4, 999
-4, 5, 1004
-12, 0, 1009
-10, -3, 977
-13, -2, 1005
-14, 3, 997
-20, 4, 1009
-20, -2, 1015
-24, -2, 1027
-18, -4, 1019
-17, 3, 1028
-11, 4, 1005
-9, -2, 1026
-7, 0, 1014
-3, 0, 1023
4, 5, 1023
-8, 3, 1008
-4, 4, 1005
-11, 0, 1029
-12, -1, 989
-2, 10, 1007
-15, 6, 1017
-12, 2, 1018
-13, 7, 1005
-14, 2, 1003
-6, -4, 1028
-13, 1, 991
-9, 6, 1007
-10, 1, 1022
-14, 3, 1012
-17, 0, 1008
-6, 4, 1021
-11, 2, 1006
-5, -1, 1000
-18, 4, 1024
-9, -5, 1021
-13, 0, 999
-11, 1, 1001
3, -1, 997
-2, 6, 1025
-5, 3, 993
-19, 1, 997
-15, 0, 1005
-22, -4, 1020
-9, 0, 1015
-19, 1, 991
-1, 6, 989
-13, 3, 994
-4, 0, 1000
-7, 0, 1010
-18, 5, 1003
-32, 2, 1009
-25, 2, 1029
1, 1, 1003
-14, 7, 1031
-3, -2, 1002
-7, 0, 986
2, -4, 1021
-8, -2, 1020
-14, 3, 1017
-5, 2, 1016
-19, 3, 1000
-22, 3, 1006
-16, 1, 1004
-19, 3, 1008
-19, -1, 1010
-28, -1, 1030
-18, -1, 1021
-21, 2, 1005
-21, 1, 1009
-15, -1, 1003
-4, -2, 1002
-11, -2, 1000
-10, 2, 1023
-4, 4, 990
-16, 5, 990
-24, 4, 1020
-21, -5, 1028
-3, -8, 1028
-8, -5, 991
-5, 1, 993
-5, 1, 1004
-11, 2, 998
-18, -3, 1020
-24, 0, 997
-21, 7, 1030
-17, -4, 1018
-16, -1, 1021
-5, 0, 1020
-6, 1, 993
2, -1, 1009
-9, -1, 1014
-7, 6, 1026
-4, 2, 1017
-13, 3, 1003
-15, 3, 996
-7, -2, 1017
-20, -4, 1016
-16, 4, 1026
-12, -3, 1011
-17, -5, 1018
-17, -7, 1024
-14, 0, 1028
-6, 1, 1018
-18, 3, 1001
-17, 3, 1020
-15, 3, 1004
-17, 8, 1025
-11, 2, 1012
-12, 3, 1002
-19, 2, 1015
-22, 6, 1027
-24, 1, 1025
-5, -2, 1002
-10, 1, 1007
-18, -5, 1016
-6, 5, 1027
-16, 8, 999
-15, 0, 1010
-7, 6, 986
-19, -3, 1021
-15, 0, 1019
-18, 3, 1015
-4, 4, 1010
-14, 3, 1013
-7, -2, 984
-9, 1, 1003
-19, 4, 1001
-11, 1, 1009
-24, 2, 1000
-13, 4, 1009
-17, 3, 1028
-22, -4, 1004
-6, 0, 983
-9, 5, 1016
-12, -2, 999
-8, 4, 1023
-19, 3, 986
-2, -4, 996
-17, -1, 998
-21, -1, 1008
4, 6, 1003
-10, 0, 998
-8, 0, 1021
-6, -2, 989
-13, -4, 1020
-12, 6, 1009
-8, 7, 998
-12, 7, 997
3, 0, 985
-13, 2, 995
-13, 4, 1012
-3, 2, 1018
-10, 5, 1019
-12, 2, 1003
-5, 2, 1028
-11, 0, 1020
-2, 5, 1014
-12, 2, 1008
-12, 2, 1008
-19, 3, 1011
-15, 8, 1003
-2, 1, 1000
-10, 5, 1011
-18, 0, 1008
-4, -1, 1011
-2, -1, 1005
-25, 2, 1003
-22, 2, 1006
-22, 7, 1020
-1, 1, 1003
-13, 0, 1010
-4, -3, 1007
-12, -4, 1004
-15, 5, 1007
-17, 3, 1005
-10, 5, 1007
-16, 3, 1033
-21, 0, 1025
-18, -1, 1024
-7, 1, 1007
-12, 0, 1017
-18, 5, 1014
-24, 3, 996
-17, 7, 1008
-2, 5, 991
-11, 3, 1010
7, 3, 997
-8, 4, 1005
-13, -6, 1000
-5, 1, 1007
-7, 1, 1015
-8, 3, 986
-9, 6, 1010
-10, 2, 1008
-20, 1, 1011
-23, 1, 1006
-12, -4, 997
-9, -1, 1017
-4, -5, 990
-15, 8, 1001
-12, 6, 998
-11, 2, 1020
-17, -1, 1023
-12, 0, 1022
-17, -2, 1026
-4, 1, 1014
-8, 1, 1011
-16, 4, 1007
-18, 2, 1002
-4, 3, 1013
-7, 3, 1014
-9, 6, 1011
-13, 7, 1014
-20, 4, 1010
0, -1, 1012
-10, -1, 1022
2, 10, 1013
-21, 8, 1005
-19, 1, 1022
-1, -4, 1006
-1, 6, 1012
-3, 8, 1002
-21, 4, 1010
-25, -2, 1013
-22, 0, 1022
-17, 2, 1036
-15, -5, 998
-6, -4, 1015
-14, 1, 1010
-12, -1, 1006
1, 3, 1020
-5, 3, 1016
-12, 5, 1002
-12, 9, 999
-24, 6, 1019
-24, 3, 1015
-7, 6, 1000
-14, 0, 1009
-8, 2, 994
-25, 3, 999
-7, 1, 1003
-9, 7, 998
-1, 8, 1010
-11, 6, 1001
-1, -2, 989
-6, 2, 1020
-21, -2, 1010
-2, 0, 1007
-10, -2, 994
-15, -7, 1001
-19, -1, 1001
-4, 3, 1010
-12, 3, 1006
-7, 2, 1006
-12, 2, 1011
-16, 3, 1026
-11, 1, 1020
-24, 8, 1007
-6, 4, 990
-8, 0, 1001
-16, 1, 1007
-13, 0, 992
-22, -1, 999
-22, 1, 1021
-10, 4, 1010
-12, 0, 997
-18, 6, 1024
-20, 2, 1023
-9, 2, 990
-18, 1, 1023
-20, -2, 1011
-18, -4, 1019
-14, 2, 1010
-22, -5, 1009
-11, 0, 1006
-8, 3, 996
-13, 6, 1001
-20, -4, 1016
-7, -1, 995
-8, 7, 1003
-12, 7, 1009
-6, 4, 1007
-14, 4, 1009
3, -1, 1017
-8, 0, 1009
-6, -2, 1020
-12, 2, 1023
-7, 2, 1003
-7, -5, 1012
-12, 3, 1016
-14, 4, 1014
-11, 3, 1011
-2, 6, 1010
-16, 4, 1001
-9, 0, 1000
-15, -1, 1010
-20, -4, 1026
-15, -2, 1018
-8, 2, 989
-13, 1, 1011
-17, -2, 1022
-15, -3, 1029
-10, 0, 1006
-14, -4, 1007
-1, -4, 1007
-5, -1, 1031
-8, 1, 1018
-5, 1, 1009
-24, 7, 996
-14, 5, 997
-16, 10, 1022
-14, 0, 1005
-16, -1, 993
-14, 0, 1012
-8, 7, 992
-2, -3, 1017
-7, -3, 1009
-4, -2, 1011
-12, 0, 1020
-8, -2, 1014
-9, 11, 1009
-19, 5, 1008
-17, 5, 1006
-20, 4, 1023
5, 1, 1005
-9, 8, 1023
-12, 2, 1004
-3, -1, 1009
-8, -6, 1029
-15, 1, 1022
-9, -1, 992
-5, 5, 1014
-14, 0, 1003
-9, 3, 1011
-21, 0, 1009
-17, 6, 1009
-6, 4, 1010
-10, 5, 1006
-19, -4, 1025
-14, -5, 1022
-8, 1, 1029
-9, 7, 1006
-8, 1, 1016
-18, 1, 1001
-10, 6, 1023
-12, 9, 1011
-19, 1, 1031
-5, -2, 1028
-10, 0, 995
-25, 0, 1013
-24, 1, 1001
-13, -1, 994
-21, 0, 997
-13, 1, 1008
-20, 0, 1016
-20, 2, 1019
-8, -1, 1015
-11, 1, 1013
-8, 3, 1011
-16, 2, 1014
-12, 4, 1002
-14, 4, 1004
-10, 4, 1032
-21, -1, 1006
-20, 5, 1008
-23, 4, 1008
-8, 3, 1010
-11, -1, 1019
-18, 4, 998
-10, 8, 994
-8, 3, 990
-26, 3, 1005
-8, 8, 1004
-18, 2, 1005
-19, -2, 988
-14, -4, 1003
-10, -4, 1009
-18, 2, 1005
-14, 5, 1006
-6, 7, 1023
-20, 0, 1022
-19, 2, 980
-16, 7, 998
-21, 1, 1001
-6, 4, 1027
-10, 0, 989
-7, 4, 976
-3, 3, 989
-9, 4, 1007
4, 6, 1005
-3, 5, 1011
0, 0, 1020
-18, 6, 1028
-18, -2, 1022
-15, 3, 1006
-15, -3, 997
-2, -1, 1002
-7, 6, 991
-17, 7, 1008
-10, 3, 1017
-20, 1, 1001
-31, 3, 1015
-28, 7, 1016
-2, 5, 1010
-7, 1, 1013
-6, 0, 1027
-7, 4, 1012
-18, 7, 1021
-10, -4, 1019
-18, 5, 1017
-19, 2, 1022
-11, 7, 1015
-11, 1, 1018
-28, 3, 1030
-21, -1, 1010
-15, -6, 1027
-10, -1, 1028
-5, 3, 1004
-9, -1, 1016
-9, 2, 1013
-22, 2, 1004
-29, 13, 1014
-9, 8, 1016
-11, 0, 1018
-3, 5, 999
-10, 7, 1000
-19, 11, 1002
-21, -6, 1001
-12, -3, 1019
-6, 0, 990
-9, 3, 1011
-15, 2, 1005
-12, 6, 1007
-18, 9, 987
-20, 4, 1010
-7, 1, 1023
-20, 4, 1015
-19, 4, 1008
-21, 3, 997
-25, 2, 976
-4, 1, 997
-13, 6, 1007
-22, -2, 1000
-16, 1, 1010
-13, 6, 1012
-18, 3, 1009
-23, -5, 1025
-24, 1, 1017
-24, -2, 1025
-21, 0, 1002
-14, 0, 998
-17, 5, 990
-10, 4, 1006
-2, 3, 1013
-15, 3, 1007
-20, 2, 1018
-23, 0, 1044
0, -8, 1008
10, 2, 1024
0, -2, 991
-15, 1, 1000
-11, 11, 1014
-15, 1, 1013
-10, -1, 1012
-1, 5, 1005
-17, 6, 1005
-4, 2, 1009
-8, 2, 1019
-18, -6, 1008
-3, 7, 997
-5, 0, 1006
-6, 4, 996
-15, 5, 1008
-15, 0, 1015
-14, 2, 1035
-15, -1, 998
-16, 0, 994
-24, -3, 998
-26, 4, 969
-6, 0, 981
-3, -2, 997
-16, -6, 1024
-6, 3, 1017
-12, 2, 1014
-18, 1, 1021
-6, -1, 1036
-10, 5, 1000
-9, 9, 1001
-17, 10, 1015
-10, 1, 1010
-20, 7, 1016
-16, -1, 1017
-11, 3, 1016
-10, -1, 1000
-12, 2, 1012
0, 5, 1009
-5, 3, 1000
1, 2, 996
-15, 3, 995
-21, 5, 995
-9, -1, 987
-8, 2, 996
-11, 0, 997
-21, 3, 1009
-21, -1, 1016
-22, -1, 1013
-8, 7, 1025
-8, 4, 1024
-11, -2, 1018
4, 1, 1016
-7, 1, 1027
-9, -2, 1009
0, -6, 1016
-14, -2, 1024
-18, 1, 1002
-19, -4, 1012
-18, 5, 997
-22, 5, 992
-31, 6, 989
-25, 1, 998
-13, -4, 987
-12, 3, 1014
-23, 4, 1028
-14, -7, 1001
1, -2, 1018
5, -4, 1005
-4, 3, 999
-17, 3, 1006
-21, -3, 1024
-18, -4, 1031
-20, 1, 1041
-22, 0, 1028
-14, 0, 1007
-6, -1, 990
-7, -1, 1002
-15, 5, 1014
-10, 7, 1015
-14, 4, 1013
-3, 2, 1006
-13, -3, 1022
-4, 0, 1006
-2, -2, 978
-15, 1, 996
-10, 7, 1018
-13, 2, 1010
-14, 1, 1025
-6, 3, 988
-16, -1, 997
-19, 0, 1002
-1, -1, 998
-2, 6, 1000
-19, -1, 983
-13, 6, 1022
-22, -2, 1012
-10, 5, 1017
-16, 1, 1027
-3, -2, 1042
0, 4, 1005
-7, 5, 992
-18, 1, 1006
-23, 1, 1022
-2, -5, 1028
-22, 2, 1001
-21, 1, 1005
-21, -1, 1012
-21, 3, 1018
-26, -3, 1023
-20, 1, 1005
-13, 9, 1000
-14, 4, 1011
-14, 3, 994
-10, 8, 1003
-11, 2, 1009
-20, -1, 1022
-6, 2, 1006
-19, -3, 1010
-13, 7, 1015
-21, 9, 1014
-22, -2, 1026
-6, -4, 1022
-3, -3, 979
-1, 1, 1006
-11, 7, 1008
-7, 5, 1027
-17, 5, 1019
-11, -6, 1004
5, -3, 1000
-18, 4, 1023
-11, -6, 1004
-11, -3, 990
-19, 2, 996
-16, -5, 1009
-15, -1, 997
-16, 2, 1009
-12, 6, 1008
-23, 6, 1006
-19, 8, 1013
-7, -1, 981
0, 4, 1022
-11, -1, 1011
-12, -3, 1008
-22, 5, 1002
-7, 2, 993
-4, 0, 1008
-9, 2, 1013
-19, -7, 997
-5, 5, 1000
-12, 3, 1011
-11, -2, 987
-7, 6, 1020
-13, 4, 1004
-19, 3, 999
0, 7, 993
-2, 3, 1006
-19, 3, 1020
-21, 0, 1013
-12, 2, 1012
-11, -1, 1011
-12, -3, 1025
-16, 6, 1011
-17, 5, 1013
-20, -4, 1019
-17, -7, 1029
-22, -1, 1026
-19, 0, 1011
-16, 2, 988
-14, -4, 1000
-12, -4, 1010
-18, 4, 991
-25, 4, 979
-11, -4, 1000
-3, 1, 1011
-12, -3, 1006
-19, -3, 1010
-21, -4, 1017
-15, -1, 1015
-23, -1, 1024
-16, 5, 1001
-1, 2, 1003
-6, 4, 1013
-17, 4, 1027
-12, 3, 1013
-13, -1, 1010
-12, -5, 1019
-21, 2, 997
-18, -4, 1011
-16, -4, 1034
-18, -1, 1032
-21, 3, 1021
-14, 3, 1022
-8, 5, 1020
-14, 2, 1003
-18, 3, 1016
-17, 4, 1013
-12, 6, 1029
-17, 4, 1014
-10, 4, 994
-11, 3, 1010
-19, 5, 1019
-25, -3, 1020
-4, 0, 1004
-13, 5, 1013
-14, 6, 1020
-16, 2, 1020
-2, -1, 1007
-12, 3, 994
-11, 0, 998
-20, 2, 1010
-22, 1, 1022
-10, -1, 1014
-17, -1, 1018
1, 3, 1023
-19, 8, 1006
-24, 2, 994
-19, 5, 1010
0, 1, 1017
-18, 3, 1037
-10, -1, 1023
-9, 6, 1002
-11, -1, 1011
-8, -2, 1012
-2, -3, 994
-6, 7, 995
-14, 0, 998
-16, -2, 1007
-18, 0, 1011
-13, 0, 1014
-9, 2, 1000
-20, 5, 1006
-25, -5, 1002
-1, -1, 1004
-12, 2, 1030
-16, -2, 1021
-9, 7, 1010
-10, 0, 999
-8, 2, 1020
-7, 2, 999
-18, 2, 1013
-16, 4, 1015
-23, -3, 1006
-17, 3, 1020
-5, 5, 1004
-25, 9, 1005
-9, -5, 1002
0, 3, 998
-12, 5, 996
0, 6, 1002
-12, 3, 1010
-12, 1, 1020
-16, 6, 1008
-18, 2, 991
-12, -1, 1003
-6, 4, 1018
-7, 0, 1022
-10, -1, 1027
-6, -2, 1028
-8, -4, 1006
-4, -4, 991
-10, 8, 1000
-10, 3, 1003
-21, 7, 1012
-22, 6, 997
-11, 1, 984
-13, -3, 986
-23, -4, 992
-12, -1, 995
-17, 8, 1008
-3, 3, 989
-19, 0, 1006
-16, 2, 997
-15, 0, 1007
-5, 8, 987
-10, 6, 1014
-19, 3, 1036
-16, 3, 1015
-12, 4, 1011
-7, 3, 990
-1, 4, 998
-11, 3, 1002
-2, -2, 1022
-8, 2, 1019
-17, 4, 1005
-24, 3, 1026
-17, 0, 1011
-16, 1, 1028
-18, -1, 995
0, 9, 1009
-15, 12, 1014
-19, 3, 1012
1, 2, 1004
-9, 4, 1027
-18, 2, 1018
-6, 4, 996
-29, 1, 1003
-18, 1, 1007
-18, 1, 992
-31, -4, 1010
-14, 1, 1016
-20, 1, 1022
-3, -1, 1026
0, 8, 1000
-11, 6, 1006
-10, 3, 1002
-13, 1, 1014
-14, -2, 1001
-11, 1, 1021
-14, 3, 990
-2, 0, 996
-28, 0, 997
-25, -5, 1005
-15, -3, 1014
-21, 1, 1013
-11, 4, 1005
-14, 3, 1007
-10, 4, 1003
-7, -1, 1005
-14, 4, 1022
-8, -3, 1024
-15, -5, 1039
-19, 2, 1011
-24, -5, 1011
-17, -3, 1014
-15, 6, 1012
-12, 7, 1015
-10, 1, 1015
-13, 1, 998
-13, -4, 1001
-11, -4, 1015
-21, -3, 997
-10, 2, 1023
-20, 2, 1004
-15, -3, 999
-8, 4, 1006
-19, 4, 1002
-13, 6, 995
-21, 9, 1016
-24, -3, 1024
-16, 0, 1022
-1, -1, 1017
-9, -1, 995
-5, 3, 998
-22, -3, 1019
-22, 3, 1015
-22, -2, 1016
-29, -4, 1010
-10, 4, 1019
-18, 2, 999
-12, 7, 1014
-3, 6, 1013
-9, 3, 1007
-13, 0, 1007
-6, 11, 997
-12, -5, 1011
-19, 5, 999
-24, -3, 1026
-19, 2, 1037
-29, 2, 1036
-1, 1, 1008
1, -4, 1020
0, 3, 1026
-12, -3, 1024
-24, 1, 1014
-16, 1, 1000
-9, 1, 995
-10, 11, 1020
-5, 5, 1022
-12, 1, 1021
-9, 0, 1019
-17, 4, 988
-14, -1, 1013
-11, 5, 1027
-4, 10, 1023
-11, 3, 988
-24, 2, 1021
-21, -1, 1030
-6, 0, 1023
-12, -1, 1014
-21, 1, 991
-28, 5, 991
-24, -6, 1000
-6, -5, 998
-4, 4, 991
-14, 3, 1014
-18, 2, 1008
-2, 4, 1009
-18, 1, 1017
-13, 2, 996
-9, 5, 1026
-22, 7, 1006
-14, 2, 995
-11, 5, 1002
-17, 5, 984
-20, -1, 996
-18, 1, 995
-13, 2, 1007
-5, 7, 990
-13, 2, 1012
-9, -2, 1006
-21, 1, 1007
-20, -3, 1029
-21, 2, 1002
-11, 5, 992
-18, 1, 1015
-20, 0, 1023
-4, 0, 1013
1, 3, 1025
-16, 3, 1014
-3, 0, 998
-13, -3, 1007
-6, 4, 1005
-12, 0, 1009
-10, -3, 1017
-18, 1, 1009
-25, -2, 1005
-17, 1, 1000
-22, 2, 1004
-14, -1, 1023
-17, -4, 993
-10, 4, 1001
-20, -2, 1021
2, 2, 1005
-17, 5, 1011
-12, 8, 1008
-16, 1, 1005
-25, -3, 1028
2, 1, 1023
-15, 0, 1011
-11, 4, 980
-19, -1, 1011
-16, 3, 1008
-19, 0, 1032
-16, -3, 1028
-18, -1, 1018
-24, 6, 997
-18, 1, 1017
-19, -4, 1033
-5, -1, 1015
-17, 3, 1013
-4, 6, 1011
-13, 0, 997
-12, 2, 1004
-22, 1, 1007
-3, -5, 1009
2, -3, 994
2, 3, 989
-6, 6, 995
-17, 4, 1011
-16, 2, 1004
-11, 4, 987
-15, 5, 1026
-26, 7, 1017
-20, -1, 1017
2, -4, 1014
-1, -1, 1011
-15, 10, 1010
-16, 8, 1014
-12, 0, 1012
-10, 2, 1019
-9, -1, 998
-12, 1, 1014
-7, -3, 1036
-3, 6, 1007
-5, 0, 1011
-22, -1, 993
-12, 6, 999
-24, 1, 1005
-13, 3, 995
-10, 8, 1010
-6, 4, 1025
-15, 1, 1013
-13, 0, 1012
-6, 6, 1032
-11, 6, 1009
-18, 3, 1030
-11, -2, 1024
-15, 1, 1022
-13, 1, 1016
-9, 5, 1008
-8, 0, 1017
-16, -1, 996
-21, 3, 1030
2, 2, 1014
-2, 4, 1010
-10, 1, 995
-2, 4, 997
-1, -1, 1000
-5, 0, 989
2, -5, 1029
-13, -1, 1033
-14, -1, 1006
-12, 7, 1016
-18, 4, 1011
-18, 2, 999
-25, 1, 1015
-6, 5, 995
-20, 0, 1003
4, 2, 1014
-10, 3, 1020
-13, 7, 1018
-4, 1, 1023
-15, 5, 992
-18, 4, 1021
-18, 2, 1016
-5, 3, 993
2, 4, 1001
-12, 4, 1021
-18, 4, 1016
-30, 1, 1005
-25, 0, 1006
-22, -1, 998
-17, 0, 1001
-15, 3, 991
-19, 1, 1019
-7, 2, 1010
2, 2, 1009
-5, -1, 1004
-7, 2, 982
-13, -1, 1002
-13, 2, 1020
-9, 3, 998
-26, 2, 1003
-12, -1, 1002
-5, 2, 1006
-13, 6, 1034
-19, -1, 1020
-10, -1, 1011
-20, 8, 1018
-23, 7, 1016
-9, 1, 1010
-12, 3, 1018
-10, -4, 1017
-4, -1, 993
5, -2, 1007
-14, 4, 1011
-14, 4, 1007
-11, 3, 1004
-5, 4, 1018
-17, 0, 1014
-20, 2, 1017
-8, 0, 1012
-19, 5, 1026
-12, -2, 1020
-14, -4, 1015
-3, 0, 1010
-8, 2, 1009
-2, 4, 1009
-19, 4, 998
-17, 2, 993
-17, 1, 990
-5, -1, 1009
-5, 2, 1012
-18, 0, 991
-11, -3, 982
-23, 4, 1002
-8, -1, 1007
-15, 2, 998
-17, 2, 1002
-20, -7, 1014
-17, 0, 1016
-20, 3, 1014
-19, 1, 1012
-12, -3, 997
-23, -2, 1008
-25, 2, 991
-14, 6, 994
-7, 1, 982
-21, 2, 996
-17, 4, 997
-19, 5, 1005
-24, -2, 1019
-13, 2, 1016
3, 1, 1004
-14, 4, 1003
-13, 3, 1012
-15, 7, 1008
-12, 6, 1008
-8, 4, 1011
-7, 2, 991
-11, 4, 996
-4, 7, 1022
1, 5, 1012
-12, 2, 1017
-6, -1, 989
-7, 3, 1016
-19, 8, 998
-5, 1, 985
-19, 8, 994
-3, 1, 994
-3, 3, 1017
-16, 2, 984
-24, -5, 1017
-14, 2, 1022
-2, 3, 1011
-12, 4, 1020
-12, 4, 1024
-20, -1, 1024
-7, -7, 1029
-13, -6, 1024
-10, 2, 999
-10, 5, 1023
-21, 6, 1017
-22, 3, 1011
-14, 0, 1030
-13, 0, 1012
-9, 2, 1026
6, 3, 1018
-9, 3, 1026
-8, 4, 1004
-11, 1, 1008
-7, 0, 1000
-20, -1, 1007
-3, -1, 1010
3, 0, 997
-8, 9, 1012
6, 52, 851
18, -50, 958
18, 11, 1154
19, 20, 1068
-5, -48, 1102
-23, 19, 960
7, -17, 1008
-24, 11, 974
-12, 9, 977
-8, -28, 992
-20, 10, 1075
30, -52, 1115
-127, 35, 1009
-48, 9, 1002
-25, 7, 1048
1, -8, 1059
1, -5, 1073
-36, 15, 1002
-66, 5, 935
-47, -1, 852
-19, 1, 825
-17, 7, 818
-23, 15, 748
-1, 10, 721
-10, 27, 808
-13, 22, 784
-20, 16, 871
-19, 7, 945
-26, -1, 984
1, 1, 1028
1, 10, 1020
-2, 1, 761
-15, 81, 909
-72, 34, 1472
-22, -12, 1174
-10, -12, 583
25, -38, 1229
-10, 2, 1288
-21, -22, 977
-10, -33, 1336
-5, -1, 1359
-20, 17, 991
-2, 12, 1078
-13, 10, 1117
-2, 10, 1091
-13, -2, 989
-27, 11, 1005
-31, 4, 983
-31, 9, 949
-13, 11, 970
-11, 3, 1029
-14, -6, 1009
-19, 1, 997
-20, 2, 1057
-12, 3, 1023
-1, -2, 992
-12, 5, 1007
-15, 2, 1001
-5, 1, 1003
-20, 9, 987
-27, 7, 982
-16, 11, 976
-13, 6, 976
-17, 4, 999
-17, 3, 992
-12, 5, 978
-10, 9, 1005
-21, 4, 1017
-17, -1, 998
-14, 4, 1006
-16, 6, 1028
-23, 0, 1024
-15, 1, 1038
0, 0, 1056
-1, 3, 1024
-15, 5, 1009
-6, 2, 1014
-9, 5, 1007
-24, 3, 1005
-11, 8, 978
-21, 10, 994
-20, 5, 1022
4, 9, 1014
-7, 12, 1023
-12, 9, 1019
-15, 5, 1009
-13, 5, 1028
-16, 8, 997
-3, 10, 1006
-1, 2, 1010
-8, 1, 1045
-10, 3, 1001
-12, 8, 1003
-16, 4, 1009
-17, 1, 1006
-17, 1, 1004
-11, 0, 1012
-22, 3, 1014
-19, 3, 997
-22, 8, 1007
-10, 4, 1003
-10, 6, 979
-18, 4, 1003
-15, -2, 1027
-9, 13, 974
-9, 1, 1084
-12, 1, 1023
-10, 6, 1175
-9, -9, 1018
-26, -10, 817
-21, 0, 949
-25, 26, 995
-21, 13, 986
-8, 8, 940
-7, -8, 1035
-14, 6, 1048
-10, 9, 1006
-24, 8, 1019
-15, 5, 994
-5, 0, 961
-13, 2, 979
1, 0, 969
-5, 4, 980
-8, 5, 1022
2, 4, 1021
-20, 3, 1043
-14, 5, 1013
-19, 4, 1041
-23, 4, 1029
-20, 2, 1006
-3, 7, 981
-6, 3, 976
-14, 8, 970
-7, 8, 962
-8, 13, 1005
-13, 8, 1019
-6, 7, 1035
-13, 5, 1015
-16, 9, 1027
-21, 4, 1019
-17, 5, 1022
2, 5, 1020
-10, 3, 1039
-16, 6, 1035
-14, 2, 1035
-11, 0, 1043
-11, 5, 1033
-2, 10, 1006
-10, 2, 993
-7, 8, 1003
-25, 7, 996
-8, 7, 995
-9, 5, 997
-8, -4, 1017
-7, -2, 999
-5, 2, 983
-8, 3, 982
-14, 6, 1020
-12, 11, 995
-2, 7, 1005
-6, 7, 995
-16, 7, 1008
-20, 10, 1013
-15, 7, 1012
-17, 5, 1006
-21, 2, 987
-9, -2, 985
-19, 3, 987
-19, 2, 1017
-4, 1, 988
-4, 6, 993
-3, 13, 990
-9, 2, 1013
-16, 4, 1017
-13, 6, 1002
-18, 1, 1005
-11, 5, 1001
-6, 9, 1007
-4, 5, 1000
-6, 3, 1005
-14, 5, 1002
-20, 0, 1008
9, 5, 994
-15, 10, 1005
-21, 1, 1015
0, 5, 996
-14, 7, 1016
1, 8, 1004
1, 8, 1023
-22, 7, 1009
-13, 3, 1010
-4, 5, 996
-21, 9, 1011
-15, 9, 1018
-13, 13, 1015
-10, 6, 1006
-20, 10, 1018
-19, 6, 1016
-12, 6, 1005
-19, 12, 1014
-19, 3, 1007
-12, 7, 1002
-18, 13, 1001
-25, 3, 1026
-2, 0, 1022
-11, 3, 1029
-3, 2, 1028
-14, 3, 1015
-14, 10, 1017
-12, 2, 1008
-4, 8, 1012
-9, 4, 1005
-6, 3, 1016
-9, 8, 1014
-6, 8, 998
-18, 10, 1016
0, 5, 1034
-4, 8, 1013
-9, 9, 1009
-19, 3, 1006
-24, 7, 1000
-15, 6, 1007
-20, 6, 1014
0, 6, 1001
-12, 5, 993
-24, 2, 1002
-7, 1, 1011
-9, 9, 1005
-15, 3, 1002
-8, 10, 996
-12, 1, 1014
-8, 0, 1002
-5, 5, 1025
-16, 3, 1017
-10, 3, 1003
-22, 3, 1027
-24, 5, 1028
-3, 5, 1000
-14, 4, 1022
-14, 7, 998
-9, 12, 998
-9, 7, 1009
-11, 7, 1007
-22, 9, 1026
-18, 4, 1024
-19, 4, 1016
-2, 3, 989
-5, 9, 997
-13, 5, 1012
-13, 8, 1006
-13, 8, 1001
-11, 8, 1027
-23, 4, 1017
-1, 5, 1026
-11, 3, 1019
-4, 5, 1022
-17, 3, 1007
-12, 0, 1033
-14, 4, 1010
-14, 3, 1005
-9, 7, 1017
-11, 4, 990
-6, 7, 1022
-20, 5, 1035
-10, 11, 1003
-14, 5, 1008
-13, 3, 1028
-10, 3, 1001
0, 7, 1004
-11, 6, 1013
-22, 1, 1025
-4, 3, 1021
-1, 5, 1027
-7, 10, 1000
-3, 5, 997
-7, 8, 1005
-16, 6, 1012
-12, 10, 1015
-24, 12, 1024
-22, 5, 1018
-12, 7, 1014
-20, 9, 1017
-18, 9, 1025
-11, 1, 1002
-1, 3, 993
-8, 10, 1013
-9, 6, 993
-7, 10, 1008
-15, 8, 994
-5, 10, 994
-13, 8, 1013
-5, 5, 1014
0, 4, 997
-2, 5, 999
-11, 12, 998
1, 3, 1013
-7, 7, 1000
-6, 9, 1035
-15, -2, 1013
-15, 2, 1035
-4, 9, 1000
-18, 5, 1006
-16, 6, 1006
-11, 5, 1009
-22, 4, 1008
-19, 2, 1020
1, 5, 1018
-10, 6, 1019
1, 5, 1016
-6, 9, 1006
-19, 6, 1025
-1, 7, 991
-16, 3, 1017
-25, 4, 1029
-3, 8, 1008
4, 6, 1016
-10, 1, 995
-5, 10, 993
-12, 3, 1007
-3, 7, 996
-3, 7, 993
-14, 5, 995
-15, 4, 1007
-10, 10, 1017
-25, 4, 1008
-30, 3, 1007
-10, 2, 1001
-12, 5, 979
-17, 9, 1007
-22, 8, 1017
-17, -3, 1006
-2, 1, 1013
-12, 5, 1000
-13, 11, 1020
-15, 4, 1017
-6, 5, 1015
-4, 5, 1023
-19, 5, 1022
-2, 7, 1006
-11, 5, 1004
-19, 2, 1018
-12, 5, 1019
-8, 2, 1019
-12, 5, 1025
-15, 6, 1012
-14, 8, 1005
-14, 4, 1009
-17, 2, 1023
-2, 8, 1011
-5, 4, 990
-16, 11, 999
-22, 7, 1001
-6, 4, 1001
-7, 3, 1014
-9, 9, 1002
-5, 10, 990
-12, 5, 1004
-17, 11, 998
-23, 5, 1012
-13, 1, 995
-2, 9, 991
-14, 7, 1026
-16, 5, 1012
-7, 6, 1011
1, 7, 1008
-14, 7, 1020
-7, 11, 983
5, 6, 1001
-12, 8, 1008
-7, 6, 1011
-14, 2, 1012
-9, 7, 1006
-16, 0, 1021
-7, 2, 1031
-31, 9, 1007
-12, 5, 1030
-12, -1, 1017
-9, 6, 1013
-22, 0, 1025
-7, -2, 1035
-16, 0, 1032
-8, 3, 1010
0, 6, 999
-16, 1, 1017
-5, 1, 998
-12, 2, 1015
-22, 7, 1026
-23, 5, 1036
-24, 0, 1025
-5, 1, 1019
-2, 3, 1029
-10, 3, 1012
-22, 1, 1008
-11, 9, 1010
-12, 4, 1025
-16, -1, 1004
-15, 8, 998
-20, -1, 1001
-8, -3, 980
-8, 4, 1003
-10, 3, 1006
-7, 3, 998
0, 12, 1011
-8, 11, 1029
-8, 3, 1010
-14, 9, 1018
-10, 4, 1002
-9, 7, 987
-16, 6, 989
-14, 8, 1001
-13, 6, 1012
-20, 11, 1022
-17, 12, 1008
-14, 5, 1017
-10, 6, 1006
-15, 6, 1016
-6, 2, 1019
-17, 7, 978
-12, -2, 1004
-8, 5, 1011
-15, 4, 1003
-14, 4, 1007
-15, 5, 1031
-26, 6, 1014
-21, 4, 1004
-7, 3, 1004
-5, 1, 994
-21, 7, 1011
-11, 4, 1003
-20, 10, 1025
-21, 5, 1022
-2, 9, 999
-13, 9, 1000
-18, 8, 1028
-25, 5, 1021
-22, 7, 1001
-17, 9, 1014
-14, 7, 999
-12, 3, 1011
-10, 8, 986
-7, 15, 1005
-23, 12, 1027
-5, 2, 997
-25, 5, 1007
3, 7, 993
-12, 10, 1007
-27, 0, 1021
-15, 4, 1021
-16, 12, 993
-14, 13, 996
-20, 8, 1001
-6, 6, 1007
-9, 7, 993
-8, 8, 1016
-1, 6, 1013
-21, 3, 1022
-1, 5, 1019
0, 6, 1024
-4, 3, 1030
-2, 8, 1029
-7, 3, 995
-6, 3, 1020
-22, 2, 1005
-18, 9, 1014
-15, 6, 1013
-10, 7, 998
-12, 8, 1002
-18, 9, 1014
-9, 2, 1013
-10, 3, 1001
-26, 15, 1011
-28, 5, 1025
1, 3, 1020
-10, 7, 1005
-16, 8, 1027
-16, 4, 1018
-18, 5, 1007
-11, 1, 995
-7, 9, 1012
-10, 7, 1006
1, 1, 1008
1, 6, 1006
-9, 4, 1012
-10, 9, 1027
-18, 3, 1028
3, 2, 1029
-11, 7, 1011
-16, 8, 1026
-14, 7, 1026
-8, 8, 1005
0, 2, 992
-12, 7, 1007
-20, 8, 1007
-5, 2, 1004
-12, 2, 997
-6, 5, 1022
-17, 10, 992
-3, -1, 1009
-10, 1, 995
-9, 0, 1007
-15, -3, 975
-5, 11, 991
-15, 11, 989
-4, 12, 986
-8, 15, 990
-20, 11, 1031
-16, 9, 1009
1, 8, 996
-12, 9, 995
-13, 12, 1012
-18, 0, 1008
-13, 3, 1006
1, 6, 1037
0, 4, 1057
-12, 1, 1049
-23, 2, 1056
0, 4, 1049
-3, 6, 946
-6, 10, 942
-4, 14, 965
-14, 12, 974
-10, 11, 958
-10, 23, 1067
-15, -1, 1046
-7, -2, 1014
-7, 4, 1024
-14, -2, 974
-16, 1, 882
-4, 10, 937
-14, 10, 1026
-14, 12, 1049
0, 5, 1101
-18, 18, 1088
-21, -16, 991
-11, 17, 1088
-8, 0, 992
-13, -1, 1028
-10, 2, 1053
-13, -6, 1054
-7, -1, 1062
-10, 3, 1149
-6, -3, 1063
-1, 10, 990
-11, 2, 987
-14, 5, 988
-26, -2, 1016
-29, -2, 951
-12, -3, 920
3, 5, 914
1, 10, 1004
-16, 8, 1007
-18, 7, 968
-15, 1, 960
-5, 3, 924
-1, 5, 919
-4, 1, 976
-14, -4, 968
-5, 17, 1049
-18, 2, 1171
-16, 4, 1197
-3, -4, 1180
-14, -5, 1109
-21, -2, 1077
-21, -11, 1052
-7, -11, 1035
-14, -10, 1020
-15, 0, 1032
-23, -1, 1018
-19, 11, 1003
-11, 0, 942
-9, 12, 914
-2, -2, 919
-4, 5, 880
5, 2, 884
-9, 6, 900
-7, -6, 945
-1, 0, 968
-5, 3, 988
-8, 8, 1016
-14, 0, 1035
-21, 6, 1001
-10, -3, 1023
-31, -1, 1027
-6, 2, 1013
-13, -3, 1015
-18, 1, 1013
-22, 4, 1013
-14, -1, 994
-15, 3, 977
-18, -1, 985
-13, -3, 967
-10, -1, 962
-19, -3, 950
-18, 3, 965
-22, -1, 969
-13, 4, 992
-17, 3, 1008
-10, 2, 1017
-18, -3, 1014
-6, 1, 1021
-22, 4, 1026
-1, -5, 1009
-11, -2, 1004
-12, 3, 1004
-16, 4, 1006
-18, 11, 1031
-17, 4, 1023
-19, 7, 1027
-15, -2, 1014
-16, 6, 1011
-13, 4, 1024
-13, 3, 1009
-10, 9, 1007
-3, 3, 990
0, -1, 983
-27, 2, 1008
-18, 7, 1013
-6, 2, 1020
-13, 4, 1001
-21, 1, 1019
-11, -3, 1005
-9, 2, 1013
-26, 5, 1002
-20, 8, 1030
-19, -1, 1029
-16, 2, 1032
0, 1, 1008
-8, 5, 1008
-14, 5, 1006
-15, 4, 1021
-8, 6, 1001
-8, 0, 1002
-7, 5, 1008
-25, 7, 1006
-15, 5, 1016
-8, 4, 998
-14, 5, 1021
-3, 2, 1018
-8, -2, 1002
-8, -3, 1030
-13, -2, 998
0, 8, 1015
-15, 9, 1006
-22, 0, 1020
-13, 1, 1014
-4, 2, 1018
-8, 4, 1025
-21, 6, 1016
-8, 2, 1004
-14, 5, 1016
-11, 3, 1013
-9, 3, 1021
-10, -1, 1013
-13, 0, 1004
-11, 1, 992
-19, 1, 1018
-25, 0, 1023
-4, -2, 1033
-7, -2, 1013
-15, 1, 997
-16, -1, 1019
-3, 3, 998
-19, -2, 1008
-19, -9, 1018
-16, 1, 1026
0, 3, 1003
-5, 0, 1003
-7, 1, 1007
1, -4, 1007
-13, 1, 1015
-22, 9, 1017
-3, 1, 1014
2, 0, 1008
-9, 4, 1019
-11, 9, 1008
-14, 2, 1002
3, 2, 997
-18, 2, 1015
-2, -1, 1006
-11, -2, 994
-26, 1, 991
-9, 0, 995
-12, 0, 1000
-18, -2, 1018
6, 2, 1016
-19, 5, 999
-15, 9, 1013
-19, -4, 1021
-5, 1, 1007
-14, 2, 1015
-13, 0, 1003
-13, 5, 995
-10, 5, 1006
-6, 3, 989
-21, -1, 1006
-15, -1, 1013
-17, 2, 1007
-9, 3, 980
-17, 5, 998
-20, 3, 996
-26, 5, 1026
-26, -2, 1028
-17, 2, 1014
-8, 3, 1025
-7, 7, 1030
-15, 3, 997
-4, -2, 1009
-14, 1, 1009
-16, 0, 1016
2, 0, 1017
-4, 5, 1012
-20, -1, 1009
0, -3, 1014
-7, 4, 1029
-26, 3, 1016
-22, 5, 1006
-5, -3, 1014
-12, 7, 1013
-13, 2, 1012
-15, 4, 1019
-15, 4, 1004
-13, 3, 1013
-8, 4, 1007
-16, 0, 1005
-5, -1, 1013
-21, 3, 1017
-12, 3, 1015
-9, 5, 1005
-17, 4, 1017
-12, 0, 1004
-11, -6, 990
-21, 2, 990
-20, -4, 1005
-12, -6, 1016
-11, 5, 996
-19, 6, 1013
-14, 3, 1004
-21, 0, 1011
-6, -1, 1011
-5, 1, 1011
-1, 8, 1011
-7, -1, 1015
-17, 2, 1027
-7, -5, 1007
-3, -2, 1003
-18, 7, 1016
-7, 1, 1009
-20, -2, 1021
-25, 5, 1001
-21, 5, 1017
-9, -4, 1011
-18, -3, 996
-11, 2, 998
-7, 3, 1006
-20, 0, 999
-25, 0, 1022
-25, -3, 1019
-24, 2, 999
-26, -3, 1000
-5, 6, 993
-17, 4, 1012
2, -2, 1016
-5, 2, 1003
-1, -3, 1008
-18, 1, 1017
-6, 2, 1010
-12, 6, 1007
-3, 6, 1016
-16, 4, 996
-10, 3, 1016
-11, 3, 1011
-2, 8, 1024
-18, -1, 1017
-12, -8, 1004
-19, -1, 1022
-18, 2, 1014
-19, -1, 1014
-10, 4, 1000
-22, 3, 1020
-5, -3, 1013
-10, 2, 1010
-12, 4, 1014
-12, 4, 1012
-10, -3, 1014
-10, 0, 990
-8, 1, 1011
-2, 2, 1008
-8, 6, 1011
-14, 0, 998
-12, -1, 991
-17, 0, 1012
-23, 3, 1009
-11, -3, 1006
-24, 6, 1027
-31, -1, 1022
-18, 0, 1027
-19, 4, 1028
-4, 1, 1002
-7, 2, 1013
-19, 5, 1015
-9, 4, 1003
-5, 4, 1015
-20, 4, 1010
-18, 0, 1004
-12, 1, 998
-5, 2, 1014
-24, 5, 1011
-12, 4, 1007
-13, 4, 1005
-11, -4, 1001
-9, 1, 1009
-7, 5, 999
-13, 2, 1011
-21, 0, 1022
-18, -2, 1017
-7, -1, 1008
5, 2, 1007
0, 1, 1020
-8, 4, 1027
-11, 2, 998
-16, 2, 1001
-13, 4, 1012
-15, -3, 1015
-20, 1, 1028
-18, -1, 1033
-8, -4, 1020
-7, -1, 993
-1, 7, 1018
-9, 2, 1002
-9, 2, 1012
-11, 0, 1014
-1, 8, 1031
-9, 3, 1002
-15, -7, 1005
-8, -3, 1009
5, 6, 1010
-12, 4, 1007
-24, 2, 1038
-26, 5, 993
-4, -2, 1002
-9, -1, 994
-21, 2, 998
-12, 13, 1014
-12, 4, 1026
-20, 4, 1000
-24, -2, 1013
-13, 3, 1026
-7, 3, 995
-8, 3, 1003
-22, -1, 1008
-6, 3, 1016
-17, -2, 1016
-18, 6, 1011
-13, 6, 1000
-4, 3, 1031
-32, 5, 1016
-15, 5, 988
-27, -1, 987
-28, -1, 1011
-14, -2, 1007
-3, -4, 1000
-3, -3, 1013
-5, 0, 1008
-11, 4, 1001
-15, 5, 996
-17, 0, 1017
-21, -3, 1022
-12, 2, 1005
-1, -4, 1001
-8, 4, 1010
-20, 8, 1001
5, 4, 994
-5, 7, 991
-16, 0, 1009
-16, -6, 1020
-3, -1, 1013
-2, -3, 1008
-12, 4, 1012
-9, 3, 1016
-17, 3, 1007
-11, 1, 1014
0, 4, 1001
-18, 4, 1008
-13, 1, 994
-13, 1, 1010
-8, 3, 1003
-14, 4, 997
-10, -3, 990
-22, 7, 992
-15, -1, 1016
-14, -4, 1008
-24, 6, 997
-19, 5, 993
-20, 7, 1010
-7, 2, 1009
-14, -2, 1007
-18, 0, 1020
-21, 3, 1022
-15, -2, 1014
-16, 0, 1004
-17, 1, 1013
-21, -2, 1011
-24, 3, 1007
-6, 6, 1017
-17, 5, 1003
-14, 3, 1018
-17, 7, 1010
-6, 4, 999
-4, -3, 1023
-16, -3, 1034
-18, 3, 1041
-23, 0, 1013
-21, -2, 1015
-10, -1, 1002
-7, -1, 1003
-9, 4, 1025
-8, -1, 1017
-20, 1, 994
-27, 5, 1001
-13, -4, 1021
-7, -3, 1018
5, 4, 1004
-11, 3, 1013
-4, -4, 1018
-9, -2, 1007
-6, 6, 996
-10, 4, 1031
-14, 2, 1019
-2, 4, 993
0, -1, 994
-26, -2, 1001
-8, -4, 1004
-2, 1, 996
-1, 3, 1001
-6, 7, 1008
-17, 6, 1002
-11, -2, 1022
-8, 6, 992
-2, 3, 993
-16, 3, 1014
-15, 0, 1018
-17, -3, 996
-10, -1, 990
-14, 0, 1006
-7, 10, 995
-13, 1, 1003
-16, 5, 1027
-21, -3, 1027
-22, 0, 1022
-20, -10, 1032
-12, 1, 1041
-18, -5, 1024
-19, -7, 1022
-16, 3, 1017
-10, 4, 1006
-17, -1, 1006
-9, 3, 994
-20, -2, 999
-3, -5, 993
-19, 6, 1001
-19, 2, 1012
-14, 2, 995
-17, 7, 1002
-17, 6, 1007
-21, -3, 1016
-17, 0, 1021
-11, 2, 1005
-15, -3, 1018
-10, 3, 1006
-9, 7, 1002
-4, 8, 1012
-23, 5, 1012
-13, 0, 998
-9, 3, 1008
-6, 3, 1016
-15, -1, 990
-10, -6, 1012
-16, -1, 991
-17, -3, 994
-17, -1, 1009
-19, 4, 984
-17, -5, 999
-19, 0, 998
-23, 5, 992
-20, 4, 1024
-25, 0, 1041
-12, -1, 1022
-25, -2, 1005
-20, 0, 1019
-18, 0, 1014
-27, 4, 1006
-23, 4, 1021
-15, -3, 1013
-11, 0, 1009
-11, -3, 1023
-22, 1, 1030
-19, 2, 1024
-11, -10, 1024
3, 1, 1022
-2, -3, 1003
-21, 7, 999
-11, 3, 1000
-16, -3, 1006
-12, 0, 1009
-17, 7, 1002
-20, 6, 1016
-21, 0, 1019
-10, 3, 1012
-15, 0, 1008
-8, 6, 991
-11, 2, 1005
-6, 4, 1020
-16, -1, 1004
-16, 5, 1020
-5, -2, 1025
-10, 1, 1005
-21, 9, 992
-26, 2, 1010
-10, 1, 1023
-12, 5, 1000
-3, 3, 990
-17, 3, 1000
-11, -1, 989
3, 5, 1015
-11, 7, 1005
-9, -1, 998
-2, 6, 1003
-10, 6, 998
-7, 0, 993
-10, 0, 1008
-18, 3, 1012
-22, 6, 1019
-14, 4, 1016
-22, 2, 1014
-11, 1, 995
-6, 0, 1016
-18, 4, 1006
-30, 2, 998
-14, 9, 1013
-17, 5, 1008
-10, 3, 1018
-10, -1, 1016
-1, 2, 1004
-12, 1, 1005
-8, 4, 1001
-2, 2, 1017
-11, 6, 985
-16, 4, 1009
-17, 2, 1019
-14, -2, 1002
-13, 2, 1030
-9, -3, 1018
-18, 3, 1016
-23, 4, 999
-13, 6, 1019
-3, 5, 995
-15, 4, 999
-24, 2, 1007
-9, 0, 1001
-15, 1, 1007
-11, -6, 1015
-14, 1, 1004
-21, 1, 1002
-16, 1, 1020
-16, -2, 1020
-8, -5, 1025
-14, -4, 987
-7, 3, 1030
-21, 9, 1010
-10, 0, 1005
-8, 4, 1005
-21, 3, 1015
-18, -4, 1023
-4, -7, 1007
-5, 2, 999
-12, -3, 1026
-20, 3, 996
-8, 4, 1016
-17, 3, 1019
-7, -3, 996
-8, 3, 995
-13, 5, 992
-11, 1, 1030
0, -5, 1015
-1, 1, 1011
-10, -3, 1021
-8, -3, 1025
-8, 0, 1012
-8, 2, 1015
-10, 3, 1014
-7, 3, 1010
-12, -3, 1004
-10, 2, 1008
-21, 1, 996
-8, 6, 990
-2, 4, 1018
-13, 8, 1023
-6, -2, 1022
-13, 4, 1011
-1, 3, 1001
-16, 10, 990
-11, 8, 1023
-5, 5, 1015
-17, 5, 1018
-29, 6, 998
-10, 3, 995
-11, -3, 1003
-13, 4, 1015
-11, -1, 1010
-24, -1, 1019
-21, 3, 1013
-16, 1, 1019
-12, 4, 1029
1, 5, 996
-6, 5, 988
-13, 5, 1008
-16, -4, 1014
-17, 3, 996
-19, 0, 1008
-16, 0, 1022
-12, 3, 1024
-17, 0, 1023
-22, -1, 1018
-7, 0, 1016
-12, 1, 1001
-10, 6, 1000
-14, 2, 1003
-11, 2, 1011
-25, -3, 1010
-18, -5, 1011
-26, 1, 992
-25, 1, 1011
-14, 4, 1009
-10, 1, 979
-14, -2, 1007
-19, 5, 991
-22, -1, 1011
-18, 3, 1031
-25, 1, 1010
-20, 6, 1015
-9, -1, 996
-8, 7, 1018
-19, 0, 1003
-10, 2, 1028
-16, 3, 999
-5, 4, 1012
-8, 5, 1008
-15, 2, 1009
8, -1, 1013
-10, 2, 1001
-6, 0, 1002
-18, 1, 1027
-16, -2, 993
-7, 1, 1014
-14, 2, 1021
-12, 6, 1008
-6, 6, 1005
-18, 3, 1009
-18, 4, 1004
-21, 4, 1017
-9, 5, 997
-9, 5, 1017
-14, 4, 1018
-19, -3, 1019
-19, -2, 1029
-18, 3, 1020
-19, 8, 1000
-24, 2, 999
-20, 0, 1029
-14, 1, 1022
-14, -3, 1019
-4, 3, 1011
-14, -1, 1003
-20, 1, 1013
-19, 5, 1008
-19, 0, 1006
-22, -1, 1022
-14, 0, 1023
-5, 6, 1003
-9, -5, 1006
-16, -3, 982
-15, -3, 997
-16, -1, 990
-7, -3, 994
-8, -2, 1022
-19, 5, 1009
-25, 1, 1015
-3, -3, 1014
-8, 8, 1006
-20, 4, 1000
-5, -2, 1017
-8, 1, 1003
-2, 3, 1014
-23, 3, 1027
-28, 4, 1016
-27, 5, 1020
-2, 6, 993
7, 1, 1028
-20, 3, 1012
-6, 1, 1002
-11, 10, 1006
1, 5, 1004
-7, 10, 994
-3, 9, 1008
-5, 7, 994
-16, 6, 998
-17, 3, 1008
-13, -2, 1008
-10, 0, 983
-3, -1, 1002
-8, -1, 1004
-10, 6, 1010
-9, 2, 998
-15, -9, 1002
-30, -5, 1014
-24, 2, 1034
-6, 0, 1016
-6, 2, 1010
-17, 3, 1023
-2, 1, 1006
-15, 1, 1023
-12, 4, 1009
-13, 5, 984
-9, 10, 997
1, 5, 1006
-8, 3, 992
-8, 2, 1006
0, 1, 1012
-13, 2, 1019
-6, 5, 1011
-7, -5, 1012
-15, 1, 1020
1, 2, 1018
-2, -1, 1006
-15, 2, 1028
-1, 1, 1005
-17, 5, 1002
-19, 0, 1019
-20, -2, 1031
-9, 3, 1015
-8, 0, 1021
-4, 5, 1006
-12, 2, 1010
-22, -2, 1023
-28, 4, 1006
-12, -2, 1016
-12, 2, 1016
-2, -6, 1024
-4, -1, 991
-6, 3, 1014
-14, 7, 1005
-9, 6, 991
-7, -1, 1021
-17, -4, 1031
-20, 0, 1042
-22, 1, 1020
-18, 6, 1016
0, 2, 998
-4, 1, 998
-19, -2, 991
-23, 0, 1008
-3, 0, 1001
-10, 0, 993
-6, 3, 1004
-15, 5, 999
-14, 3, 1018
-15, 4, 1009
-16, 0, 1018
-12, 5, 1005
-12, 2, 1013
-12, -2, 1004
-17, 0, 999
-7, 7, 1020
-1, 7, 1002
-11, 4, 1019
-16, 1, 1026
-10, 1, 1030
-6, -4, 994
-16, 5, 1011
-13, 6, 995
-13, 4, 999
-22, 0, 1014
-19, 5, 1010
-10, 2, 996
-14, 4, 1011
-13, 4, 1002
-9, -2, 1020
-22, 4, 1008
-20, 4, 999
-15, 3, 1008
-7, 0, 1013
-8, -6, 997
-17, 2, 998
2, 4, 1022
-11, 5, 1007
-1, 0, 1004
-8, 4, 1022
-20, 1, 1011
1, 2, 995
-18, 3, 998
-20, 4, 1007
-8, 4, 998
-6, 0, 1011
-16, 3, 1021
1, 4, 1004
-14, -3, 1026
-15, 0, 1031
-32, 3, 1007
-17, 1, 1012
-26, 3, 1008
-9, -1, 1005
-13, 4, 1005
-11, 9, 1012
-12, 5, 1011
-7, 3, 1008
-14, 2, 991
-9, 0, 1024
-7, 4, 1006
-3, 5, 1013
-17, 1, 1010
-11, 1, 997
-13, 5, 1020
-3, 0, 1026
-10, 4, 1018
-10, -1, 1014
-13, -5, 1013
-22, 2, 1017
-23, 0, 1018
-9, -4, 1019
-13, 2, 992
-4, 9, 993
-19, 13, 1013
-24, 8, 1007
-11, 7, 1017
-6, 1, 1006
-17, 7, 1005
-9, 1, 993
-13, -1, 1005
-25, -2, 1003
-15, 2, 1022
-5, 2, 994
-13, 5, 1011
-18, 4, 998
-7, -4, 995
-13, 2, 999
-1, 6, 1004
-13, 4, 1005
-8, 2, 1003
-11, 2, 1017
-15, -1, 1013
-10, -2, 1016
-11, 1, 1013
-10, 4, 1007
2, -4, 1004
-13, -1, 1016
-14, 0, 1015
-11, 1, 1022
-10, 5, 1000
8, 4, 973
-19, 3, 1003
-21, 4, 1007
-11, 1, 1005
-19, 1, 1021
-5, -3, 1000
0, -2, 1008
-14, 5, 1005
-20, 2, 991
-9, 4, 993
-1, -1, 1013
-8, 3, 1004
-20, 1, 1009
-13, -1, 1004
-11, 0, 1004
-14, -4, 1016
-4, -1, 1003
-11, -1, 1017
-11, 2, 995
-14, 0, 1015
-20, -1, 1018
-23, 2, 1000
-11, 0, 1035
-25, 2, 1000
-20, 5, 1030
-17, 4, 1020
-23, -1, 1001
-23, 1, 975
-3, 6, 1006
-13, 3, 1010
-11, 7, 1014
-15, 0, 1011
-4, 9, 1035
-16, 3, 1010
-24, 6, 1013
-13, 3, 1006
-12, -1, 1013
-12, 1, 1027
-23, -1, 1023
-20, -2, 1012
-28, 7, 995
-23, 2, 1026
-25, 6, 1017
-18, 4, 996
-14, 1, 1028
-35, -1, 1027
-13, -2, 1013
0, -1, 1019
-17, 7, 1008
-29, 7, 1007
-10, 1, 1014
-11, 4, 987
-13, 8, 999
-8, -2, 990
-12, -2, 1000
-12, 0, 1001
-5, 1, 997
-16, 3, 1037
-15, 5, 1017
-11, 10, 994
-13, 5, 1018
-14, 6, 1014
-1, 3, 1027
-13, -1, 1006
-18, 2, 1015
-18, 2, 1011
-16, -3, 1013
-15, 2, 1001
-7, 0, 1001
-3, 5, 988
-19, 7, 1003
-15, 5, 1004
-17, 3, 1019
-13, 4, 1011
-14, 1, 988
-17, -4, 1001
-20, 6, 1001
-25, 6, 1022
-17, 2, 1002
-13, 7, 995
-8, 5, 1011
-11, 6, 1005
-25, 3, 1016
2, 0, 1024
-23, 7, 1017
-22, 6, 1003
-14, 3, 1006
-6, 3, 1019
-9, 3, 1019
-13, 7, 1001
-15, 3, 1011
-16, 0, 1015
-17, 5, 1021
-20, 3, 997
-6, -2, 992
-14, -4, 1018
-18, 3, 995
-13, 4, 1003
-11, 8, 1002
-20, 6, 1002
-8, -1, 998
-21, 2, 1008
-4, 4, 1014
-9, 5, 1004
-9, 0, 1009
-18, 3, 1008
-20, -1, 1025
-19, -1, 1034
-16, -1, 1029
-16, 3, 1017
0, 0, 1014
-12, 0, 1027
-21, 2, 999
-16, -2, 1003
-6, -4, 995
0, -3, 1009
-8, 0, 1010
-2, 4, 1003
-10, 5, 991
-25, 7, 998
-20, 6, 1025
-21, 2, 1023
-20, 3, 1018
-10, -4, 1021
-6, 7, 1017
-10, 3, 1018
-20, 1, 1013
-11, 0, 1017
-2, -3, 1007
4, 8, 1007
-16, 1, 1014
-6, 4, 987
-20, 8, 1005
-26, 6, 1017
-15, 2, 1018
-12, 1, 1018
-10, 7, 1008
-13, 2, 1019
-13, 3, 1009
-16, 9, 1012
-10, 3, 1020
-11, 4, 1013
-21, 4, 987
-12, 6, 995
-2, -1, 1023
-9, 3, 993
-9, 0, 1010
-1, 3, 997
-12, 3, 1036
-7, -2, 1005
-7, -4, 985
-6, -2, 1018
-22, 5, 1002
-24, 3, 1013
-10, -1, 1020
-10, 1, 997
-11, 11, 1003
-29, 4, 1027
-20, 2, 1011
-13, -2, 1019
-16, 1, 1022
1, 1, 1003
-18, 8, 1025
-7, -2, 995
-13, 10, 1002
-16, 4, 1018
-9, 3, 1012
-12, 2, 1007
-17, 3, 1014
-16, 11, 1010
-8, 7, 996
-17, 2, 1003
-16, 0, 1018
-20, -5, 1010
4, -1, 1014
-5, 2, 1008
-19, 7, 1010
-9, 1, 1023
-9, 0, 1006
-13, 0, 1010
-24, -1, 999
-25, 2, 1009
-18, 1, 1009
-14, 5, 1006
-16, 2, 999
-9, -1, 1007
-19, -1, 1008
-23, -2, 1001
-4, 5, 1007
-9, 0, 1006
0, 4, 1023
-25, 0, 1008
-18, 3, 1008
-16, 5, 1019
-13, 1, 1023
-11, -5, 1043
-4, 0, 1019
-15, 4, 1005
-12, 0, 997
-20, -1, 1005
-8, 5, 1006
-7, 5, 1022
-18, 7, 1023
-13, 7, 982
-19, 5, 995
-26, -3, 1003
-6, 3, 1024
-9, -2, 993
-16, -2, 993
-14, 2, 1008
-3, -3, 1009
-13, 1, 997
-11, 0, 1016
-20, -2, 997
-26, 5, 1015
-6, 5, 1006
-3, -2, 1000
1, 4, 1016
1, 5, 1007
-5, 2, 1003
-8, -3, 1017
-16, 3, 1017
-17, 6, 1011
-12, 6, 998
-20, -3, 998
-34, 7, 1004
-28, 2, 1006
-18, 6, 1007
-15, 3, 1023
-27, 0, 1006
-19, 2, 1008
-17, -2, 1007
-15, -1, 995
-24, -3, 1025
-7, 4, 1004
-11, 0, 994
-2, 0, 1001
4, 5, 1012
-9, 5, 1008
-3, -3, 1028
-18, 7, 1013
-8, 5, 1017
-12, 2, 1022
1, 1, 1019
-11, -1, 1020
-2, 2, 996
-7, -2, 979
-6, 1, 995
-13, 8, 995
-12, 9, 1003
-3, 9, 1011
-16, 7, 1008
-17, 4, 1011
-10, 10, 1012
-9, 7, 1010
1, 4, 1018
-9, 4, 1023
-16, 4, 1015
-11, 2, 1007
-19, 2, 1016
-15, -2, 997
-8, 0, 1007
-23, -6, 1032
-17, 1, 1002
-28, 1, 1011
-4, 1, 1016
-11, 4, 1005
2, -2, 1004
-5, 0, 1019
-9, 4, 1011
-11, -3, 996
-9, 7, 999
-13, 5, 1002
-17, -4, 1025
-11, -4, 1025
-15, -3, 1020
-2, -2, 1000
-8, -1, 993
-15, 7, 997
-14, -2, 1012
-23, 1, 987
-37, 5, 982
-25, -3, 1008
-8, -1, 1004
-2, -1, 1020
4, 3, 1008
-12, 3, 1003
-21, 9, 994
-20, 1, 1027
-17, 2, 1003
-8, -1, 988
-1, 1, 992
0, 8, 1007
-17, 2, 1016
-6, -2, 1023
-12, -1, 1001
-13, 6, 1007
-4, -2, 1008
-12, -4, 996
-11, 6, 998
-15, 4, 1008
-8, 1, 1002
-3, 1, 1026
-13, 5, 1014
-11, -6, 1013
2, 3, 1009
-1, 2, 1008
-8, 4, 1001
-23, -3, 1016
-18, 4, 1016
-17, 0, 1011
-11, 2, 1008
-19, 0, 1010
-14, 1, 1017
-8, 2, 1022
-10, 1, 1024
-24, 2, 1018
-26, 1, 994
-19, 0, 1004
-20, 5, 1011
-13, 2, 1010
-11, 1, 1016
-16, 0, 1023
-15, 0, 1019
-22, -1, 1023
5, 2, 1020
-11, 5, 997
-15, 6, 1005
-21, 1, 1018
-1, 0, 1008
-8, 5, 996
-18, 7, 1010
-6, 4, 1001
-8, 4, 1007
-12, 3, 998
-10, 3, 1014
-20, -2, 1009
-17, 1, 1003
-10, 0, 1020
-18, 3, 999
-24, 1, 1018
-7, 1, 1025
-13, -5, 1012
-18, 2, 1002
-11, 2, 1009
3, 2, 998
-9, 3, 1003
-27, 1, 992
-17, 0, 1010
-9, 2, 1008
-20, 0, 1011
-12, 1, 1020
-10, 4, 1019
-6, 6, 998
-10, 7, 1023
-8, 0, 1024
-21, 1, 1030
-12, 4, 1011
-14, 3, 1009
-6, 4, 994
-8, 0, 1011
-17, 3, 1004
-7, 0, 1018
-2, 7, 1013
-5, 1, 988
-15, 1, 996
-19, 9, 1005
-19, -5, 1028
-23, 3, 999
-10, 0, 1018
-21, -2, 1027
-16, 2, 1015
-24, 6, 1027
-17, 1, 1031
-1, -3, 1033
-5, 1, 997
-26, 6, 990
-14, 4, 1008
-15, 2, 1004
-8, 1, 1020
-12, -1, 998
-11, 8, 1007
-4, 6, 1014
-11, 5, 1018
