-90, -13, -969
-97, -9, -935
-97, -10, -953
-96, -15, -979
-100, -6, -975
-105, -7, -942
-106, -1, -948
-96, -6, -952
-100, -6, -957
-92, -15, -978
-82, -10, -986
-90, -7, -944
-93, -7, -935
-96, -13, -963
-74, -7, -951
-94, -13, -959
-105, -15, -984
-106, -11, -958
-107, -14, -971
-96, -14, -960
-114, -12, -966
-104, -11, -965
-98, -9, -948
-93, -12, -945
-95, -11, -951
-105, -14, -983
-90, -9, -967
-99, -13, -958
-87, -11, -937
-86, -10, -968
-88, -15, -971
-87, -17, -961
-97, -11, -955
-93, -10, -942
-89, -11, -945
-100, -10, -961
-108, -9, -958
-109, -9, -983
-108, -16, -976
-106, -8, -970
-88, -8, -963
-91, -10, -971
-87, -16, -964
-100, -15, -957
-98, -13, -973
-102, -12, -971
-98, -20, -938
-96, -13, -951
-93, -3, -943
-99, -6, -968
-97, -9, -966
-100, -9, -961
-98, -12, -949
-102, -18, -957
-100, -11, -969
-91, -15, -959
-100, -12, -967
-89, -18, -985
-88, -9, -991
-95, -13, -963
-98, -11, -969
-96, -9, -971
-77, -10, -946
-97, -7, -947
-102, -7, -976
-86, -12, -965
-83, -16, -957
-77, -14, -969
-101, -7, -952
-100, -14, -956
-95, -14, -963
-98, -13, -951
-90, -11, -954
-91, -9, -961
-110, -11, -985
-98, -12, -971
-93, -10, -967
-73, -11, -948
-82, -11, -951
-92, -13, -968
-100, -10, -957
-98, -10, -971
-93, -10, -965
-95, -10, -963
-95, -12, -970
-89, -13, -958
-105, -12, -960
-97, -12, -974
-101, -12, -960
-102, -18, -964
-102, -19, -976
-98, -14, -972
-105, -17, -969
-99, -14, -945
-89, -18, -949
-103, -13, -963
-90, -13, -978
-91, -13, -975
-80, -7, -932
-95, -7, -937
-99, -15, -964
-89, -10, -965
-108, -9, -951
-109, -19, -954
-101, -15, -960
-99, -8, -968
-109, -8, -984
-98, -14, -968
-92, -11, -963
-93, -9, -954
-87, -6, -962
-102, -7, -964
-104, -11, -943
-102, -10, -946
-93, -9, -966
-90, -16, -968
-98, -15, -978
-92, -14, -958
-91, -11, -968
-97, -15, -981
-101, -16, -995
-100, -17, -966
-113, -6, -979
-85, -8, -972
-87, -14, -977
-87, -15, -993
-93, -15, -974
-95, -13, -973
-97, -8, -972
-98, -14, -985
-93, -12, -987
-101, -8, -981
-86, -14, -951
-99, -17, -973
-90, -11, -951
-106, -16, -974
-94, -11, -947
-96, -13, -958
-94, -10, -978
-90, -16, -971
-90, -16, -978
-103, -12, -978
-107, -6, -965
-93, -9, -958
-86, -8, -951
-93, -10, -979
-94, -13, -967
-100, -8, -954
-78, -15, -944
-93, -11, -965
-104, -13, -970
-102, -12, -949
-91, -18, -975
-101, -17, -960
-91, -11, -968
-88, -11, -950
-94, -12, -967
-94, -15, -948
-94, -13, -940
-94, -9, -947
-92, -9, -954
-94, -10, -962
-97, -7, -931
-99, -4, -949
-99, -11, -960
-90, -14, -966
-98, -11, -972
-100, -10, -962
-92, -11, -962
-97, -14, -962
-87, -12, -981
-92, -7, -960
-109, -6, -975
-100, -9, -974
-95, -5, -962
-96, -5, -991
-102, -7, -970
-105, -13, -969
-87, -20, -970
-104, -11, -977
-94, -12, -985
-95, -17, -986
-87, -14, -953
-87, -14, -953
-84, -16, -954
-86, -16, -952
-96, -14, -946
-97, -11, -956
-93, -12, -955
-107, -10, -982
-104, -6, -981
-78, -11, -967
-94, -7, -978
-94, -13, -972
-92, -16, -974
-91, -16, -961
-91, -7, -960
-100, -17, -958
-86, -13, -957
-103, -13, -963
-112, -12, -965
-97, -8, -967
-86, -13, -953
-92, -10, -976
-95, -16, -978
-100, -13, -967
-89, -12, -958
-100, -12, -948
-106, -9, -967
-102, -7, -971
-101, -9, -979
-99, -11, -967
-90, -13, -980
-94, -4, -974
-88, -9, -975
-89, -8, -969
-90, -6, -961
-80, -14, -976
-93, -13, -973
-86, -11, -957
-79, -15, -954
-92, -18, -971
-104, -13, -956
-99, -12, -952
-95, -13, -970
-87, -11, -960
-95, -14, -982
-93, -16, -976
-76, -8, -953
-90, -11, -959
-104, -10, -969
-100, -6, -943
-95, -16, -959
-90, -7, -962
-101, -11, -943
-88, -14, -979
-110, -14, -981
-96, -13, -969
-94, -15, -974
-82, -6, -960
-99, -16, -970
-102, -14, -980
-95, -16, -955
-103, -12, -943
-111, -11, -956
-101, -9, -960
-93, -12, -955
-100, -9, -972
-90, -13, -960
-105, -14, -967
-107, -12, -954
-105, -17, -968
-105, -19, -961
-101, -12, -972
-97, -6, -953
-102, -11, -981
-89, -13, -992
-97, -15, -957
-79, -9, -952
-92, -15, -945
-98, -20, -993
-96, -17, -970
-88, -3, -975
-86, -9, -968
-87, -11, -980
-100, -9, -951
-105, -10, -951
-89, -16, -973
-98, -18, -968
-99, -16, -968
-92, -16, -967
-100, -14, -948
-101, -15, -944
-102, -9, -979
-101, -8, -975
-88, -10, -986
-107, -14, -986
-97, -12, -978
-93, -9, -965
-107, -7, -945
-110, -9, -964
-98, -12, -961
-104, -15, -976
-98, -4, -962
-83, -11, -969
-99, -11, -953
-87, -11, -972
-89, -11, -964
-96, -14, -959
-94, -6, -960
-99, -14, -975
-88, -15, -961
-103, -7, -965
-104, -1, -966
-99, -5, -965
-90, -12, -948
-83, -5, -969
-79, 32, -963
-106, 11, -966
-111, -28, -950
-110, -46, -975
-113, -46, -913
-103, -13, -969
-102, 4, -990
-90, 1, -969
-97, -10, -934
-83, -10, -977
-91, -21, -987
-107, -19, -985
-98, -24, -985
-91, -15, -890
-99, -20, -904
-96, -13, -963
-103, -9, -1030
-102, -3, -1032
-101, -4, -956
-88, -10, -918
-96, -23, -927
-113, -21, -955
-104, -18, -1022
-104, -14, -1036
-87, -10, -949
-83, -4, -894
-93, -10, -911
-83, -13, -934
-93, -20, -981
-102, -15, -980
-103, -8, -963
-98, -5, -947
-96, -2, -959
-101, -4, -973
-103, -15, -976
-108, -22, -996
-103, -9, -1000
-106, -6, -980
-101, -9, -947
-88, -4, -957
-106, -8, -954
-105, -14, -956
-103, -20, -953
-91, -18, -958
-71, -17, -920
-89, -8, -938
-107, -12, -965
-96, -14, -972
-101, -15, -968
-98, -13, -990
-90, -11, -973
-107, -15, -968
-87, -7, -967
-95, -13, -997
-88, -5, -965
-97, -21, -945
-97, -15, -936
-86, -9, -928
-88, -10, -951
-103, -12, -989
-102, -14, -985
-93, -15, -939
-87, -17, -944
-109, -10, -954
-115, -6, -957
-103, -7, -971
-110, -17, -967
-103, -16, -945
-113, -7, -961
-108, -12, -940
-106, -7, -964
-100, -8, -989
-111, -16, -1001
-101, -20, -952
-102, -10, -943
-92, -12, -973
-99, -11, -988
-96, -13, -986
-88, -9, -978
-96, -13, -955
-93, -15, -956
-92, -10, -968
-85, -6, -976
-87, -11, -982
-98, -9, -973
-104, -11, -972
-101, -6, -978
-88, -9, -973
-100, -7, -992
-101, -2, -1009
-105, -8, -979
-102, -13, -965
-88, -13, -970
-94, -5, -931
-96, -7, -955
-108, -17, -986
-98, -11, -978
-98, -11, -958
-101, -10, -943
-101, -8, -949
-91, -9, -974
-92, -12, -980
-121, -10, -977
-101, -13, -944
-96, -12, -949
-109, -10, -965
-92, -14, -984
-98, -15, -984
-93, -16, -992
-90, -15, -959
-96, -14, -957
-97, -11, -964
-93, -11, -967
-106, -20, -967
-102, -20, -956
-88, -19, -978
-96, -21, -945
-79, -11, -950
-96, -10, -965
-95, -13, -971
-98, -7, -979
-112, -8, -954
-94, -10, -959
-93, -18, -977
-90, -12, -979
-88, -11, -954
-94, -16, -973
-105, -20, -965
-103, -12, -952
-96, -13, -960
-90, -10, -961
-96, -10, -958
-86, -15, -950
-101, -9, -960
-98, -9, -953
-96, -7, -933
-106, -17, -968
-105, -8, -965
-98, -12, -959
-92, -12, -959
-96, -10, -973
-92, -16, -969
-96, -17, -961
-96, -7, -966
-88, -18, -953
-94, -16, -947
-97, -11, -950
-95, -14, -963
-104, -17, -946
-99, -15, -956
-107, -9, -951
-104, -11, -950
-95, -8, -968
-108, -11, -950
-95, -5, -958
-81, -14, -972
-85, -12, -954
-98, -12, -954
-102, -15, -948
-96, -19, -960
-95, -16, -970
-100, -10, -960
-99, -10, -955
-93, -13, -948
-98, -12, -953
-102, -12, -949
-92, -15, -965
-93, -16, -964
-89, -10, -957
-94, -7, -940
-106, -9, -978
-108, -12, -979
-103, -10, -963
-103, -7, -978
-106, -15, -981
-99, -14, -974
-107, -15, -988
-103, -8, -975
-79, -10, -957
-81, -11, -943
-75, -15, -970
-91, -15, -956
-101, -16, -976
-99, -13, -948
-99, -14, -945
-103, -12, -943
-101, -8, -978
-100, -9, -969
-100, -9, -973
-100, -10, -948
-94, -16, -976
-100, -13, -971
-92, -10, -982
-100, -13, -966
-94, -4, -968
-81, -10, -950
-100, -7, -941
-99, -7, -943
-99, -20, -952
-85, -10, -969
-98, -13, -966
-99, -23, -981
-93, -11, -971
-93, -10, -933
-96, -11, -949
-97, -19, -959
-91, -17, -947
-93, -11, -942
-101, -13, -979
-108, -15, -969
-103, -14, -967
-90, -16, -967
-103, -11, -960
-101, -13, -974
-95, -13, -969
-100, -17, -947
-101, -21, -965
-93, -10, -957
-99, -7, -973
-101, -13, -959
-100, -9, -966
-101, -13, -966
-99, -17, -962
-89, -14, -971
-103, -8, -978
-96, -8, -965
-96, -8, -935
-105, -7, -967
-88, -3, -981
-100, -7, -972
-109, -13, -952
-104, -12, -967
-101, -9, -978
-96, -12, -967
-89, -17, -957
-97, -11, -954
-102, -13, -953
-103, -12, -961
-97, -13, -967
-101, -11, -973
-98, -11, -961
-97, -14, -959
-100, -8, -965
-115, -8, -965
-117, -8, -972
-98, -14, -958
-108, -15, -986
-97, -7, -964
-83, -11, -974
-102, -14, -974
-92, -15, -970
-77, -18, -952
-96, -8, -936
-108, -18, -952
-104, -18, -974
-108, -14, -980
-101, -9, -965
-105, -14, -936
-89, -15, -932
-88, -15, -956
-92, -15, -965
-103, -12, -961
-107, -13, -958
-93, -16, -975
-94, -8, -963
-87, -10, -961
-101, -12, -959
-106, -15, -967
-103, -10, -944
-95, -10, -975
-96, -14, -972
-96, -13, -997
-94, -13, -983
-99, -10, -951
-87, -14, -945
-101, -14, -979
-101, -8, -968
-82, -12, -958
-81, -15, -985
-89, -12, -952
-82, -18, -960
-97, -12, -973
-98, -12, -969
-110, -14, -956
-96, -13, -963
-96, -14, -963
-102, -9, -955
-100, -11, -983
-103, -10, -980
-100, -5, -978
-99, -9, -977
-99, -9, -973
-111, -8, -973
-111, -12, -962
-105, -12, -968
-83, -14, -955
-96, -11, -956
-106, -7, -962
-110, -11, -967
-92, -13, -972
-91, -9, -982
-106, -10, -958
-101, -14, -968
-104, -13, -948
-102, -13, -968
-98, -9, -972
-95, -16, -972
-97, -16, -960
-99, -17, -956
-106, -12, -968
-104, -16, -968
-99, -11, -986
-99, -12, -959
-102, -15, -949
-98, -9, -977
-95, -14, -949
-101, -13, -947
-105, -14, -974
-91, -14, -939
-108, -13, -997
-98, -19, -960
-96, -11, -970
-100, -3, -967
-98, -8, -957
-103, -13, -980
-97, -10, -949
-102, -9, -968
-102, -10, -970
-91, -9, -946
-97, -15, -961
-87, -3, -966
-88, -12, -968
-89, -11, -977
-92, -12, -959
-80, -10, -966
-99, -12, -966
-98, -24, -971
-95, -11, -961
-92, -9, -940
-102, -9, -946
-103, -11, -963
-83, -20, -963
-95, -15, -978
-110, -14, -983
-100, -17, -955
-95, -16, -966
-98, -11, -960
-93, -4, -967
-93, -12, -964
-106, -16, -984
-101, -16, -982
-103, -7, -985
-77, -15, -951
-85, -9, -962
-86, -14, -948
-102, -13, -957
-107, -9, -987
-89, -11, -973
-99, -12, -971
-94, -11, -964
-95, -12, -977
-90, -4, -984
-94, -15, -972
-80, -20, -984
-102, -7, -963
-99, -10, -942
-97, -15, -938
-90, -13, -953
-98, -12, -960
-106, -11, -943
-101, -12, -940
-102, -12, -960
-106, -4, -976
-94, -4, -996
-93, -5, -983
-93, -7, -992
-100, -6, -974
-96, -7, -957
-97, -8, -965
-98, -10, -998
-93, -13, -965
-88, -7, -946
-72, -10, -944
-66, -13, -930
-84, -16, -938
-95, -15, -955
-97, -23, -962
-113, -21, -949
-112, -23, -956
-95, -18, -962
-101, -27, -963
-109, -17, -988
-97, -15, -971
-99, -8, -944
-100, -10, -973
-94, -11, -991
-99, -12, -988
-82, -15, -972
-100, -15, -976
-103, -17, -960
-107, -17, -957
-107, -17, -969
-97, -12, -957
-81, 8, -951
-112, -9, -960
-96, 7, -895
-82, -19, -1029
-94, -18, -929
-112, -20, -1007
-109, -9, -936
-103, -4, -995
-110, -24, -954
-89, -7, -870
-94, -6, -892
-97, -12, -973
-103, -9, -995
-99, -18, -1002
-105, -5, -993
-104, -10, -965
-105, -8, -954
-100, -9, -958
-101, -12, -959
-104, -19, -976
-101, -12, -968
-112, -18, -942
-93, -9, -938
-82, -8, -975
-111, -21, -1025
-112, -11, -1000
-104, -13, -1004
-108, -18, -1011
-114, -18, -979
-112, -10, -960
-94, -13, -944
-98, -2, -940
-88, -5, -966
-96, -9, -974
-97, -12, -966
-99, -24, -942
-99, -13, -952
-109, -15, -963
-99, -19, -989
-95, -13, -983
-92, -12, -989
-99, -14, -955
-94, -8, -972
-90, -13, -968
-98, -8, -987
-99, -11, -975
-93, -15, -977
-108, -11, -968
-99, -10, -952
-93, -18, -965
-93, -9, -938
-97, -6, -948
-94, -16, -965
-82, -20, -956
-92, -14, -933
-98, -25, -957
-98, -15, -984
-100, -12, -933
-93, -10, -961
-98, -14, -963
-92, -11, -976
-92, -6, -962
-104, -17, -976
-109, -14, -983
-109, -16, -987
-105, -10, -978
-90, -7, -979
-105, -16, -959
-86, -14, -957
-96, -15, -966
-85, -11, -944
-89, -8, -932
-81, -15, -935
-106, -11, -969
-106, -15, -975
-94, -2, -983
-91, -12, -968
-111, -11, -964
-103, -5, -977
-104, -6, -988
-104, -13, -958
-97, -11, -945
-96, -12, -936
-95, -11, -953
-95, -19, -949
-100, -16, -968
-112, -17, -947
-88, -7, -970
-103, -9, -950
-97, -8, -961
-100, -8, -982
-101, -12, -989
-96, -9, -989
-81, -2, -967
-93, -9, -948
-93, -25, -950
-101, -13, -950
-91, -10, -954
-99, -6, -937
-94, -18, -939
-84, -12, -956
-99, -18, -956
-88, -21, -992
-91, -7, -983
-99, -10, -949
-98, -16, -949
-105, -8, -956
-100, -7, -952
-121, -4, -938
-106, -7, -974
-101, -15, -970
-105, -14, -945
-108, -6, -963
-108, -19, -987
-101, -23, -976
-91, -17, -975
-92, -14, -983
-92, -16, -963
-78, -9, -926
-84, -15, -944
-99, -18, -972
-100, -15, -981
-96, -4, -962
-109, -10, -928
-90, -17, -940
-75, -16, -982
-101, -22, -980
-106, -20, -988
-103, -16, -966
-97, -15, -956
-85, -7, -961
-81, -13, -963
-82, -17, -969
-105, -13, -970
-99, -10, -930
-77, -9, -947
-92, -9, -954
-114, -13, -973
-95, -9, -962
-93, -16, -987
-102, -12, -965
-94, -8, -962
-89, -9, -959
-96, -8, -990
-100, -11, -971
-93, -10, -967
-95, -16, -949
-96, -15, -952
-93, -12, -960
-97, -11, -964
-100, -9, -963
-96, -14, -965
-105, -21, -979
-96, -13, -966
-94, -9, -968
-100, -6, -942
-108, -3, -947
-98, -10, -951
-102, -11, -976
-95, -13, -975
-97, -18, -950
-81, -21, -946
-88, -16, -951
-88, -20, -973
-91, -18, -953
-100, -11, -952
-116, -9, -959
-95, -13, -976
-107, -9, -979
-92, -12, -987
-102, -10, -978
-89, -11, -981
-93, -9, -967
-101, -5, -977
-101, -12, -951
-111, -14, -956
-100, -8, -968
-93, -17, -982
-81, -23, -961
-90, -17, -944
-84, -13, -937
-90, -13, -954
-96, -10, -965
-100, -14, -960
-95, -13, -979
-99, -15, -964
-105, -11, -1007
-104, -5, -991
-101, -13, -967
-96, -14, -969
-85, -11, -972
-82, -10, -948
-103, -14, -963
-96, -17, -960
-99, -20, -973
-102, -11, -965
-95, -9, -947
-93, -15, -966
-95, -12, -976
-106, -12, -972
-100, -13, -948
-104, -16, -941
-99, -6, -969
-87, -16, -969
-85, -10, -951
-98, -15, -965
-103, -15, -984
-94, -12, -960
-100, -13, -963
-97, -11, -955
-101, -15, -954
-102, -10, -949
-91, -8, -980
-83, -10, -962
-98, -10, -950
-101, -13, -953
-83, -13, -961
-86, -11, -961
-94, -13, -974
-104, -19, -987
-92, -17, -973
-101, -14, -945
-85, -13, -954
-80, -12, -947
-95, -9, -975
-99, -16, -988
-99, -15, -957
-90, -16, -930
-91, -11, -958
-95, -14, -960
-97, -16, -975
-92, -13, -976
-82, -21, -949
-111, -16, -956
-106, -17, -986
-102, -11, -971
-95, -20, -951
-106, -25, -950
-108, -17, -972
-96, -18, -968
-94, -12, -973
-77, -14, -950
-95, -11, -952
-96, -18, -977
-102, -6, -961
-110, -4, -947
-99, -15, -966
-113, -17, -970
-98, -15, -988
-93, -12, -967
-88, -9, -962
-100, -18, -968
-88, -14, -968
-100, -16, -990
-99, -10, -976
-101, -11, -978
-93, -10, -959
-93, -11, -957
-95, -8, -971
-106, -11, -983
-93, -10, -974
-100, -11, -965
-104, -16, -957
-91, -11, -935
-93, -15, -934
-84, -11, -951
-98, -23, -961
-99, -15, -964
-98, -10, -940
-102, -9, -959
-102, -6, -967
-97, -13, -968
-92, -18, -960
-117, -13, -959
-101, -13, -944
-93, -9, -963
-90, -5, -956
-90, -15, -944
-101, -14, -970
-87, -21, -983
-82, -14, -986
-85, -12, -938
-96, -6, -953
-100, -12, -962
-101, -15, -962
-103, -7, -960
-95, -11, -952
-79, -9, -938
-93, -15, -950
-103, -18, -976
-102, -13, -969
-99, -14, -964
-100, -17, -982
-93, -5, -964
-92, -15, -967
-97, -7, -953
-94, -13, -987
-100, -13, -978
-99, -12, -961
-90, -9, -952
-92, -11, -949
-91, -13, -964
-94, -17, -963
-95, -13, -949
-81, -12, -957
-96, -15, -968
-99, -14, -968
-93, -14, -952
-91, -9, -956
-86, -15, -944
-110, -16, -955
-105, -12, -966
-90, -8, -971
-111, -9, -967
-97, -9, -960
-94, -9, -969
-92, -13, -971
-95, -12, -958
-103, -16, -949
-99, -23, -932
-103, -16, -958
-85, -20, -956
-97, -12, -969
-99, -10, -936
-94, -10, -970
-99, -14, -975
-103, -15, -961
-98, -11, -948
-104, -19, -955
-95, -12, -980
-93, -10, -941
-105, -6, -957
-103, -10, -958
-106, -15, -942
-96, -18, -951
-96, -11, -960
-99, -5, -955
-106, -13, -966
-99, -16, -971
-103, -13, -983
-111, -8, -980
-93, -14, -973
-104, -12, -970
-90, -13, -982
-83, -11, -972
-109, -11, -948
-102, -15, -964
-97, -12, -968
-99, -9, -957
-81, -14, -961
-92, -16, -955
-91, -18, -968
-94, -20, -975
-101, -24, -958
-106, -18, -955
-112, -16, -973
-89, -16, -987
-101, -10, -974
-88, -15, -966
-95, -12, -964
-101, -17, -980
-107, -17, -963
-102, -13, -966
-103, -20, -965
-110, -14, -954
-100, -14, -971
-86, -16, -977
-98, -13, -968
-89, -17, -966
-92, -12, -960
-95, -13, -956
-99, -15, -957
-98, -11, -956
-104, -12, -977
-90, -9, -978
-106, -11, -978
-101, -18, -956
-100, -13, -948
-88, -11, -971
-83, -12, -951
-100, -17, -967
-94, -16, -978
-102, -10, -976
-94, -15, -960
-99, -18, -957
-97, -13, -960
-94, -14, -961
-94, -16, -962
-101, -23, -966
-103, -14, -957
-91, -16, -972
-88, -15, -960
-93, -16, -921
-89, -13, -1087
-128, -9, -823
-104, -2, -830
-74, -12, -916
-64, -21, -1049
-79, -28, -1068
-109, -17, -1036
-109, -14, -969
-83, -15, -883
-105, -19, -917
-107, -18, -1031
-92, -10, -1019
-95, -9, -897
-83, -14, -960
-89, -12, -888
-95, -8, -943
-102, -13, -967
-99, -9, -982
-95, -11, -959
-80, -8, -946
-97, -12, -974
-105, -6, -982
-103, -11, -943
-108, -13, -896
-123, -11, -911
-82, -14, -914
-93, -17, -992
-86, -11, -968
-106, -16, -986
-106, -11, -1011
-104, -10, -1035
-113, -15, -1011
-110, -15, -973
-80, -14, -939
-89, -21, -962
-95, -15, -981
-87, -18, -999
-96, -19, -950
-99, -12, -910
-97, -9, -886
-89, -9, -969
-103, -21, -963
-104, -15, -964
-85, -9, -918
-94, 0, -929
-89, -2, -947
-99, -9, -974
-110, -10, -964
-88, -9, -945
-91, -10, -896
-86, -11, -919
-95, -11, -945
-81, -4, -957
-102, -7, -963
-101, -7, -950
-101, -9, -975
-110, -7, -953
-101, -11, -959
-100, -13, -977
-95, -16, -981
-89, -12, -1001
-91, -15, -1003
-91, -14, -1028
-106, -24, -1009
-96, -28, -1025
-81, -28, -1028
-68, -24, -1006
-80, -14, -961
-91, -9, -962
-97, -19, -991
-89, -8, -983
-85, -4, -956
-96, -17, -933
-101, -13, -956
-84, -14, -975
-87, -7, -964
-78, -7, -979
-86, -15, -979
-93, -17, -953
-89, -12, -974
-107, -16, -979
-103, -20, -993
-106, -19, -969
-112, -19, -966
-110, -16, -979
-118, -14, -984
-110, -11, -978
-104, -20, -984
-100, -23, -948
-98, -15, -953
-100, -23, -945
-98, -16, -950
-99, -15, -966
-91, -11, -950
-94, -12, -927
-98, -17, -944
-103, -14, -948
-93, -19, -943
-87, -9, -935
-97, -6, -940
-96, -14, -985
-98, -12, -969
-86, -4, -950
-91, -2, -986
-91, -9, -961
-92, -4, -962
-94, -4, -974
-91, -15, -940
-81, -16, -945
-92, -12, -925
-106, -15, -937
-106, -15, -934
-111, -3, -926
-110, -7, -947
-99, -11, -954
-89, -3, -966
-98, -4, -966
-87, -9, -971
-99, -9, -964
-98, -10, -975
-109, -9, -976
-105, -4, -987
-108, -9, -963
-96, -5, -952
-78, -14, -930
-89, -5, -946
-82, -4, -936
-71, -12, -983
-87, -11, -980
-88, -19, -977
-70, -14, -964
-81, -6, -981
-97, -12, -984
-106, -10, -986
-96, -12, -977
-97, -7, -984
-101, -5, -967
-98, -10, -975
-101, -17, -930
-96, -6, -960
-102, -6, -949
-105, -2, -957
-112, -7, -947
-98, -9, -953
-87, -5, -980
-84, -10, -992
-98, -20, -965
-89, -11, -957
-92, -9, -942
-83, -8, -930
-106, -13, -940
-111, -2, -958
-111, -7, -962
-118, -14, -959
-111, -14, -956
-97, -7, -991
-98, -14, -974
-112, -10, -985
-97, -17, -983
-90, -8, -956
-97, -8, -933
-97, -9, -949
-93, -4, -930
-92, -5, -957
-112, -7, -984
-113, -2, -970
-112, -2, -955
-115, -8, -979
-98, -4, -990
-113, -6, -1002
-106, -15, -1009
-94, -12, -960
-90, -6, -935
-97, -10, -951
-106, -20, -969
-109, -9, -979
-104, -9, -963
-94, -6, -971
-95, -5, -962
-110, -10, -962
-95, -11, -987
-101, -19, -976
-104, -5, -952
-104, -7, -965
-98, -3, -953
-86, -3, -955
-105, -9, -973
-93, -11, -943
-87, -9, -945
-92, -5, -962
-96, -3, -1003
-98, -1, -948
-101, -12, -940
-88, -11, -937
-101, -9, -968
-88, -12, -959
-87, -6, -968
-89, -7, -971
-96, -10, -974
-99, -10, -969
-99, -14, -982
-109, -14, -975
-95, -13, -982
-95, -10, -956
-85, -8, -941
-104, -13, -961
-99, -10, -968
-100, -11, -969
-102, -11, -960
-106, -13, -983
-96, -11, -972
-100, -11, -957
-110, -9, -965
-104, -13, -944
-105, -19, -951
-100, -10, -960
-106, -11, -939
-102, -5, -970
-90, -7, -971
-91, -13, -987
-102, -14, -977
-102, -11, -967
-99, -14, -968
-92, -10, -973
-105, -8, -961
-101, -15, -968
-104, -17, -955
-99, -14, -953
-102, -9, -970
-107, -10, -955
-104, -13, -961
-103, -4, -973
-100, -9, -974
-102, -9, -975
-97, -12, -964
-86, -14, -967
-91, -10, -973
-88, -12, -966
-92, -15, -934
-107, -14, -944
-98, -9, -934
-94, -11, -934
-90, -11, -959
-98, -14, -978
-108, -9, -969
-99, -7, -940
-104, -7, -940
-96, -11, -958
-104, -14, -953
-100, -7, -968
-101, -6, -965
-109, -12, -953
-95, -8, -949
-105, -13, -959
-113, -15, -980
-95, -18, -961
-116, -9, -958
-104, -8, -971
-88, -10, -965
-95, -12, -955
-85, -10, -969
-100, -11, -955
-97, -14, -966
-93, -6, -980
-96, -7, -976
-103, -12, -942
-98, -16, -966
-104, -11, -969
-99, -14, -959
-91, -10, -960
-92, -9, -952
-98, -16, -961
-98, -12, -972
-88, -9, -956
-86, -8, -962
-102, -12, -980
-89, -12, -983
-97, -11, -973
-85, -4, -951
-95, -12, -961
-91, -11, -961
-86, -9, -953
-90, -10, -943
-101, -18, -983
-91, -13, -975
-97, -7, -972
-102, -8, -957
-89, -11, -977
-99, -17, -983
-102, -16, -943
-101, -7, -958
-88, -12, -938
-98, -11, -965
-103, -12, -963
-93, -11, -967
-99, -12, -971
-112, -12, -950
-102, -10, -973
-97, -11, -960
-95, -13, -961
-92, -8, -963
-96, -9, -982
-101, -15, -968
-106, -10, -968
-99, -5, -975
-89, -8, -953
-80, -9, -974
-91, -13, -982
-91, -4, -963
-81, -9, -962
-105, -5, -966
-92, -8, -951
-109, -9, -939
-98, -8, -990
-94, -6, -986
-99, -9, -970
-92, -8, -958
-102, -17, -976
-100, -10, -970
-102, -6, -965
-84, -8, -966
-84, -14, -959
-83, -12, -937
-90, -15, -965
-95, -15, -963
-95, -17, -959
-104, -7, -954
-92, -8, -952
-83, -12, -956
-81, -7, -958
-96, -2, -950
-85, -5, -977
-102, 2, -980
-100, -9, -965
-111, -10, -961
-104, -11, -965
-95, -9, -944
-93, -3, -951
-81, -7, -974
-113, -6, -966
-106, -8, -958
-112, -14, -954
-90, -16, -955
-93, -6, -976
-99, -4, -969
-100, 0, -963
-82, -9, -964
-99, -11, -966
-108, -16, -976
-98, -15, -973
-109, -6, -978
-102, -6, -955
-103, -8, -962
-87, -9, -975
-85, -6, -988
-115, -5, -968
-103, -8, -969
-105, -7, -951
-109, -6, -952
-111, -7, -957
-109, -17, -964
-98, -18, -961
-102, -14, -960
-105, -13, -966
-101, -11, -962
-100, -17, -956
-104, -8, -958
-103, -10, -990
-107, -17, -979
-99, -17, -960
-95, -15, -946
-98, -15, -963
-94, -13, -959
-98, -11, -953
-99, -16, -980
-90, -7, -980
-91, -13, -952
-98, -15, -947
-102, -17, -955
-104, -9, -957
-91, -4, -966
-97, -7, -973
-98, -18, -990
-104, -11, -975
-92, -9, -958
-93, -4, -935
-94, -5, -930
-106, -15, -953
-94, -7, -967
-97, -9, -959
-104, -15, -975
-92, -10, -970
-96, -6, -976
-104, -8, -961
-98, -12, -976
-103, -14, -958
-106, -9, -962
-107, -9, -996
-104, -18, -967
-100, -14, -975
-95, -10, -955
-98, -19, -956
-97, -3, -966
-94, -9, -963
-103, -13, -980
-86, -10, -965
-95, -9, -960
-106, -12, -961
-96, -12, -958
-105, -16, -973
-107, -8, -974
-85, -15, -959
-85, -11, -976
-97, -4, -961
-86, -9, -960
-95, -7, -955
-99, -9, -934
-96, -9, -950
-104, -15, -974
-86, -13, -970
-104, -12, -970
-105, -16, -953
-97, -10, -932
-96, -10, -938
-82, -15, -950
-96, -12, -974
-99, -10, -971
-98, -11, -947
-100, -13, -958
-103, -18, -956
-104, -14, -971
-99, -16, -958
-94, -11, -975
-97, -22, -967
-94, -13, -964
-92, -5, -946
-90, -8, -976
-83, -10, -969
-96, -4, -961
-111, -4, -960
-116, -12, -943
-108, -9, -974
-102, -7, -967
-106, -2, -969
-108, -14, -967
-87, -9, -960
-92, -15, -959
-89, -5, -948
-88, -7, -958
-95, -7, -965
-87, -14, -946
-79, -10, -966
-93, -18, -968
-103, -9, -978
-109, -10, -978
-97, -5, -966
-93, -6, -977
-105, -5, -962
-101, -5, -969
-89, -10, -952
-97, -13, -956
-98, -12, -969
-108, -16, -961
-107, -11, -960
-91, -10, -973
-88, -7, -968
-104, -9, -956
-98, -12, -966
-107, -18, -952
-105, -7, -972
-103, -6, -988
-96, -8, -969
-97, -4, -947
-110, -14, -1024
-101, -8, -1004
-102, -10, -944
-89, -9, -924
-93, -20, -927
-96, -10, -928
-95, -10, -967
-103, -12, -1003
-103, -8, -957
-106, -14, -966
-102, -20, -991
-102, -7, -967
-104, -17, -984
-92, -15, -1011
-99, -7, -975
-91, -2, -936
-93, -11, -931
-100, -22, -965
-101, -13, -1006
-118, -8, -1024
-106, -13, -999
-95, -18, -945
-88, -13, -941
-77, -7, -945
-102, -16, -955
-105, -15, -968
-101, -16, -985
-92, -16, -974
-105, -14, -969
-108, -7, -1015
-106, -9, -1021
-122, -10, -1045
-107, -16, -1052
-101, -13, -997
-104, -16, -972
-93, -15, -978
-92, -16, -978
-104, -21, -968
-108, -23, -1022
-112, -23, -973
-121, -30, -951
-128, -26, -865
-99, -53, -901
-97, -47, -963
-124, -31, -934
-105, -14, -903
-108, 6, -926
-111, 14, -945
-152, 28, -1069
-148, 27, -1188
-134, 22, -1113
-105, 7, -977
-68, -9, -871
-49, -20, -835
-59, -22, -855
-18, -23, -919
-60, -15, -1054
-107, -12, -1128
-136, -11, -1155
-135, -7, -973
-109, -9, -778
-77, -22, -685
-54, -20, -786
-69, -14, -933
-83, -10, -978
-84, 7, -963
-74, 16, -852
-64, 16, -803
-74, 14, -926
-78, 4, -1101
-87, -10, -1219
-87, -23, -1199
-114, -23, -1093
-93, -21, -958
-84, -10, -875
-83, -5, -843
-80, -5, -788
-60, 9, -714
-67, 6, -702
-62, -2, -762
-62, -10, -869
-91, -8, -1022
-121, -2, -1127
-138, -9, -1212
-136, 1, -1210
-126, -5, -1109
-105, -14, -972
-94, -24, -889
-85, -34, -880
-96, -30, -878
-97, -27, -864
-97, -26, -808
-92, -8, -711
-88, -7, -672
-64, -10, -798
-83, -11, -992
-79, -4, -1137
-110, -5, -1213
-131, -7, -1259
-145, -9, -1258
-128, -6, -1134
-118, -20, -1002
-96, -37, -822
-82, -22, -644
-53, -3, -624
-50, 5, -761
-48, 9, -928
-50, 0, -979
-71, -9, -987
-75, -19, -994
-86, -8, -1044
-94, -8, -1121
-104, -18, -1247
-131, -28, -1338
-148, -52, -1142
-134, -62, -881
-95, -57, -725
-97, -41, -674
-112, -37, -711
-95, -25, -743
-76, -7, -776
-82, 16, -830
-70, 23, -832
-62, 28, -824
-90, 24, -887
-126, 9, -1082
-155, 5, -1277
-174, -9, -1295
-164, -7, -1207
-160, -6, -1180
-165, -12, -1084
-148, -13, -919
-111, -11, -766
-83, -2, -676
-47, 1, -675
-45, -10, -779
-47, 1, -855
-40, -15, -943
-49, -16, -1074
-69, -18, -1139
-96, 6, -1104
-81, -1, -980
-59, -9, -1001
-61, -16, -1018
-90, -12, -974
-106, -9, -924
-104, -16, -945
-120, -18, -943
-144, -7, -952
-126, 4, -970
-111, -1, -945
-100, -8, -838
-102, -9, -764
-98, -9, -837
-96, -18, -1001
-117, -22, -1089
-110, -5, -1137
-92, -5, -1066
-78, -10, -999
-79, -10, -923
-78, -9, -904
-94, -19, -901
-106, -11, -900
-84, -13, -926
-107, -13, -941
-93, -18, -911
-103, -21, -962
-96, -16, -1049
-108, -23, -1068
-103, -8, -1038
-93, -7, -1050
-83, -8, -1031
-95, -3, -994
-101, -4, -984
-94, -10, -968
-88, -16, -917
-78, -15, -904
-98, -11, -954
-107, -11, -998
-128, -12, -956
-110, -7, -921
-109, -10, -891
-109, -18, -911
-111, -23, -924
-97, -14, -954
-102, -6, -966
-107, -2, -996
-93, -5, -983
-93, -6, -1000
-93, -14, -976
-74, -13, -984
-87, -15, -1020
-83, -10, -1024
-75, -2, -985
-95, -9, -935
-97, -15, -967
-108, -14, -964
-112, -10, -981
-92, -9, -939
-101, -8, -916
-92, -8, -913
-103, -17, -933
-89, -16, -909
-96, -16, -911
-93, -4, -928
-100, 0, -965
-97, -3, -1001
-90, -12, -974
-110, -18, -971
-99, -14, -994
-104, -13, -1014
-116, -12, -979
-119, -16, -982
-106, -14, -948
-84, -15, -956
-99, -15, -944
-105, -24, -930
-95, -22, -921
-85, -13, -936
-88, -10, -954
-93, -12, -990
-97, -8, -1006
-81, -14, -982
-88, -11, -953
-97, -10, -962
-92, -12, -956
-90, -11, -980
-89, -9, -998
-95, -8, -967
-105, -14, -988
-112, -16, -979
-107, -12, -972
-99, -12, -956
-90, -11, -946
-81, -5, -932
-86, -13, -928
-96, -11, -932
-101, -9, -943
-99, -12, -961
-92, -18, -970
-99, -15, -964
-95, -11, -959
-94, -8, -998
-96, -7, -993
-105, -12, -1002
-117, -8, -973
-91, -5, -949
-102, -1, -966
-112, -11, -960
-100, -11, -956
-110, -10, -947
-106, -12, -923
-106, -19, -930
-99, -9, -939
-91, -15, -951
-93, -17, -954
-95, -15, -982
-79, -16, -963
-98, -12, -953
-96, -18, -962
-96, -8, -976
-102, -11, -981
-107, -8, -970
-105, -11, -966
-103, -10, -958
-108, -11, -956
-105, -14, -967
-113, -16, -981
-96, -14, -965
-113, -15, -969
-106, -7, -985
-97, -10, -1006
-103, -6, -960
-95, -10, -976
-88, -14, -943
-92, -12, -940
-84, -4, -958
-78, -9, -958
-100, -8, -980
-97, -7, -979
-103, -10, -985
-97, -17, -991
-99, -7, -1004
-85, -10, -990
-95, -10, -978
-94, -10, -980
-91, -6, -963
-90, -9, -958
-92, -14, -954
-98, -7, -939
-93, -14, -956
-98, -19, -943
-95, -13, -938
-96, -11, -947
-101, -4, -961
-107, -10, -977
-114, -13, -978
-87, -16, -969
-88, -14, -978
-94, -18, -973
-109, -11, -973
-95, -9, -964
-84, -10, -940
-98, -12, -948
-92, -11, -985
-97, -11, -968
-90, -13, -954
-79, -11, -956
-108, -18, -949
-95, -17, -968
-96, -5, -968
-106, -4, -953
-97, -14, -970
-110, -16, -980
-101, -11, -964
-96, -7, -961
-100, -11, -950
-87, -9, -947
-97, -7, -948
-83, -13, -962
-86, -12, -973
-82, -6, -956
-96, -17, -976
-102, -12, -978
-87, -7, -977
-104, -9, -962
-105, -13, -954
-97, -14, -952
-107, -13, -943
-118, -20, -964
-111, -12, -976
-99, -14, -972
-113, -12, -967
-104, -14, -981
-98, -10, -972
-102, -11, -968
-103, -11, -976
-94, -13, -961
-104, -12, -1005
-95, -10, -978
-103, -18, -974
-94, -9, -972
-93, -12, -954
-95, -9, -932
-101, -9, -966
-100, -9, -968
-87, -6, -966
-93, -7, -939
-113, -24, -971
-98, -17, -961
-90, -12, -963
-92, -7, -958
-106, -7, -974
-110, -6, -971
-100, -10, -955
-100, -7, -959
-87, -7, -967
-78, -3, -945
-107, -7, -975
-100, -6, -992
-96, -6, -981
-105, -3, -974
-109, -8, -971
-99, -7, -969
-102, -11, -978
-100, -12, -972
-102, -15, -950
-98, -13, -966
-101, -13, -965
-105, -12, -975
-91, -8, -955
-89, -13, -962
-94, -8, -949
-102, -8, -961
-104, -16, -974
-92, -10, -965
-99, -12, -970
-90, -2, -976
-92, -9, -969
-99, -13, -974
-114, -10, -978
-99, -10, -959
-95, -8, -955
-79, -19, -949
-86, -14, -957
-96, -5, -957
-84, -15, -943
-95, -16, -965
-91, -14, -964
-90, -8, -973
-90, -17, -958
-97, -14, -952
-94, -5, -955
-95, -6, -946
-101, -16, -959
-114, -11, -946
-104, -18, -947
-93, -16, -953
-94, -15, -952
-93, -10, -946
-94, -11, -974
-88, -11, -972
-90, -13, -983
-105, -11, -974
-102, -8, -972
-98, -11, -960
-108, -17, -961
-86, -10, -958
-89, -17, -948
-94, -8, -975
-86, -14, -963
-95, -7, -955
-101, -14, -972
-93, -14, -996
-92, -10, -980
-108, -15, -953
-102, -11, -966
-97, -7, -963
-96, -5, -964
-106, -18, -986
-95, -14, -966
-89, -13, -966
-87, 0, -964
-86, -10, -958
-104, -9, -962
-101, -8, -968
-93, -7, -976
-97, -6, -974
-73, -10, -950
-98, -9, -954
-98, -16, -977
-109, -15, -950
-95, -13, -965
-98, -11, -970
-100, -9, -971
-95, -9, -966
-94, -8, -969
-82, -12, -955
-96, -11, -957
-100, -17, -973
-105, -9, -966
-106, -10, -987
-105, -11, -972
-100, -12, -961
-97, -6, -960
-107, -6, -987
-108, -7, -962
-112, -2, -981
-103, -16, -970
-100, -25, -965
-105, -11, -1064
-122, -5, -994
-103, 0, -856
-91, -16, -837
-85, -16, -1007
-92, -18, -1008
-98, -7, -990
-100, -5, -992
-94, -4, -1005
-108, -8, -1014
-123, -7, -965
-103, -14, -972
-75, -18, -945
-79, -9, -972
-91, -7, -1013
-106, -10, -991
-93, -10, -837
-73, -10, -808
-76, -14, -902
-113, -20, -1058
-132, -15, -1104
-122, -12, -1050
-105, -12, -984
-99, -16, -987
-115, -19, -979
-107, -18, -948
-101, -18, -900
-82, -20, -846
-82, -14, -835
-85, -9, -847
-79, 4, -886
-81, -7, -892
-88, -10, -967
-109, -14, -1068
-113, -16, -1064
-102, -10, -1052
-103, -13, -1013
-100, -17, -1006
-98, -16, -928
-103, -8, -887
-97, -2, -878
-101, -8, -889
-97, -12, -864
-103, -12, -884
-104, -13, -943
-97, -7, -975
-90, -14, -1024
-99, -10, -1088
-123, -8, -1100
-117, -13, -1048
-92, -12, -944
-80, -14, -887
-87, -9, -906
-99, -11, -917
-101, -5, -926
-87, -17, -964
-86, -7, -946
-88, -8, -916
-99, -14, -946
-104, -13, -978
-95, -10, -1048
-101, -15, -1045
-108, -11, -1011
-104, -7, -963
-104, -12, -943
-89, -10, -903
-88, -11, -913
-95, -15, -940
-97, -5, -931
-111, -10, -950
-112, -11, -979
-111, -16, -967
-108, -19, -972
-102, -10, -953
-106, -10, -973
-108, -8, -999
-105, -13, -988
-102, -5, -967
-94, -4, -936
-91, -5, -953
-93, -6, -989
-83, -17, -974
-101, -8, -954
-99, -11, -935
-94, -14, -934
-94, -14, -971
-90, -20, -969
-89, -12, -958
-104, -6, -949
-105, -8, -932
-104, -9, -929
-94, -9, -942
-91, -4, -970
-101, -13, -981
-99, -19, -952
-103, -13, -945
-83, -9, -968
-93, -3, -945
-114, -13, -952
-98, -11, -962
-93, -10, -960
-84, -5, -947
-96, -5, -935
-87, -14, -983
-85, -8, -987
-91, -7, -968
-97, -11, -1007
-100, -3, -969
-103, -7, -960
-110, -15, -947
-107, -11, -972
-98, -13, -984
-101, -5, -970
-87, -5, -962
-96, 3, -934
-88, -5, -937
-112, -14, -965
-107, -6, -960
-100, -7, -967
-90, -6, -963
-107, -9, -976
-103, -6, -947
-117, -5, -947
-104, -10, -972
-107, -16, -946
-102, -12, -958
-104, -13, -964
-97, -11, -956
-105, -14, -968
-105, -13, -1006
-103, -14, -1002
-93, -13, -972
-100, -13, -927
-100, -11, -949
-97, -33, -973
-113, -52, -933
-117, -72, -975
-98, -61, -1002
-101, -40, -1009
-90, -32, -998
-81, -12, -939
-77, -12, -916
-71, -2, -976
-82, -2, -1003
-84, -16, -996
-97, -19, -948
-101, -13, -919
-109, -19, -938
-110, -12, -931
-107, -6, -987
-109, 2, -1011
-98, 8, -1017
-118, 11, -982
-105, 4, -931
-95, -4, -947
-92, 1, -948
-110, -2, -957
-104, -1, -970
-101, 3, -998
-121, -4, -968
-112, -1, -954
-110, -3, -934
-104, 4, -936
-99, 2, -942
-106, -2, -956
-96, -7, -941
-91, -1, -945
-94, -1, -972
-93, -10, -971
-97, -13, -966
-106, -7, -965
-101, -13, -975
-107, -11, -977
-83, -12, -938
-97, -11, -952
-96, -9, -953
-97, -4, -954
-92, -8, -985
-93, -13, -970
-88, -8, -972
-88, -6, -962
-86, -10, -976
-96, -6, -972
-98, -10, -946
-96, -13, -970
-96, -12, -940
-111, -10, -940
-74, -12, -940
-93, -6, -979
-102, -12, -996
-115, -8, -985
-101, -20, -985
-91, -11, -986
-98, -6, -977
-101, -8, -950
-89, -9, -962
-102, -18, -975
-103, -5, -961
-97, -7, -943
-90, -4, -953
-88, -9, -957
-88, -9, -943
-97, -13, -931
-98, -15, -969
-106, -9, -955
-108, -11, -942
-104, -4, -958
-100, -7, -968
-98, -6, -972
-101, -3, -961
-92, -9, -966
-95, -14, -981
-116, -5, -950
-102, -8, -961
-104, -12, -959
-102, -13, -981
-102, -9, -954
-106, -9, -925
-96, -11, -930
-101, -8, -959
-101, -3, -991
-107, -11, -963
-92, -13, -930
-92, -10, -958
-98, -11, -951
-88, -9, -960
-100, -11, -987
-107, -18, -951
-109, -12, -976
-103, -12, -977
-102, -13, -981
-105, -13, -981
-94, -15, -970
-101, -15, -962
-101, -4, -984
-92, -5, -977
-93, -8, -938
-86, -14, -960
-88, -10, -969
-96, -10, -967
-88, -19, -954
-112, -11, -975
-105, -8, -969
-111, -7, -957
-106, -12, -979
-97, -11, -962
-103, -19, -970
-96, -8, -965
-106, -9, -957
-112, -10, -960
-111, -12, -967
-94, -15, -960
-96, -16, -958
-103, -13, -961
-98, -13, -972
-105, -5, -964
-102, -7, -956
-88, -10, -936
-107, -10, -964
-99, -9, -978
-97, -9, -971
-98, -5, -973
-99, -7, -950
-101, -11, -963
-86, -9, -981
-87, -7, -966
-112, -12, -977
-107, -7, -961
-116, -12, -949
-115, -6, -966
-108, -4, -1000
-110, -6, -973
-96, -8, -974
-98, -2, -971
-98, -11, -984
-107, -15, -977
-102, -10, -953
-103, -16, -957
-103, -15, -955
-109, -2, -969
-91, -9, -955
-97, -7, -975
-98, -10, -978
-106, -14, -971
-106, -11, -963
-95, -11, -972
-108, -18, -967
-105, -14, -974
-89, -15, -996
-101, -10, -977
-102, -6, -974
-99, -12, -957
-102, -9, -955
-96, -8, -965
-103, -15, -982
-103, -13, -957
-95, -4, -964
-92, -6, -967
-89, -9, -979
-88, -12, -979
-96, -6, -974
-103, -9, -948
-105, -11, -954
-103, -8, -967
-96, -8, -970
-109, 1, -968
-97, -7, -958
-108, -10, -949
-106, -8, -967
-105, -4, -972
-113, -15, -960
-88, -12, -955
-97, -8, -975
-91, -13, -973
-93, -10, -969
-93, -10, -985
-101, -8, -974
-87, -6, -963
-92, -10, -951
-89, -10, -970
-93, -11, -988
-96, -10, -968
-85, -13, -959
-93, -10, -958
-109, -17, -969
-106, -15, -977
-106, -14, -959
-98, -16, -976
-95, -10, -958
-90, -2, -943
-95, -11, -959
-110, -11, -965
-99, -10, -964
-93, -12, -958
-88, -8, -942
-91, -3, -980
-90, -1, -960
-107, -8, -973
-100, -9, -970
-99, -12, -974
-102, -9, -963
-93, -7, -954
-87, -4, -949
-97, -16, -972
-103, -11, -962
-97, -11, -974
-89, -5, -965
-108, -6, -966
-98, -10, -958
-100, -13, -959
-98, -9, -952
-99, -10, -952
-111, -15, -958
-122, -16, -975
-113, -13, -968
-98, -9, -950
-105, -6, -952
-102, -12, -964
-106, -9, -950
-102, -12, -966
-96, -12, -951
-94, -10, -964
-103, -9, -969
-98, -12, -976
-102, -12, -978
-105, -10, -976
-99, -14, -954
-107, -10, -995
-106, -14, -958
-105, -16, -972
-96, -11, -976
-87, -8, -958
-92, -12, -964
-94, -16, -990
-104, -11, -956
-90, -7, -968
-106, -7, -964
-99, -8, -967
-104, -13, -982
-98, -15, -968
-97, -15, -966
-96, -8, -961
-101, -4, -961
-105, -13, -968
-101, -11, -974
-111, -9, -970
-92, -9, -966
-86, -8, -972
-88, -3, -961
-102, -16, -940
-104, -11, -955
-98, -5, -949
-94, -8, -981
-101, -9, -977
-115, -10, -990
-108, -2, -970
-91, -13, -956
-102, -9, -960
-95, -8, -963
-99, -13, -962
-110, -16, -957
-105, -15, -947
-105, -16, -950
-107, -3, -956
-98, -14, -959
-99, -14, -959
-97, -11, -956
-98, -10, -952
-107, -13, -982
-91, -6, -982
-97, -5, -963
-99, -15, -938
-84, -13, -955
-102, -11, -966
-109, -4, -974
-93, -8, -969
-107, -8, -964
-99, -10, -970
-90, -10, -939
-85, -8, -959
-95, -11, -970
-95, -9, -966
-95, -11, -964
-93, -16, -962
-102, -11, -977
-99, -13, -970
-98, -11, -985
-100, 1, -976
-93, -2, -973
-91, -9, -982
-103, -15, -979
-100, -13, -979
-108, -10, -964
-90, -10, -979
-98, -10, -961
-101, -10, -965
-98, -7, -965
-107, -12, -976
-98, -12, -968
-90, -8, -974
-84, -4, -965
-103, -14, -972
-100, -12, -966
-101, -9, -961
-109, -14, -950
-95, -12, -943
-98, -8, -951
-103, -17, -955
-103, -10, -968
-101, -11, -964
-89, -13, -953
-107, -14, -943
-99, -8, -950
-92, -13, -918
-92, -9, -957
-105, -7, -958
-104, -9, -981
-97, -10, -969
-87, -15, -964
-91, -9, -971
-101, -15, -975
-110, -10, -972
-110, -6, -973
-99, -12, -967
-112, -15, -958
-100, -15, -936
-103, -8, -957
-103, -9, -964
-101, -14, -955
-99, -11, -953
-87, -13, -949
-81, -12, -946
-102, -7, -938
-102, -13, -943
-108, -14, -963
-101, -12, -942
-108, -11, -953
-107, -10, -949
-110, -15, -945
-101, -10, -926
-108, -13, -955
-99, -18, -933
-100, -12, -942
-110, -16, -941
-95, -16, -936
-100, -16, -936
-95, -13, -924
-77, -14, -910
-94, -13, -919
-101, -18, -942
-98, -12, -906
-92, -13, -881
-93, -16, -902
-86, -8, -939
-104, -7, -980
-98, -1, -948
-96, -1, -970
-110, -5, -973
-103, -3, -954
-98, 1, -945
-103, -4, -970
-108, -3, -972
-107, -3, -966
-103, -6, -938
-89, -12, -931
-82, -6, -913
-90, -6, -904
-96, -13, -963
-96, -11, -961
-82, -3, -963
-93, -5, -960
-83, -14, -950
-92, -11, -908
-86, -13, -919
-98, -12, -948
-101, -14, -939
-84, -5, -937
-87, -5, -917
-85, -15, -967
-90, -12, -961
-72, -14, -968
-97, -19, -974
-105, -19, -984
-107, -12, -1002
-114, -12, -1005
-108, -7, -988
-112, -14, -981
-101, -12, -975
-108, -16, -957
-109, -7, -979
-106, -5, -995
-100, 0, -988
-110, -3, -964
-117, -11, -993
-106, -12, -979
-113, -5, -997
-112, -4, -988
-108, -2, -996
-102, -5, -995
-104, -9, -984
-95, -8, -948
-93, -3, -943
-84, -15, -953
-105, -9, -947
-111, -3, -950
-106, -8, -956
-95, -12, -976
-99, -7, -984
-99, -4, -984
-105, -9, -962
-100, -8, -978
-108, -10, -947
-105, -8, -972
-111, -5, -964
-110, -6, -960
-102, -9, -958
-104, -6, -949
-98, -2, -965
-94, -6, -984
-92, -2, -976
-108, -6, -974
-91, -6, -988
-106, -7, -974
-99, -1, -955
-94, 1, -954
-100, -6, -965
-102, -5, -961
-104, 1, -977
-101, -3, -952
-102, -5, -928
-98, -3, -977
-89, 1, -942
-87, -8, -927
-93, -11, -935
-98, -11, -912
-87, -10, -931
-97, -8, -930
-113, -4, -944
-115, -8, -936
-99, -7, -971
-97, -3, -961
-105, -2, -968
-106, -4, -975
-107, -4, -976
-105, -3, -987
-107, -6, -975
-92, -6, -970
-91, -5, -966
-89, -3, -931
-100, -10, -941
-102, -9, -957
-102, 2, -968
-107, 5, -978
-93, 7, -990
-102, 5, -986
-114, 10, -987
-107, 0, -980
-104, -12, -970
-104, -7, -961
-83, -15, -949
-93, -16, -972
-98, -13, -958
-92, -11, -935
-105, -8, -952
-116, -10, -976
-105, -7, -1016
-119, -13, -1031
-120, -20, -1020
-114, -21, -1003
-99, -23, -986
-89, -27, -1009
-95, -22, -1030
-96, -20, -1042
-110, -17, -1052
-104, -17, -1106
-116, -25, -1070
-105, -23, -1006
-92, -18, -975
-98, -12, -942
-122, -10, -1021
-126, -6, -1064
-127, 0, -1032
-117, 6, -982
-114, 5, -948
-111, 1, -956
-116, -3, -948
-85, -7, -990
-84, -8, -984
-97, -5, -912
-98, 0, -896
-100, -3, -903
-100, -5, -922
-104, -9, -949
-100, -4, -984
-94, 2, -953
-83, -2, -924
-69, -1, -930
-88, 0, -952
-92, 4, -976
-101, 4, -1039
-109, -4, -1036
-98, -14, -961
-95, -12, -915
-103, -11, -921
-99, -15, -955
-94, -11, -912
-100, -13, -955
-115, -13, -998
-110, -10, -1006
-101, -12, -1025
-105, -15, -1028
-112, -10, -1023
-115, -14, -974
-92, -8, -980
-90, -12, -962
-84, -12, -953
-84, -6, -988
-107, -4, -984
-121, -2, -938
-116, -1, -939
-119, -10, -967
-114, -8, -962
-91, -14, -931
-82, -8, -902
-87, -10, -908
-87, 0, -901
-83, 11, -931
-109, 5, -935
-121, 5, -950
-113, 1, -988
-119, -9, -964
-103, -17, -931
-96, -20, -976
-107, -12, -961
-97, -12, -959
-100, -8, -955
-111, -13, -969
-122, -10, -992
-114, -18, -1006
-102, -27, -1018
-104, -17, -958
-105, -9, -964
-92, -12, -980
-98, -10, -968
-109, -6, -966
-103, -7, -976
-104, -2, -981
-103, 2, -943
-118, 1, -958
-117, 0, -923
-111, -3, -922
-107, -2, -925
-102, -2, -940
-91, 4, -941
-97, 3, -926
-99, -5, -952
-107, -8, -994
-93, -8, -971
-102, -12, -969
-112, -9, -954
-108, -8, -956
-102, -7, -965
-89, -7, -985
-85, -10, -976
-100, -3, -978
-108, -5, -1000
-117, -5, -1018
-126, -8, -1024
-115, -10, -1001
-100, -10, -967
-96, -9, -968
-107, -7, -975
-102, -9, -965
-104, -7, -967
-105, -10, -957
-104, -3, -951
-103, -3, -947
-103, -2, -944
-93, -6, -967
-101, -13, -989
-84, -2, -946
-93, 6, -938
-79, -1, -939
-100, 2, -961
-109, 0, -961
-110, -1, -958
-105, -8, -952
-100, -1, -946
-110, -2, -962
-91, -6, -957
-93, -6, -925
-101, -3, -923
-100, -9, -964
-106, -1, -962
-109, -1, -956
-110, -2, -969
-106, -9, -995
-108, -12, -973
-103, -13, -973
-107, -10, -965
-110, -11, -989
-122, -5, -996
-99, -6, -985
-110, -8, -988
-103, -4, -990
-107, -4, -1000
-118, -4, -974
-100, -8, -1001
-98, -7, -962
-98, -7, -936
-114, -3, -935
-115, -8, -934
-98, -5, -953
-104, -4, -965
-96, -7, -956
-88, -7, -982
-99, -3, -990
-101, -3, -968
-113, 1, -938
-94, 0, -955
-104, -3, -954
-107, -4, -962
-101, -6, -967
-99, -6, -983
-108, -6, -961
-95, 0, -980
-100, -7, -974
-94, -4, -1000
-96, -4, -971
-109, -3, -990
-116, -6, -993
-112, -10, -987
-111, -6, -970
-101, -9, -970
-98, -7, -986
-94, -6, -971
-99, -4, -978
-105, -8, -979
-94, -2, -979
-95, -3, -960
-105, -7, -982
-109, -8, -962
-101, -8, -970
-97, -11, -962
-87, -1, -981
-88, -6, -970
-106, -9, -962
-104, -7, -960
-101, -3, -967
-96, 0, -982
-92, -7, -957
-82, -15, -938
-110, -10, -947
-111, -4, -957
-99, -3, -943
-98, -5, -945
-94, -13, -948
-107, -9, -965
-102, -2, -970
-95, -7, -960
-99, -6, -974
-100, -14, -986
-100, -14, -970
-93, -8, -961
-99, -7, -968
-106, -3, -966
-89, -2, -973
-108, -5, -968
-96, -6, -942
-97, -3, -924
-85, -11, -958
-103, 0, -965
-106, -6, -949
-105, 2, -964
-103, -8, -958
-103, -3, -919
-97, -3, -934
-95, -3, -971
-96, -5, -960
-112, -7, -939
-108, -11, -926
-101, -11, -910
-102, -4, -938
-90, -3, -952
-113, 1, -982
-105, -4, -990
-105, -4, -963
-107, -9, -989
-95, -9, -975
-87, -3, -987
-111, 5, -943
-105, 2, -947
-97, -2, -958
-112, -11, -942
-107, -11, -962
-114, -9, -937
-115, -8, -947
-113, -9, -953
-100, -7, -946
-106, -6, -955
-111, -8, -960
-105, -7, -957
-111, -4, -948
-104, -1, -945
-113, -9, -936
-109, -7, -924
-88, -5, -966
-100, -9, -977
-108, -6, -964
-119, -6, -954
-108, -11, -956
-109, -7, -955
-104, -3, -950
-116, -4, -942
-122, -6, -953
-114, -5, -956
-105, -4, -963
-102, -6, -951
-107, -4, -930
-95, -7, -930
-90, -2, -936
-82, -6, -957
-107, -2, -947
-90, -2, -955
-107, -7, -979
-114, -9, -969
-109, -11, -968
-104, -10, -966
-117, -11, -963
-112, -1, -965
-107, -3, -945
-101, -7, -955
-92, -7, -968
-97, -10, -979
-112, -7, -984
-108, -7, -982
-108, -2, -974
-103, -7, -981
-104, -11, -961
-98, -11, -982
-100, -1, -995
-99, -4, -960
-107, -5, -969
-114, -8, -961
-110, -3, -944
-98, -7, -979
-100, -7, -970
-101, -5, -975
-103, -9, -967
-108, -12, -957
-110, -19, -967
-105, -13, -987
-113, -8, -986
-108, -7, -974
-101, -9, -944
-110, -10, -932
-122, -14, -965
-109, -15, -977
-110, -15, -958
-104, -13, -926
-101, -6, -945
-96, -6, -990
-92, -7, -1002
-107, -8, -1016
-105, -10, -993
-109, -6, -959
-115, -6, -959
-114, -9, -974
-106, -12, -974
-109, -11, -941
-109, -9, -954
-103, -8, -956
-105, -13, -955
-113, -8, -960
-114, -8, -985
-112, -9, -977
-110, -16, -962
-102, -14, -968
-96, -11, -961
-107, -6, -942
-92, -4, -944
-95, 4, -959
-111, 7, -1010
-117, 3, -993
-123, -2, -987
-107, -1, -1002
-119, 0, -1029
-107, 2, -1039
-119, -5, -1043
-120, -8, -1006
-119, -13, -986
-124, -11, -1000
-104, -8, -985
-106, -12, -972
-108, -12, -963
-101, -5, -978
-94, -11, -937
-102, -6, -951
-114, -14, -950
-104, -11, -949
-110, -11, -976
-114, -9, -982
-112, -7, -945
-112, -10, -925
-115, -11, -946
-125, -10, -969
-117, -14, -946
-126, -17, -971
-119, -11, -1003
-101, -16, -1012
-105, -8, -1018
-101, -13, -980
-109, -15, -982
-116, -18, -977
-107, -14, -985
-110, -19, -977
-114, -11, -1013
-109, -2, -1013
-116, -2, -1003
-124, -3, -999
-135, -4, -1016
-128, -2, -1067
-109, -5, -1061
-117, -2, -1021
-114, -4, -1027
-103, -4, -1002
-105, -8, -996
-114, 0, -1002
-114, -3, -1007
-114, -7, -992
-124, 0, -1005
-115, -9, -1004
-136, -9, -1003
-132, -7, -1001
-110, -20, -995
-113, -11, -997
-107, -11, -1030
-117, -11, -1023
-109, -9, -1019
-111, -9, -1022
-108, -12, -1024
-121, -10, -1051
-115, -6, -1033
-116, -3, -1020
-109, -8, -1010
-105, -6, -975
-94, -6, -984
-90, -12, -987
-109, -5, -1009
-114, -13, -996
-108, -16, -987
-110, -9, -996
-108, -8, -1004
-116, -9, -1016
-112, -16, -1015
-103, -14, -989
-108, -13, -974
-113, -9, -980
-110, -10, -996
-112, -13, -979
-92, -15, -978
-90, -12, -962
-98, -13, -921
-97, -12, -936
-102, -16, -949
-94, -17, -986
-118, -24, -954
-110, -16, -924
-99, -7, -913
-92, -9, -966
-109, -12, -1064
-113, -15, -1041
-103, -15, -957
-92, -11, -896
-81, -9, -927
-78, -2, -945
-107, 2, -960
-116, -3, -1007
-120, -6, -980
-117, -10, -896
-93, -16, -863
-92, -9, -931
-105, -12, -949
-92, -13, -895
-85, -15, -838
-72, -8, -805
-69, -7, -864
-99, -7, -870
-113, -12, -937
-104, -17, -970
-104, -20, -932
-99, -12, -865
-98, -18, -809
-91, -9, -889
-96, -13, -953
-84, -11, -918
-105, -19, -877
-105, -18, -896
-82, -14, -889
-90, -19, -930
-96, -15, -938
-93, -17, -962
-95, -10, -912
-87, -15, -797
-82, -11, -808
-97, -12, -868
-100, -17, -941
-104, -15, -961
-90, -20, -929
-93, -14, -935
-89, -9, -923
-84, -9, -997
-108, -11, -1117
-117, -10, -1109
-124, -5, -737
-88, -4, -748
-71, -3, -790
-76, -16, -950
-104, -17, -954
-86, -22, -911
-93, -24, -925
-95, -12, -973
-99, -16, -936
-94, -8, -1052
-107, -19, -1061
-109, -16, -984
-94, -17, -917
-102, -15, -991
-99, -14, -952
-80, -8, -926
-99, -14, -993
-115, -19, -1025
-105, -20, -989
-89, -19, -911
-80, -12, -905
-75, -10, -910
-89, -13, -933
-106, -18, -988
-105, -19, -1037
-110, -11, -960
-97, -11, -972
-99, -14, -993
-111, -7, -993
-108, -13, -992
-93, -14, -948
-97, -9, -924
-100, -12, -928
-87, -8, -945
-96, -21, -1000
-99, -17, -1026
-99, -19, -965
-93, -8, -965
-78, -10, -959
-92, -12, -968
-93, -10, -977
-100, -13, -964
-102, -14, -925
-83, -18, -940
-90, -24, -950
-92, -17, -1011
-101, -12, -1025
-106, -11, -991
-103, -11, -956
-85, -8, -922
-107, -7, -940
-89, -10, -964
-102, -15, -973
-92, -16, -930
-96, -18, -956
-92, -15, -953
-99, -14, -976
-104, -12, -995
-102, -15, -999
-99, -18, -960
-97, -16, -935
-91, -7, -899
-93, -8, -941
-87, -7, -953
-92, -8, -964
-82, -13, -1009
-91, -16, -983
-105, -25, -991
-103, -17, -976
-88, -12, -981
-90, -17, -956
-82, -20, -949
-90, -16, -929
-105, -22, -940
-104, -18, -944
-110, -13, -964
-100, -11, -996
-96, -12, -994
-116, -12, -988
-106, -9, -973
-92, -14, -940
-101, -15, -968
-92, -17, -949
-111, -14, -970
-104, -23, -988
-103, -16, -967
-87, -11, -967
-114, -13, -979
-100, -10, -949
-89, -7, -953
-82, -13, -937
-91, -19, -931
-98, -20, -939
-96, -12, -975
-106, -12, -981
-99, -11, -981
-96, -13, -976
-91, -7, -981
-95, -6, -983
-108, -22, -969
-103, -21, -962
-92, -13, -963
-87, -12, -943
-89, -13, -939
-99, -14, -965
-102, -22, -994
-98, -13, -989
-93, -12, -987
-113, -15, -969
-90, -16, -962
-86, -11, -935
-81, -11, -953
-87, -15, -976
-95, -13, -957
-111, -12, -958
-103, -8, -980
-95, -14, -964
-94, -13, -980
-89, -18, -1011
-102, -21, -980
-96, -15, -957
-109, -13, -953
-92, -14, -924
-72, -12, -943
-86, -14, -962
-101, -17, -971
-97, -15, -982
-98, -12, -984
-92, -13, -954
-98, -17, -958
-101, -19, -968
-92, -16, -973
-94, -15, -954
-94, -12, -956
-98, -14, -958
-111, -17, -982
-110, -8, -985
-85, -15, -964
-79, -18, -964
-94, -18, -960
-94, -11, -958
-103, -18, -951
-103, -12, -957
-95, -13, -963
-104, -17, -961
-101, -14, -983
-98, -17, -987
-92, -15, -973
-99, -12, -994
-100, -14, -948
-86, -7, -961
-85, -2, -964
-92, -11, -963
-101, -15, -962
-93, -13, -980
-94, -9, -974
-99, -4, -963
-101, -16, -957
-92, -9, -962
-99, -9, -960
-106, -14, -971
-100, -11, -941
-93, -16, -959
-93, -19, -957
-92, -13, -955
-95, -9, -966
-103, -17, -993
-97, -14, -995
-89, -12, -969
-88, -11, -953
-86, -17, -953
-93, -14, -962
-101, -16, -958
-87, -15, -959
-93, -15, -964
-84, -16, -985
-94, -14, -972
-104, -13, -964
-105, -7, -949
-105, -15, -953
-98, -13, -955
-89, -14, -952
-82, -6, -957
-91, -11, -954
-106, -10, -994
-98, -15, -968
-101, -13, -963
-97, -11, -981
-103, -15, -962
-95, -9, -975
-91, -8, -972
-92, -11, -961
-94, -11, -970
-96, -15, -965
-79, -13, -970
-109, -18, -971
-98, -11, -981
-99, -16, -955
-85, -11, -969
-98, -9, -954
-98, -13, -972
-101, -18, -950
-102, -14, -965
-96, -13, -960
-95, -11, -971
-104, -21, -975
-91, -13, -977
-97, -18, -958
-102, -10, -966
-101, -14, -960
-102, -18, -953
-101, -10, -973
-98, -10, -963
-97, -9, -948
-98, -10, -967
-82, -16, -981
-97, -18, -961
-101, -12, -951
-96, -13, -958
-93, -8, -961
-96, -17, -956
-90, -12, -987
-107, -16, -959
-90, -7, -965
-98, -9, -953
-92, -15, -990
-100, -13, -971
-90, -7, -972
-96, -9, -963
-84, -14, -990
-87, -14, -956
-89, -14, -954
-94, -13, -960
-89, -16, -963
-103, -16, -961
-97, -25, -966
-96, -6, -966
-87, -13, -979
-84, -22, -955
-98, -18, -964
-101, -12, -955
-93, -12, -990
-104, -15, -965
-96, -14, -953
-112, -13, -972
-101, -20, -975
-101, -19, -965
-98, -15, -975
-107, -14, -965
-101, -14, -955
-91, -16, -942
-95, -14, -976
-102, -16, -955
-102, -13, -966
-99, -16, -969
-104, -15, -958
-103, -15, -966
-100, -12, -962
-87, -17, -954
-93, -13, -971
-100, -18, -966
-100, -10, -956
-97, -10, -950
-87, -13, -966
-83, -9, -962
-91, -12, -972
-101, -16, -974
-95, -17, -964
-97, -15, -948
-95, -9, -958
-97, -13, -963
-109, -15, -982
-110, -15, -972
-98, -11, -956
-102, -12, -972
-92, -17, -955
-112, -15, -972
-83, -13, -983
-88, -11, -957
-105, -16, -951
-104, -12, -960
-97, -11, -961
-92, -12, -970
-104, -14, -972
-96, -12, -971
-88, -23, -951
-89, -17, -962
-106, -17, -962
-105, -12, -964
-99, -13, -965
-112, -15, -982
-97, -14, -970
-100, -12, -985
-95, -14, -979
-96, -10, -961
-86, -12, -949
-93, -14, -975
-96, -21, -971
-94, -21, -963
-113, -14, -955
-93, -24, -954
-100, -19, -963
-104, -15, -966
-108, -17, -958
-109, -21, -974
-97, -27, -944
-103, -24, -961
-100, -39, -953
-102, -41, -972
-108, -47, -975
-106, -71, -973
-106, -96, -961
-126, -115, -972
-110, -118, -962
-116, -110, -953
-107, -103, -937
-101, -87, -974
-97, -73, -943
-88, -47, -961
-101, -22, -959
-92, -1, -954
-96, 21, -955
-93, 40, -966
-80, 65, -992
-90, 77, -1001
-77, 98, -998
-79, 107, -989
-77, 137, -967
-90, 139, -957
-76, 122, -972
-76, 62, -929
-88, -17, -945
-91, -65, -957
-118, -65, -947
-116, -52, -972
-115, -19, -1006
-96, 11, -975
-81, 2, -968
-75, -15, -989
-84, -18, -989
-75, -22, -980
-98, -31, -954
-98, -36, -916
-111, -45, -926
-106, -38, -956
-114, -11, -1024
-101, 0, -997
-87, 2, -985
-85, -13, -921
-71, -25, -892
-88, -40, -895
-136, -3, -889
-130, 16, -978
-122, 22, -1020
-78, 5, -982
-93, -14, -939
-118, 0, -896
-122, -34, -927
-110, -23, -957
-96, -5, -902
-93, -11, -933
-74, -6, -913
-63, -3, -960
-102, -12, -986
-103, -11, -979
-103, -14, -963
-93, -14, -936
-109, -11, -930
-107, -12, -982
-92, -3, -999
-109, -4, -1007
-103, -10, -1001
-99, -8, -933
-100, -6, -964
-93, -9, -980
-95, -8, -993
-98, -9, -984
-114, -15, -961
-101, -14, -930
-104, -7, -927
-104, -7, -941
-104, -15, -937
-106, -14, -950
-101, -13, -985
-96, -16, -948
-93, -16, -923
-101, -14, -921
-102, -8, -978
-108, -11, -986
-101, -10, -1021
-99, -18, -983
-98, -6, -986
-102, -7, -983
-108, -7, -986
-91, -6, -984
-80, -13, -964
-93, -9, -938
-96, -12, -904
-85, -6, -893
-85, -4, -918
-104, -4, -929
-113, -2, -938
-101, -7, -926
-115, -10, -960
-119, -17, -967
-92, -15, -999
-103, -12, -1034
-101, -18, -992
-111, -9, -989
-90, -4, -1008
-97, -8, -978
-92, -12, -960
-100, -12, -948
-98, -7, -968
-104, -11, -947
-100, -6, -950
-95, -9, -955
-94, -7, -942
-101, -3, -946
-89, -4, -952
-96, -1, -979
-110, -3, -960
-93, -2, -944
-100, -5, -984
-105, -5, -951
-101, -14, -957
-100, -12, -962
-113, -7, -964
-109, -9, -956
-106, -7, -947
-101, -9, -938
-117, -7, -932
-104, -11, -971
-97, -25, -972
-97, -18, -998
-88, -25, -955
-79, -11, -928
-95, -19, -931
-88, -26, -960
-85, -19, -968
-92, -25, -986
-95, -25, -1001
-102, -29, -974
-93, -24, -963
-90, -30, -953
-96, -21, -945
-100, -20, -966
-94, -19, -978
-91, -15, -965
-94, -4, -959
-83, -15, -942
-96, -14, -955
-103, -12, -963
-97, -15, -941
-105, -7, -937
-104, -9, -945
-97, -17, -933
-98, -17, -985
-89, -12, -1023
-98, -12, -998
-102, -10, -987
-100, -8, -978
-109, -11, -955
-96, -12, -949
-95, -10, -991
-104, -15, -1020
-92, -5, -992
-91, -5, -957
-82, -9, -932
-88, -14, -946
-94, -20, -934
-78, -17, -939
-92, -11, -933
-99, -14, -960
-105, -5, -973
-108, -6, -949
-97, -13, -970
-102, -14, -990
-100, -10, -989
-100, -12, -997
-101, -13, -972
-100, -10, -953
-87, -14, -936
-99, -13, -943
-94, -11, -951
-101, -9, -956
-97, -11, -968
-105, -18, -951
-107, -5, -953
-95, -8, -973
-105, -5, -979
-95, -12, -963
-108, -10, -983
-90, -7, -992
-98, -13, -990
-100, -14, -966
-97, -5, -971
-93, -7, -954
-80, -8, -972
-91, -9, -975
-103, -12, -972
-96, -15, -966
-103, -12, -967
-99, -10, -953
-100, -13, -986
-96, -14, -962
-100, -14, -965
-98, -11, -946
-87, -11, -965
-96, -7, -956
-100, -12, -962
-102, -12, -953
-99, -17, -947
-90, -11, -958
-90, -9, -964
-100, -19, -962
-93, -10, -964
-98, -10, -961
-91, -9, -971
-86, -13, -969
-97, -16, -962
-85, -5, -957
-93, -14, -968
-93, -17, -973
-84, -18, -949
-86, -16, -961
-95, -20, -957
-103, -16, -957
-89, -9, -953
-82, -8, -942
-89, -15, -972
-98, -12, -957
-108, -12, -958
-96, -16, -950
-107, -13, -956
-116, -12, -961
-101, -10, -972
-98, -15, -966
-104, -12, -973
-94, -22, -952
-101, -16, -953
-101, -10, -950
-100, -7, -938
-93, -9, -961
-99, -15, -944
-97, -15, -975
-101, -14, -955
-98, -11, -961
-99, -5, -954
-110, -3, -956
-97, -15, -966
-98, -5, -963
-88, -8, -951
-93, -11, -977
-98, -13, -964
-90, -15, -952
-86, -15, -969
-99, -14, -962
-94, -18, -978
-104, -9, -954
-87, -10, -955
-102, -8, -981
-95, -7, -969
-97, -10, -974
-95, -10, -960
-93, -10, -938
-95, -10, -967
-96, -13, -953
-82, -7, -947
-85, -8, -971
-87, -13, -978
-89, -8, -940
-94, -6, -934
-95, -13, -962
-78, -12, -959
-96, -7, -948
-108, -9, -963
-94, -12, -973
-99, -12, -955
-99, -8, -962
-95, -13, -995
-105, -9, -955
-98, -11, -959
-75, -14, -941
-102, -9, -943
-99, -11, -963
-98, -7, -966
-89, -15, -953
-96, -9, -955
-111, -9, -965
-99, -9, -970
-93, -11, -941
-108, -10, -954
-101, -6, -967
-98, -11, -950
-97, -19, -969
-100, -10, -965
-95, -8, -972
-98, -6, -963
-102, -5, -964
-103, -14, -956
-96, -11, -957
-97, -14, -972
-93, -9, -969
-84, -11, -974
-97, -18, -974
-90, -12, -960
-96, -10, -964
-94, -13, -989
-88, -14, -964
-91, -8, -959
-103, -15, -971
-89, -11, -967
-95, -17, -982
-107, -17, -970
-105, -12, -965
-93, -11, -950
-86, -10, -969
-88, -10, -952
-103, -16, -969
-98, -17, -962
-88, -15, -983
-110, -6, -947
-99, -9, -962
-87, -12, -973
-90, -17, -973
-102, -8, -967
-101, -11, -971
-105, -12, -964
-97, -12, -974
-112, -10, -952
-93, -1, -975
-98, -10, -984
-97, -13, -966
-97, -11, -972
-101, -10, -959
-92, -9, -975
-98, -14, -980
-95, -12, -966
-94, -16, -952
-82, -8, -976
-95, -13, -984
-99, -14, -960
-81, -16, -963
-89, -16, -966
-111, -24, -962
-106, -17, -970
-105, -9, -961
-106, -8, -957
-87, -4, -955
-93, -6, -947
-96, -11, -965
-102, -7, -968
-93, -11, -965
-86, -3, -963
-93, -6, -971
-98, -5, -966
-88, -10, -962
-100, -16, -955
-104, -12, -969
-96, -7, -945
-108, -4, -985
-101, -11, -979
-106, -9, -957
-104, -11, -970
-95, -7, -959
-83, -6, -954
-78, -12, -949
-89, -13, -973
-77, -9, -958
-83, -11, -951
-105, -11, -955
-102, -13, -965
-104, -8, -947
-94, -16, -961
-103, -13, -979
-102, -6, -971
-75, -12, -957
-91, -10, -978
-87, -13, -961
-106, -20, -946
-101, -20, -964
-90, -10, -965
-87, -14, -960
-95, -13, -965
-91, -8, -966
-94, -8, -969
-99, -15, -990
-99, -5, -981
-87, -10, -966
-102, -6, -978
-92, -7, -954
-96, -13, -976
-99, -18, -973
-92, -8, -1003
-94, -9, -958
-103, -10, -968
-97, -7, -949
-102, -10, -994
-102, -10, -956
-107, -10, -963
-94, -18, -953
-99, -18, -956
-98, -2, -958
-91, -10, -976
-87, -11, -973
-108, -13, -966
-104, -13, -943
-97, -7, -965
-83, -5, -957
-87, -11, -961
-95, -12, -943
-74, -7, -948
-88, -5, -967
-77, -16, -963
-101, -11, -941
-110, -12, -973
-104, -10, -966
-103, -10, -938
-92, -15, -954
-94, -13, -960
-100, -12, -965
-94, -5, -968
-96, -9, -950
-97, -5, -957
-104, -10, -941
-98, -9, -973
-100, -9, -961
-99, -6, -974
-96, -11, -989
-77, -8, -950
-82, -14, -957
-76, -9, -980
-116, -30, -983
-141, -5, -1009
-67, -48, -892
-58, 9, -1019
-113, -12, -998
-64, -13, -848
-101, -22, -1071
-103, -19, -921
-103, -23, -862
-62, -4, -1070
-111, -19, -923
-60, 1, -850
-99, -21, -1100
-81, 3, -898
-93, -20, -851
-93, -10, -964
-115, -9, -907
-80, -6, -930
-70, -16, -948
-125, -25, -1032
-125, -14, -957
-55, -6, -948
-115, -23, -1119
-65, -14, -891
-90, -15, -904
-77, -17, -884
-113, -22, -1032
-102, -4, -886
-69, -11, -1000
-101, -16, -943
-92, -11, -956
-108, -12, -891
-92, -9, -1067
-99, -10, -981
-104, -6, -944
-113, -20, -942
-97, -16, -1027
-114, -11, -921
-101, -20, -967
-98, -5, -938
-100, -15, -920
-88, -1, -956
-96, -6, -946
-104, -8, -996
-85, -11, -903
-103, -12, -1015
-84, -17, -963
-105, -8, -960
-88, -7, -919
-113, -21, -1056
-97, -8, -919
-93, -5, -941
-107, -17, -922
-111, -12, -980
-106, -10, -957
-83, -15, -935
-94, -10, -999
-96, -11, -942
-95, -18, -962
-100, -3, -1017
-115, -13, -942
-121, -8, -972
-99, -12, -968
-83, -11, -961
-95, -13, -986
-94, -10, -965
-99, -11, -954
-101, -10, -919
-91, -14, -976
-107, -9, -979
-95, -8, -1001
-107, -7, -972
-96, -9, -993
-94, -3, -952
-92, -17, -975
-97, -12, -982
-104, -12, -966
-95, -12, -942
-87, -15, -959
-92, -10, -976
-92, -8, -940
-98, -12, -954
-90, -10, -974
-101, -8, -990
-100, -6, -943
-101, -3, -974
-79, -9, -971
-90, -7, -961
-94, -10, -956
-86, -1, -989
-79, -1, -958
-97, -1, -970
-94, -6, -944
-86, -9, -978
-101, -6, -952
-94, -8, -996
-88, -7, -973
-104, -5, -980
-101, -11, -959
-87, -20, -986
-89, -13, -980
-90, -16, -995
-95, -24, -968
-94, -16, -971
-97, -18, -984
-108, -17, -980
-94, -22, -966
-109, -25, -971
-102, -22, -964
-104, -23, -957
-95, -26, -949
-94, -20, -925
-105, -22, -953
-105, -17, -973
-109, -15, -968
-113, -11, -978
-97, -15, -976
-97, -17, -944
-105, -14, -980
-96, -15, -964
-104, -16, -953
-99, -10, -941
-99, -11, -936
-93, -12, -958
-103, -10, -968
-106, -12, -985
-95, -16, -968
-99, -14, -952
-75, -12, -950
-92, -9, -953
-104, -13, -985
-94, -13, -992
-102, -4, -987
-99, -8, -975
-103, -13, -936
-94, -19, -956
-102, -20, -959
-102, -15, -970
-88, -13, -981
-83, -12, -975
-89, -4, -957
-86, -10, -932
-88, -13, -951
-94, -16, -945
-99, -7, -949
-111, -11, -966
-108, -15, -940
-105, -14, -958
-102, -14, -956
-103, -15, -959
-102, -12, -974
-97, -10, -981
-105, -14, -956
-111, -14, -968
-93, -13, -954
-112, -14, -992
-102, -11, -966
-102, -12, -971
-101, -16, -946
-96, -15, -962
-100, -12, -971
-95, -15, -981
-103, -7, -982
-112, -9, -972
-98, -7, -951
-87, -7, -935
-95, -21, -945
-108, -18, -938
-113, -9, -956
-92, -9, -952
-100, -13, -968
-100, -18, -966
-96, -15, -962
-83, -13, -969
-103, -19, -946
-112, -18, -958
-117, -15, -965
-93, -16, -949
-98, -9, -964
-106, -15, -956
-97, -12, -966
-92, -11, -972
-93, -22, -964
-106, -16, -965
-98, -19, -962
-96, -13, -967
-104, -12, -965
-91, -13, -966
-93, -12, -963
-88, -11, -973
-90, -6, -979
-98, -6, -972
-89, -4, -976
-78, -11, -945
-101, -8, -946
-95, -11, -954
-104, -14, -965
-91, -18, -966
-96, -6, -972
-97, -10, -960
-101, -9, -977
-101, -12, -968
-94, -11, -971
-86, -4, -960
-104, -14, -962
-109, -13, -976
-110, -15, -978
