-81, -16, -933
-95, -17, -957
-102, -12, -958
-102, -7, -962
-87, -7, -975
-70, -6, -950
-89, -14, -958
-108, -11, -971
-100, -7, -950
-102, -20, -950
-98, -13, -958
-94, -11, -959
-86, -10, -965
-99, -15, -965
-115, -13, -970
-102, -13, -973
-102, -13, -957
-107, -15, -973
-103, -10, -972
-108, -16, -961
-89, -16, -957
-93, -7, -958
-104, -16, -962
-100, -8, -960
-103, -11, -958
-101, -9, -969
-100, -6, -944
-100, -6, -948
-97, -14, -960
-96, -11, -971
-110, -17, -962
-99, -12, -981
-96, -15, -965
-95, -18, -957
-96, -12, -947
-106, -19, -951
-108, -12, -964
-99, -14, -954
-114, -12, -975
-102, -10, -982
-101, -12, -967
-96, -8, -954
-85, -9, -962
-104, -11, -957
-104, -15, -976
-93, -12, -978
-99, -9, -975
-104, -15, -994
-96, -10, -975
-101, -10, -950
-93, -7, -962
-88, -7, -949
-98, -14, -960
-105, -17, -958
-98, -12, -975
-95, -9, -954
-87, -9, -987
-96, -11, -967
-107, -10, -958
-91, -10, -966
-92, -11, -965
-87, -12, -970
-81, -12, -959
-102, -13, -966
-105, -15, -965
-104, -17, -970
-101, -11, -958
-94, -8, -969
-96, -9, -954
-99, -14, -993
-99, -14, -963
-76, -14, -968
-88, -14, -946
-103, -16, -966
-100, -11, -968
-92, -11, -982
-87, -11, -975
-81, -4, -957
-94, -11, -965
-107, -17, -965
-96, -18, -965
-96, -8, -940
-100, -11, -967
-96, -7, -978
-109, -17, -964
-101, -15, -968
-96, -20, -964
-101, -18, -961
-101, -14, -967
-96, -14, -957
-108, -20, -977
-108, -13, -971
-93, -18, -956
-105, -15, -973
-99, -20, -954
-93, -13, -958
-92, -7, -940
-95, -4, -973
-101, -5, -972
-93, -8, -966
-92, -9, -972
-90, -15, -976
-104, -11, -971
-97, -6, -967
-96, -9, -951
-82, -8, -950
-90, -14, -983
-96, -16, -976
-97, -9, -968
-95, -12, -978
-114, -13, -960
-101, -13, -972
-102, -10, -980
-88, -6, -979
-107, -11, -979
-98, -16, -947
-92, -8, -972
-103, -11, -962
-94, -7, -960
-96, -5, -977
-97, -13, -979
-100, -9, -951
-95, -10, -963
-99, -1, -975
-97, -12, -967
-98, -20, -968
-89, -20, -998
-106, -20, -977
-106, -7, -945
-102, 2, -945
-99, -9, -942
-85, -9, -924
-87, -3, -959
-106, -6, -986
-112, -8, -1018
-113, -15, -1002
-89, -14, -992
-98, -6, -943
-102, -6, -943
-100, -14, -997
-110, -8, -1002
-101, -10, -977
-97, -13, -934
-95, -11, -952
-94, -11, -959
-101, -4, -952
-97, -8, -971
-100, -19, -966
-104, -17, -944
-114, -10, -967
-100, -12, -954
-105, -13, -985
-98, -9, -963
-97, -16, -970
-103, -9, -962
-89, -21, -988
-74, -19, -983
-75, -15, -985
-71, -12, -970
-92, -12, -984
-95, -18, -982
-93, -12, -957
-103, -16, -962
-93, -16, -946
-89, -11, -953
-91, -16, -947
-98, -15, -995
-100, -16, -939
-102, -10, -935
-96, -14, -949
-91, -16, -964
-108, -20, -978
-108, -19, -987
-109, -14, -998
-114, -15, -985
-114, -13, -981
-101, -6, -980
-109, -5, -968
-84, -11, -969
-82, -18, -954
-104, -2, -943
-95, -1, -955
-82, -1, -944
-81, -9, -957
-97, -13, -972
-78, -13, -977
-91, -16, -997
-90, -14, -983
-87, -8, -967
-87, -14, -953
-98, -13, -966
-91, -13, -947
-88, -13, -950
-92, -12, -945
-97, -15, -934
-91, -12, -924
-79, -8, -950
-93, -18, -953
-138, 63, -954
-107, -1, -974
-79, -58, -958
-68, -70, -966
-51, -65, -985
-109, -24, -947
-96, 10, -970
-119, -3, -888
-122, -11, -932
-130, -12, -985
-119, -16, -1005
-120, -12, -990
-120, -22, -1018
-105, -7, -928
-80, -3, -892
-92, 2, -980
-95, 15, -1076
-96, 2, -1117
-96, 2, -993
-67, 1, -909
-70, -9, -816
-79, -15, -869
-113, -25, -985
-111, -16, -1035
-110, -2, -1020
-103, -7, -890
-111, -9, -849
-85, -26, -938
-90, -23, -1017
-118, -31, -1071
-127, -9, -999
-112, -5, -944
-109, -6, -943
-98, -16, -933
-98, -18, -990
-107, -23, -1017
-103, -19, -1004
-103, -15, -1003
-110, -15, -1001
-105, -9, -949
-115, -11, -946
-110, -15, -925
-107, -16, -956
-103, -19, -942
-103, -25, -942
-106, -27, -944
-99, -19, -943
-84, -16, -963
-79, -21, -1000
-80, -20, -973
-80, -19, -1000
-74, -19, -996
-85, -23, -970
-81, -21, -961
-86, -14, -932
-93, -19, -922
-90, -23, -923
-80, -20, -953
-85, -17, -998
-91, -23, -967
-100, -18, -925
-94, -15, -901
-92, -7, -928
-96, -14, -955
-105, -15, -985
-124, -8, -943
-109, -10, -931
-91, -6, -918
-94, -1, -971
-108, -4, -965
-105, 4, -982
-99, 2, -946
-92, 0, -948
-109, 1, -985
-100, 0, -969
-86, 3, -951
-101, 10, -965
-86, 2, -960
-71, 6, -948
-101, 2, -963
-92, 2, -975
-86, -1, -1013
-87, -4, -1014
-90, -6, -1014
-82, -4, -989
-98, -12, -973
-100, -19, -921
-96, -14, -916
-97, -11, -932
-97, -2, -985
-103, -11, -1002
-83, -8, -986
-87, -2, -952
-84, -7, -939
-59, -16, -950
-81, -13, -1001
-88, -13, -1006
-103, -14, -977
-99, -9, -960
-96, -11, -963
-93, -7, -959
-85, -8, -961
-122, -7, -964
-117, -8, -952
-108, -10, -940
-99, -14, -943
-100, -13, -960
-104, -12, -937
-102, -13, -984
-96, -14, -1021
-101, -21, -1002
-101, -11, -1024
-91, -10, -1021
-82, -9, -976
-85, -4, -915
-101, -13, -906
-95, -13, -916
-106, -17, -945
-104, -18, -945
-95, -18, -951
-94, -16, -943
-91, -4, -950
-101, -9, -983
-107, -12, -975
-97, -11, -980
-108, -9, -985
-106, -8, -980
-100, -11, -946
-94, -12, -919
-110, -2, -939
-104, -6, -944
-96, -13, -958
-84, -12, -955
-100, -15, -966
-100, -8, -953
-100, -11, -974
-97, -10, -961
-103, -20, -972
-93, -8, -976
-108, -13, -987
-113, -17, -986
-95, -18, -967
-91, -15, -969
-99, -10, -965
-95, -10, -953
-84, -4, -960
-89, -14, -959
-97, -17, -958
-102, -16, -969
-99, -8, -971
-111, -9, -978
-92, -13, -983
-85, -18, -996
-87, -7, -978
-79, -9, -953
-87, -18, -940
-96, -10, -930
-99, -11, -934
-95, -6, -951
-107, -8, -981
-112, -6, -961
-101, -4, -972
-91, -13, -968
-75, -8, -972
-79, -13, -957
-83, -14, -976
-93, -13, -963
-81, -4, -975
-94, -15, -950
-110, -12, -972
-96, -15, -978
-94, -12, -974
-86, -10, -939
-103, -14, -968
-96, -15, -974
-103, -16, -972
-94, -13, -969
-97, -10, -969
-97, -11, -961
-103, -11, -952
-93, -11, -954
-87, -6, -969
-100, -9, -974
-109, -11, -956
-92, -6, -960
-105, -10, -959
-86, -8, -964
-89, -14, -951
-96, -13, -963
-94, -9, -977
-95, -9, -955
-94, -12, -970
-94, -13, -954
-94, -13, -953
-98, -12, -959
-98, -11, -963
-98, -8, -972
-93, -8, -970
-98, -14, -964
-111, -15, -976
-94, -10, -959
-111, -5, -969
-90, -9, -955
-100, -8, -954
-97, -11, -961
-98, -14, -963
-107, -6, -966
-102, -3, -976
-95, -7, -963
-93, -11, -947
-93, -12, -962
-97, -15, -970
-92, -9, -972
-85, -15, -964
-105, -13, -953
-114, -7, -948
-106, -12, -948
-95, -13, -958
-93, -9, -969
-86, -11, -992
-94, -13, -974
-110, -5, -966
-93, -7, -934
-97, -13, -958
-96, -23, -979
-103, -12, -985
-96, -11, -973
-97, -17, -954
-91, -11, -935
-83, -9, -934
-97, -12, -961
-104, -16, -958
-84, -17, -936
-100, -14, -957
-92, -19, -948
-92, -15, -962
-94, -15, -957
-98, -14, -954
-91, -13, -971
-104, -15, -942
-91, -18, -960
-102, -16, -959
-104, -7, -956
-98, -8, -970
-98, -11, -957
-93, -10, -971
-107, -12, -957
-100, -11, -974
-90, -9, -968
-96, -10, -953
-90, -12, -957
-87, -18, -966
-95, -11, -966
-113, -8, -971
-104, -11, -974
-99, -10, -976
-100, -16, -950
-89, -16, -921
-99, -15, -940
-98, -16, -974
-98, -9, -972
-92, -10, -973
-108, -15, -951
-106, -18, -935
-106, -4, -974
-103, -8, -974
-101, -13, -980
-99, -11, -946
-95, -8, -963
-99, -12, -966
-103, -11, -964
-105, -8, -963
-101, -12, -962
-112, -5, -954
-104, -13, -942
-98, -9, -966
-108, -11, -945
-95, -18, -978
-97, -16, -985
-93, -16, -961
-90, -12, -955
-93, -11, -964
-99, -14, -980
-101, -10, -978
-98, -11, -978
-97, -6, -975
-103, -7, -967
-101, -12, -959
-100, -16, -966
-108, -11, -969
-84, -12, -967
-106, -11, -983
-102, -13, -954
-105, -9, -960
-98, -17, -970
-107, -13, -960
-94, -7, -966
-96, -7, -959
-79, -12, -975
-78, -10, -961
-91, -16, -965
-102, -11, -970
-94, -17, -969
-90, -11, -978
-105, -18, -960
-100, -9, -962
-97, -10, -944
-78, -12, -956
-86, -11, -966
-103, -11, -954
-101, -8, -968
-98, -10, -971
-106, -16, -978
-106, -13, -966
-99, -12, -966
-96, -13, -962
-93, -11, -948
-98, -14, -951
-88, -14, -956
-93, -19, -973
-110, -16, -966
-108, -13, -967
-83, -17, -954
-92, -13, -947
-104, -6, -958
-86, -13, -952
-98, -14, -971
-98, -13, -971
-101, -10, -967
-93, -13, -965
-95, -13, -968
-100, -8, -976
-93, -12, -975
-99, -12, -961
-97, -12, -972
-99, -13, -994
-103, -12, -940
-81, -11, -880
-94, -12, -927
-106, -9, -1038
-102, -14, -1008
-104, -16, -969
-105, -11, -934
-99, -16, -949
-106, -20, -961
-112, -13, -1003
-92, -14, -957
-91, -21, -945
-102, -11, -952
-103, -6, -957
-82, -10, -996
-91, -15, -1002
-97, -6, -975
-109, -12, -935
-94, -15, -919
-80, -9, -918
-100, -7, -923
-96, -7, -958
-99, -8, -977
-108, -11, -972
-91, -11, -923
-104, -17, -951
-92, -9, -932
-77, -2, -894
-78, -5, -880
-98, -11, -901
-97, -8, -863
-83, -14, -834
-67, -15, -910
-71, -9, -930
-84, -5, -908
-81, -14, -962
-101, -15, -951
-96, -30, -984
-93, -25, -1000
-81, -30, -1042
-85, -24, -1051
-97, -19, -1082
-104, -24, -1064
-110, -19, -1062
-111, -18, -1060
-104, -13, -1024
-98, -17, -989
-88, -28, -974
-97, -18, -962
-78, -18, -943
-101, -25, -933
-95, -21, -902
-92, -17, -862
-81, -16, -850
-79, -25, -862
-81, -12, -885
-85, -11, -871
-70, -8, -895
-69, -12, -923
-71, -1, -871
-68, 2, -900
-90, -5, -995
-81, -3, -1007
-103, -6, -972
-96, -4, -971
-92, 2, -988
-93, -3, -938
-100, -8, -1008
-100, -2, -1018
-93, -25, -1017
-108, -18, -1026
-104, -18, -994
-89, -29, -1020
-107, -26, -1039
-98, -22, -1013
-94, -30, -982
-101, -25, -1012
-114, -18, -1029
-117, -16, -1012
-102, -8, -1003
-115, -17, -951
-109, -13, -978
-112, -15, -998
-108, -17, -1001
-100, -17, -1009
-107, -18, -965
-113, -18, -944
-97, -10, -968
-89, -19, -954
-93, -19, -920
-76, -18, -930
-74, -15, -954
-80, -9, -916
-81, -12, -881
-84, -8, -900
-89, -11, -934
-84, -10, -944
-75, -12, -962
-82, -8, -974
-97, -15, -973
-96, -11, -995
-92, -14, -985
-98, -20, -1018
-92, -18, -1008
-97, -21, -1005
-86, -29, -941
-85, -30, -945
-93, -24, -952
-90, -28, -942
-99, -18, -962
-92, -16, -967
-89, -6, -936
-88, -7, -955
-104, -3, -974
-100, -6, -990
-97, -11, -961
-106, -17, -994
-111, -16, -989
-120, -14, -994
-115, -6, -1009
-120, -7, -993
-89, -6, -973
-103, -4, -997
-94, -4, -994
-93, -9, -976
-110, -7, -971
-92, -7, -966
-74, -4, -965
-91, -6, -951
-68, -7, -946
-78, -10, -941
-97, -11, -966
-95, -8, -969
-89, 0, -952
-88, 0, -979
-94, -5, -967
-103, -11, -930
-93, -10, -950
-98, -15, -985
-70, -12, -993
-84, -7, -993
-87, -12, -991
-84, -17, -946
-72, -12, -948
-92, -14, -951
-92, -17, -1005
-105, -10, -1013
-107, -10, -986
-111, -11, -986
-125, -17, -974
-133, -11, -980
-131, -17, -997
-117, -16, -1003
-96, -22, -987
-93, -23, -958
-71, -19, -942
-66, -7, -923
-75, -12, -962
-76, -12, -969
-69, -4, -976
-66, -12, -977
-65, -12, -978
-90, -15, -1003
-90, -12, -1002
-87, -14, -1026
-109, -10, -1025
-106, -11, -998
-96, -8, -990
-100, -9, -963
-107, -12, -922
-91, -16, -913
-95, -13, -933
-90, -10, -968
-95, -12, -970
-113, -12, -952
-110, -4, -972
-106, -3, -969
-112, -12, -987
-106, -11, -995
-97, -14, -983
-95, -15, -979
-93, -9, -976
-88, -14, -990
-84, -15, -964
-84, -20, -955
-83, -17, -948
-80, -13, -933
-76, -15, -945
-85, -10, -961
-81, -16, -950
-74, -12, -963
-85, -8, -985
-99, -6, -992
-102, -9, -987
-106, -15, -977
-103, -11, -968
-104, -5, -973
-104, -4, -976
-109, -10, -951
-96, -13, -956
-101, -13, -955
-93, -17, -981
-93, -13, -973
-74, -5, -948
-72, -9, -964
-81, -16, -971
-73, -12, -981
-69, -8, -937
-92, -9, -947
-86, -11, -967
-90, -12, -955
-84, -5, -963
-91, -7, -961
-92, -10, -975
-99, 0, -957
-92, -12, -944
-81, -9, -956
-100, -15, -967
-97, -13, -972
-83, -10, -979
-77, -7, -953
-96, -4, -975
-97, -6, -975
-91, -8, -960
-88, -10, -958
-87, -9, -972
-106, -12, -964
-104, -18, -969
-92, -10, -951
-101, -13, -952
-88, -16, -944
-106, -12, -964
-96, -7, -969
-101, -9, -961
-97, -8, -953
-84, -11, -947
-91, -11, -981
-101, -9, -964
-96, -12, -972
-93, -12, -964
-82, -9, -958
-82, -15, -957
-87, -15, -971
-87, -12, -946
-83, -11, -957
-89, -11, -953
-98, -17, -948
-90, -14, -969
-89, -10, -962
-94, -14, -941
-105, -13, -969
-98, -11, -984
-98, -11, -981
-89, -14, -964
-83, -7, -958
-87, -13, -957
-85, -15, -959
-73, -8, -946
-78, -14, -968
-102, -20, -961
-97, -18, -967
-95, -11, -959
-92, -8, -960
-110, -13, -968
-102, -16, -972
-110, -11, -972
-106, -10, -965
-100, -10, -978
-103, -14, -970
-96, -8, -975
-99, -15, -969
-92, -15, -941
-89, -14, -940
-91, -17, -961
-95, -12, -965
-99, -15, -961
-91, -13, -952
-101, -8, -958
-96, -15, -973
-99, -11, -988
-97, -9, -978
-96, -6, -976
-102, -9, -962
-100, -12, -953
-96, -8, -972
-95, -10, -963
-85, -7, -935
-99, -6, -937
-95, -7, -972
-104, -8, -974
-89, -14, -955
-84, -9, -963
-74, -10, -982
-86, -11, -968
-89, -16, -959
-87, -15, -991
-102, -14, -979
-94, -8, -967
-93, -6, -971
-95, -8, -974
-88, -16, -963
-95, -12, -953
-92, -10, -975
-84, -13, -999
-96, -18, -977
-93, -9, -963
-86, -11, -967
-87, -8, -976
-96, -8, -979
-98, -8, -952
-104, -3, -958
-102, -6, -957
-97, -12, -939
-102, -13, -952
-104, -15, -977
-97, -10, -978
-103, -10, -951
-102, -11, -966
-95, -14, -971
-91, -18, -999
-103, -21, -962
-99, -15, -969
-86, -12, -940
-100, -11, -961
-100, -11, -964
-83, -11, -953
-89, -17, -972
-94, -17, -956
-100, -10, -960
-93, -12, -947
-96, -11, -956
-94, -11, -963
-93, -13, -962
-103, -10, -967
-89, -11, -942
-95, -10, -978
-85, -13, -956
-89, -13, -965
-97, -10, -981
-104, -3, -972
-97, -9, -947
-96, -9, -977
-95, -14, -956
-98, -11, -975
-93, -10, -961
-101, -12, -937
-103, -12, -965
-91, -8, -960
-99, -5, -953
-99, -12, -968
-105, -7, -960
-94, -13, -952
-86, -12, -966
-82, -10, -963
-90, -16, -988
-102, -15, -982
-91, -13, -989
-85, -7, -962
-99, -10, -970
-95, -17, -923
-95, -13, -940
-95, -16, -950
-105, -7, -945
-99, -15, -981
-103, -12, -989
-99, -8, -1007
-81, -12, -978
-86, -17, -985
-76, -11, -953
-99, -12, -974
-110, -17, -1004
-99, -17, -950
-107, -16, -921
-103, -9, -942
-105, -19, -939
-102, -16, -945
-97, -5, -974
-84, -14, -957
-98, -11, -961
-88, -15, -999
-95, -15, -988
-85, -8, -977
-95, -18, -969
-108, -18, -985
-101, -15, -956
-109, -18, -972
-103, -9, -947
-90, -13, -959
-101, -11, -956
-99, -14, -958
-102, -11, -935
-104, -8, -979
-93, -7, -970
-89, -16, -980
-95, -12, -964
-89, -2, -968
-81, -8, -974
-78, -13, -969
-99, -8, -973
-105, -13, -963
-104, -9, -982
-100, -14, -977
-95, -15, -974
-100, -13, -987
-97, -12, -977
-97, -15, -976
-90, -8, -988
-99, -11, -959
-99, -12, -951
-95, -16, -958
-88, -7, -961
-100, -7, -951
-100, -10, -978
-93, -19, -984
-89, -13, -970
-91, -9, -976
-92, -4, -937
-96, -8, -943
-95, -15, -971
-82, -15, -966
-97, -17, -966
-95, -9, -974
-92, -17, -985
-91, -14, -968
-101, -16, -967
-98, -17, -986
-99, -21, -961
-88, -13, -980
-84, -2, -977
-94, -4, -1009
-102, -1, -1002
-100, -5, -1016
-102, -10, -992
-96, -11, -1004
-110, -9, -975
-100, -11, -967
-87, -12, -976
-97, -13, -989
-111, -15, -1004
-129, -11, -1032
-108, -12, -1032
-115, -22, -1016
-116, -17, -1037
-116, -7, -1032
-114, -12, -1044
-122, -12, -1077
-117, -16, -1003
-124, -23, -993
-117, -16, -984
-76, -32, -927
-100, -49, -936
-88, -72, -1032
-41, -34, -732
-7, -23, -545
30, 4, -767
-147, 52, -998
-69, 84, -1063
-140, 11, -674
2, 48, -564
-30, -46, -676
-55, -98, -723
-186, -83, -1344
-177, -103, -1674
-140, -3, -1468
-161, -10, -892
-173, 9, -868
-50, 57, -500
-76, 52, -763
-62, 11, -985
-67, -49, -768
-70, -72, -696
-63, -53, -1069
-43, -22, -1351
-110, 1, -1141
-109, 7, -1119
-111, 33, -1135
-80, 22, -723
-127, 8, -831
-108, -12, -1096
-147, -21, -892
-111, -27, -814
-112, -30, -1106
-132, -8, -1055
-109, 2, -1023
-132, -4, -1128
-115, -8, -864
-88, -25, -605
-46, -16, -643
-43, -8, -805
-73, -13, -797
-69, -17, -1161
-117, -11, -1064
-90, -4, -932
-118, -9, -1051
-100, -16, -1062
-89, -21, -789
-94, -19, -972
-113, -16, -1281
-132, -19, -1127
-98, -11, -920
-87, -7, -784
-93, -4, -791
-100, -13, -825
-104, -5, -1007
-133, -23, -1088
-121, -20, -1020
-99, -10, -788
-51, -15, -630
-54, -13, -734
-69, -1, -955
-122, -11, -1144
-115, -10, -1183
-95, 0, -991
-89, 2, -859
-81, -12, -870
-100, -8, -865
-120, -16, -1007
-143, -7, -1160
-137, -6, -1077
-112, 2, -920
-87, -5, -836
-62, -5, -905
-101, -4, -1019
-109, -21, -1031
-101, -14, -941
-94, -13, -839
-83, -5, -784
-63, -15, -796
-52, -7, -896
-79, -6, -1049
-132, -8, -1109
-124, -16, -1119
-126, -13, -1033
-123, -3, -1005
-110, -2, -896
-108, -3, -890
-107, -5, -936
-112, -19, -988
-106, -12, -970
-92, -16, -964
-85, -8, -943
-95, -11, -957
-107, -16, -985
-97, -10, -965
-109, -13, -965
-101, -9, -925
-86, -8, -914
-93, -9, -941
-103, -18, -1024
-117, -6, -976
-116, -8, -927
-121, -12, -947
-107, -12, -988
-105, -7, -999
-93, -11, -1024
-95, -12, -1002
-98, -13, -985
-93, -22, -965
-96, -17, -945
-105, -13, -919
-96, -8, -960
-95, -14, -982
-113, -10, -965
-106, -6, -940
-102, -15, -955
-101, -11, -965
-94, -11, -1000
-105, -11, -1015
-106, -9, -982
-99, -11, -966
-75, -9, -932
-85, -7, -906
-85, -12, -925
-94, -18, -986
-101, -8, -984
-109, -5, -986
-100, -7, -978
-94, -6, -957
-96, -11, -981
-111, -6, -979
-97, -10, -977
-109, -7, -973
-100, -2, -988
-99, -9, -958
-86, -13, -943
-90, -16, -910
-75, -7, -918
-83, -17, -947
-104, -11, -952
-95, -11, -983
-100, -16, -1000
-95, -14, -1002
-106, -9, -969
-103, -8, -970
-102, -10, -974
-106, -13, -981
-113, -11, -988
-103, -7, -975
-96, -5, -987
-88, -5, -968
-90, -7, -946
-94, -7, -929
-94, -6, -923
-83, -6, -964
-90, -10, -973
-100, -12, -981
-94, -12, -962
-103, -13, -973
-112, -8, -982
-104, -8, -976
-105, -12, -985
-95, -14, -966
-102, -12, -994
-99, -9, -950
-109, -15, -950
-99, -8, -980
-110, -11, -966
-88, -18, -957
-102, -13, -967
-97, -11, -956
-100, -11, -972
-98, -8, -962
-104, -9, -950
-97, -14, -967
-100, -8, -983
-105, -14, -975
-103, -15, -963
-90, -15, -939
-112, -12, -929
-105, -12, -962
-99, -16, -968
-95, -12, -990
-99, -9, -999
-111, -8, -957
-113, -6, -950
-123, -6, -963
-109, -13, -946
-111, -13, -967
-96, -12, -962
-107, -11, -953
-109, -14, -980
-108, -19, -959
-102, -11, -971
-101, -15, -964
-105, -11, -939
-105, -6, -959
-102, -5, -947
-100, -4, -963
-104, -6, -978
-101, -7, -984
-104, -16, -967
-105, -10, -960
-105, -20, -969
-102, -10, -956
-113, -11, -980
-102, -15, -980
-98, -15, -966
-92, -11, -958
-101, -10, -977
-106, -3, -978
-115, -9, -978
-108, -13, -965
-93, -8, -950
-92, -4, -949
-87, -10, -957
-85, -9, -978
-100, -9, -993
-111, -10, -977
-109, -10, -965
-99, -9, -955
-90, -1, -940
-97, -3, -967
-86, -3, -972
-95, -14, -966
-101, -12, -979
-111, -11, -983
-97, -10, -955
-95, -10, -946
-97, -13, -953
-97, -12, -949
-84, -11, -974
-104, -11, -950
-99, -12, -981
-107, -9, -965
-97, -8, -964
-83, -11, -945
-89, -16, -963
-105, -14, -952
-102, -15, -968
-92, -10, -975
-90, -11, -964
-105, -11, -960
-91, -15, -949
-103, -12, -963
-99, -12, -968
-106, -13, -970
-93, -15, -974
-103, -11, -971
-102, -13, -965
-103, -11, -959
-89, -12, -950
-87, -12, -965
-96, -14, -961
-100, -14, -959
-103, -8, -940
-105, -8, -942
-93, -8, -964
-86, -7, -963
-99, -11, -978
-96, -7, -980
-96, -10, -979
-92, -10, -979
-107, -11, -961
-96, -5, -959
-94, -10, -952
-96, -6, -968
-110, -12, -970
-104, -11, -978
-102, -14, -956
-102, -13, -979
-103, -14, -951
-100, -13, -961
-99, -6, -961
-117, -9, -981
-114, -12, -962
-102, -7, -973
-107, 1, -986
-95, -7, -972
-112, -4, -959
-119, -7, -952
-117, -10, -947
-101, -12, -959
-98, -15, -977
-97, -7, -972
-98, -9, -970
-107, 0, -967
-92, -6, -968
-91, -14, -982
-107, -21, -987
-96, -10, -970
-101, -14, -960
-104, -9, -981
-91, -10, -974
-93, -13, -935
-94, -6, -942
-97, -9, -967
-119, -7, -964
-97, -12, -957
-101, -13, -972
-93, -13, -952
-88, -10, -962
-95, -14, -976
-112, -5, -958
-102, -12, -947
-101, -6, -962
-103, -10, -965
-101, -9, -968
-96, -9, -956
-105, -15, -952
-97, -11, -975
-93, -15, -962
-98, -10, -974
-104, -6, -972
-98, -8, -963
-111, -7, -976
-111, -9, -973
-105, -14, -982
-94, -10, -968
-95, -20, -956
-96, -12, -958
-110, -18, -969
-111, -15, -970
-93, -12, -993
-91, -9, -968
-88, -8, -942
-95, -4, -960
-110, -3, -964
-100, -10, -980
-94, -16, -963
-95, -15, -958
-92, -12, -978
-91, -14, -988
-86, -12, -965
-90, -7, -951
-79, -19, -968
-104, -16, -983
-91, -10, -978
-110, -9, -962
-100, -10, -955
-100, -16, -953
-104, -12, -970
-94, -16, -943
-102, -12, -957
-98, -14, -939
-111, -12, -965
-113, -8, -978
-112, -13, -972
-102, -14, -977
-96, -11, -968
-100, -15, -960
-95, -9, -976
-101, -13, -964
-92, -11, -977
-89, -6, -976
-83, -7, -964
-93, -15, -967
-95, -14, -960
-81, -13, -954
-93, -11, -954
-100, -11, -957
-98, -14, -964
-100, -13, -960
-104, -13, -961
-101, -10, -966
-106, -3, -963
-106, -1, -966
-103, -11, -959
-89, -10, -941
-93, -6, -954
-93, -6, -968
-107, -10, -979
-115, -4, -976
-88, -10, -962
-93, -10, -968
-89, -10, -957
-88, -14, -948
-103, -10, -967
-98, -7, -954
-106, -6, -987
-114, -5, -969
-106, 0, -954
-96, -9, -949
-100, -5, -939
-106, -13, -969
-99, -7, -964
-102, -4, -961
-101, -7, -957
-99, -9, -957
-89, -5, -942
-77, -11, -949
-98, -15, -970
-103, -4, -964
-94, -7, -966
-91, -15, -971
-94, -16, -977
-100, -11, -981
-96, -7, -969
-97, -13, -971
-100, -14, -948
-106, -12, -930
-88, -13, -969
-102, -10, -976
-108, -16, -953
-114, -8, -928
-110, -11, -965
-107, -13, -1012
-104, -12, -985
-90, -7, -969
-92, -5, -957
-96, -14, -974
-103, -6, -960
-106, -6, -930
-107, -9, -931
-90, -11, -956
-99, -12, -963
-107, -12, -973
-102, -15, -958
-100, -16, -983
-97, -13, -970
-103, -9, -954
-104, -10, -961
-93, -7, -971
-91, -12, -975
-87, -7, -962
-107, -13, -972
-89, -11, -953
-92, -10, -969
-96, -10, -949
-92, -12, -957
-96, -11, -977
-115, -9, -978
-107, -7, -940
-112, -9, -943
-107, -4, -971
-98, -3, -953
-94, -9, -948
-77, -6, -960
-73, -8, -989
-78, 0, -974
-63, -8, -932
-60, -17, -954
-67, -9, -959
-62, -7, -978
-88, -3, -1004
-86, -12, -992
-86, -12, -963
-83, -3, -970
-85, -11, -963
-90, -18, -934
-101, -17, -957
-112, -14, -977
-131, -21, -966
-115, -17, -961
-110, -19, -939
-100, -13, -938
-104, -9, -948
-104, -13, -969
-108, -15, -963
-105, -18, -970
-105, -11, -962
-85, -17, -961
-100, -9, -968
-96, -6, -981
-94, -4, -999
-103, -2, -985
-93, -13, -986
-92, -9, -985
-95, -7, -936
-88, -14, -940
-103, -10, -954
-96, -9, -968
-103, -5, -958
-105, -9, -981
-113, -7, -981
-99, -7, -979
-94, -13, -975
-96, -11, -997
-99, -13, -992
-115, -18, -964
-98, -13, -986
-88, -14, -952
-82, -12, -935
-77, -12, -915
-98, -27, -949
-97, -17, -967
-85, -12, -939
-91, -16, -932
-102, -17, -974
-105, -19, -989
-99, -21, -997
-104, -19, -968
-118, -14, -970
-107, -8, -963
-93, -13, -940
-93, -10, -919
-97, -14, -939
-99, -12, -991
-91, -10, -1012
-91, -10, -1032
-97, -14, -1045
-120, -16, -1021
-120, -12, -983
-112, -9, -921
-101, -14, -891
-79, -25, -868
-76, -22, -865
-71, -15, -896
-67, -9, -915
-75, -4, -948
-90, -2, -991
-88, -6, -1043
-103, -14, -1088
-110, -15, -1096
-113, -12, -1078
-112, -14, -987
-108, -15, -900
-111, -13, -908
-104, -11, -930
-82, -15, -942
-99, -10, -959
-102, -7, -962
-107, 0, -949
-108, -2, -976
-111, 3, -1012
-123, 9, -1048
-120, 4, -1009
-109, 4, -976
-92, 0, -944
-87, -2, -930
-86, 0, -930
-95, -5, -960
-90, -5, -990
-88, -19, -997
-95, -17, -985
-88, -10, -964
-95, -11, -937
-90, -8, -930
-97, -14, -929
-99, -16, -940
-98, -15, -953
-100, -13, -947
-102, -12, -951
-108, -15, -987
-97, -14, -975
-87, -10, -1010
-99, -9, -979
-107, -9, -981
-102, -10, -967
-105, -12, -939
-95, -16, -966
-99, -19, -985
-88, -17, -971
-93, -12, -987
-91, -10, -988
-98, -11, -1015
-91, -14, -997
-94, -9, -978
-81, -10, -933
-92, -17, -945
-97, -8, -929
-91, -5, -909
-96, -7, -908
-94, -8, -943
-80, 0, -984
-86, -9, -973
-114, -13, -984
-98, -8, -997
-102, -7, -993
-99, -6, -971
-108, -4, -967
-110, -10, -959
-97, -13, -949
-99, -12, -972
-99, -17, -958
-89, -9, -966
-83, -5, -962
-87, -9, -964
-84, -7, -975
-85, -17, -966
-89, -19, -957
-82, -17, -950
-100, -13, -937
-105, -12, -974
-102, -12, -985
-101, -8, -986
-96, -8, -990
-101, -17, -1002
-90, -11, -984
-111, -8, -976
-100, -13, -951
-100, -14, -941
-89, -3, -945
-96, -5, -969
-88, -9, -947
-89, -13, -949
-88, -10, -963
-91, -9, -975
-90, -13, -1001
-88, -7, -980
-98, -8, -976
-106, -13, -987
-110, -10, -973
-99, -17, -962
-102, -11, -975
-101, -6, -971
-98, -14, -960
-99, -17, -972
-97, -8, -941
-99, -10, -933
-99, -6, -952
-95, -11, -987
-83, -11, -979
-88, -10, -944
-93, -12, -967
-107, -13, -970
-105, -7, -970
-94, -10, -965
-106, -15, -948
-97, -8, -963
-93, -9, -947
-85, -10, -987
-90, -13, -980
-95, -12, -978
-100, -11, -974
-104, -14, -981
-97, -10, -963
-85, -13, -973
-106, -8, -983
-99, -10, -976
-94, -12, -965
-83, -10, -974
-101, -7, -942
-96, -10, -941
-100, -6, -954
-95, -8, -953
-95, -9, -956
-114, -11, -965
-104, -4, -946
-88, -14, -972
-86, -8, -971
-87, -12, -962
-100, -11, -966
-102, -11, -965
-97, -7, -944
-107, -7, -979
-100, -10, -962
-96, -11, -964
-97, -15, -971
-85, -10, -965
-92, -8, -972
-99, -11, -973
-91, -12, -969
-84, -11, -950
-82, -13, -968
-97, -16, -981
-100, -4, -959
-118, -5, -948
-112, -6, -950
-106, -11, -940
-114, -10, -961
-101, -7, -967
-99, -8, -975
-94, -15, -966
-95, -11, -974
-91, -1, -949
-78, -12, -938
-94, -9, -959
-95, -8, -957
-89, -3, -979
-97, -6, -965
-103, -9, -956
-90, -6, -986
-103, -15, -973
-99, -17, -967
-100, -10, -958
-97, -12, -962
-103, -13, -972
-89, -13, -967
-95, -14, -965
-89, -12, -973
-96, -14, -973
-100, -12, -956
-104, -13, -936
-97, -13, -965
-105, -2, -953
-79, -4, -950
-88, -7, -977
-80, -15, -943
-87, -11, -952
-94, -8, -974
-87, -11, -984
-116, -8, -963
-104, -10, -973
-102, -11, -958
-100, -9, -973
-95, -7, -970
-86, -17, -962
-84, -15, -940
-98, -16, -985
-96, -7, -969
-96, -14, -947
-76, -15, -959
-90, -17, -967
-105, -14, -965
-100, -14, -957
-97, -7, -969
-87, -3, -986
-78, -6, -983
-80, -7, -972
-98, -12, -950
-89, -13, -957
-94, -10, -969
-105, -18, -976
-99, -14, -960
-96, -10, -962
-93, -3, -966
-81, -8, -969
-94, -9, -971
-96, -11, -954
-91, -10, -965
-94, -6, -975
-103, -9, -960
-102, -14, -966
-97, -14, -979
-97, -11, -965
-101, -9, -959
-95, -18, -959
-93, -15, -961
-105, -13, -975
-97, -11, -988
-94, -11, -962
-80, -14, -957
-80, -8, -968
-99, -16, -977
-102, -10, -965
-83, -9, -974
-80, -7, -963
-89, -10, -966
-95, -16, -961
-87, -17, -960
-94, -11, -959
-103, -13, -954
-97, -8, -987
-101, -9, -971
-89, -9, -968
-86, -12, -950
-97, -11, -950
-109, -14, -965
-108, -13, -953
-102, -14, -973
-106, -13, -965
-106, -11, -973
-117, -17, -978
-98, -12, -954
-107, -10, -956
-103, -13, -968
-103, -8, -950
-107, -12, -960
-106, -14, -953
-93, -11, -932
-98, -9, -950
-95, -17, -970
-99, -11, -973
-97, -10, -943
-81, -10, -966
-90, -12, -967
-106, -16, -957
-99, -9, -952
-100, -9, -949
-108, -12, -955
-98, -11, -972
-104, -11, -953
-102, -9, -968
-102, -7, -978
-100, -16, -959
-97, -15, -970
-84, -13, -951
-98, -11, -956
-85, -16, -961
-95, -12, -964
-101, -13, -965
-89, -11, -959
-89, -14, -942
-91, -11, -959
-105, -16, -953
-104, -16, -970
-95, -15, -984
-104, -22, -959
-107, -6, -972
-90, -7, -967
-96, -12, -956
-94, -10, -958
-96, -10, -953
-108, -11, -964
-88, -14, -968
-94, -9, -968
-102, -9, -959
-104, -8, -951
-102, -12, -954
-100, -6, -974
-92, -11, -960
-96, -14, -951
-86, -12, -974
-93, -12, -968
-103, -8, -977
-96, -5, -978
-95, -6, -963
-89, -13, -980
-97, -6, -972
-91, -8, -953
-90, -10, -948
-89, -14, -961
-93, -9, -974
-102, -10, -973
-96, -12, -971
-102, -12, -960
-103, -7, -957
-105, -8, -971
-95, -7, -992
-102, -8, -979
-97, -9, -946
-107, -12, -953
-102, -15, -966
-96, -12, -967
-99, -17, -957
-100, -15, -1002
-101, -9, -978
-104, -15, -972
-104, -20, -965
-92, -14, -958
-92, -16, -917
-89, -6, -907
-93, -6, -938
-90, -11, -955
-84, -4, -946
-96, -15, -933
-89, -18, -955
-92, -15, -968
-105, -19, -957
-101, -13, -963
-110, -14, -947
-92, -10, -904
-82, -15, -893
-89, -13, -891
-102, -18, -904
-107, -17, -884
-90, -23, -896
-88, -21, -953
-94, -16, -998
-97, -8, -1051
-102, -8, -1087
-109, 0, -1096
-93, 8, -1090
-86, 2, -1100
-104, 2, -1102
-119, 0, -1068
-132, -2, -1045
-113, -5, -989
-115, -3, -933
-115, 1, -891
-114, -4, -903
-106, -2, -868
-82, -7, -856
-89, -9, -857
-98, -13, -879
-81, -6, -911
-75, -21, -945
-86, -18, -1005
-98, -19, -1000
-92, -13, -990
-103, -7, -990
-102, -9, -951
-101, -6, -940
-99, -7, -915
-95, -13, -915
-93, -19, -904
-89, -16, -898
-78, -11, -927
-90, -15, -950
-98, -16, -949
-97, -10, -943
-93, -6, -941
-80, -14, -965
-114, -15, -1026
-102, -8, -1005
-95, -17, -983
-104, -11, -969
-101, -11, -973
-109, -4, -1015
-108, -8, -1036
-95, -6, -1022
-105, -16, -978
-109, -5, -979
-100, -10, -961
-83, -10, -960
-98, -4, -951
-98, -4, -935
-91, -14, -930
-90, -8, -932
-108, -10, -956
-111, -9, -970
-99, -7, -992
-99, 0, -957
-108, -4, -953
-111, -12, -967
-99, -15, -933
-96, -7, -951
-97, -15, -973
-96, -15, -977
-107, -24, -986
-91, -14, -1028
-102, -7, -999
-105, -4, -999
-93, -13, -1024
-99, -6, -1019
-94, -4, -993
-88, -4, -959
-94, -7, -946
-87, -9, -957
-84, -5, -939
-95, 0, -954
-100, -8, -946
-97, -16, -952
-104, -9, -963
-108, -9, -944
-113, -2, -945
-106, -8, -922
-94, -8, -955
-97, -14, -952
-105, -11, -958
-97, -15, -960
-90, -15, -960
-93, -6, -961
-101, -12, -994
-89, -10, -963
-98, -11, -946
-99, -11, -976
-91, -18, -934
-85, -9, -942
-89, -12, -951
-99, -16, -972
-106, -9, -1006
-112, -4, -1045
-109, -5, -1034
-100, -5, -953
-90, -11, -914
-94, -11, -914
-97, -17, -968
-108, -9, -997
-91, -11, -1005
-86, -5, -950
-87, -6, -906
-95, -11, -903
-97, -8, -957
-89, -12, -1005
-73, -14, -979
-84, -12, -901
-93, -19, -899
-92, -13, -924
-99, -11, -1000
-106, -14, -1069
-110, -5, -1037
-115, -4, -992
-107, -12, -976
-117, -10, -1015
-104, -20, -1002
-112, -20, -978
-100, -19, -937
-92, -16, -895
-95, -11, -930
-83, 1, -952
-99, -5, -951
-96, -15, -952
-108, -16, -976
-117, -11, -1012
-116, -11, -1027
-103, -12, -990
-96, -15, -940
-96, -14, -920
-90, -9, -937
-102, -12, -994
-92, -16, -1027
-103, -5, -1005
-102, -10, -965
-93, -10, -908
-87, -13, -919
-88, -10, -980
-114, -6, -979
-108, -12, -986
-106, -9, -974
-98, -9, -965
-84, -9, -981
-98, -13, -957
-102, -22, -986
-96, -11, -981
-97, -10, -963
-95, -10, -954
-103, -6, -953
-114, -11, -969
-107, -20, -974
-103, -14, -976
-110, -14, -966
-89, -9, -950
-102, -8, -973
-89, -5, -975
-92, -7, -969
-95, -17, -985
-94, -13, -957
-99, -13, -939
-98, -8, -960
-93, -2, -1003
-94, -3, -990
-118, -8, -988
-101, -11, -964
-103, -17, -956
-95, -13, -949
-82, -5, -937
-91, -4, -947
-87, -12, -954
-112, -11, -979
-108, -10, -974
-101, -8, -957
-106, -5, -952
-87, -5, -950
-103, -8, -970
-95, -9, -985
-94, -14, -997
-93, -13, -956
-91, -16, -941
-96, -9, -927
-110, -14, -924
-100, -12, -960
-95, -7, -971
-102, -8, -976
-95, -10, -958
-104, -11, -942
-105, -6, -951
-109, -5, -947
-97, -9, -961
-102, -9, -964
-95, -6, -975
-115, -10, -985
-119, -5, -975
-107, -6, -955
-99, -19, -944
-100, -20, -943
-84, -15, -943
-98, -12, -955
-100, -6, -973
-102, 0, -972
-97, -1, -974
-97, -13, -968
-104, -9, -969
-110, -10, -968
-102, -15, -972
-98, -6, -958
-97, -10, -962
-94, -10, -964
-88, -13, -988
-109, -10, -990
-95, -15, -979
-104, -5, -973
-103, -3, -964
-89, -10, -941
-103, -7, -965
-107, -3, -979
-112, -4, -989
-104, -3, -1004
-107, -7, -967
-98, -10, -954
-95, -9, -939
-107, -15, -959
-113, -12, -989
-117, -15, -991
-109, -19, -972
-97, -8, -960
-107, -9, -970
-112, -10, -961
-96, -7, -984
-88, -9, -947
-89, -13, -976
-91, -9, -971
-90, -4, -970
-85, -12, -981
-104, -12, -958
-99, -11, -947
-99, -9, -954
-99, -6, -963
-101, -9, -963
-98, -9, -959
-101, -6, -963
-96, -10, -965
-91, -16, -970
-106, -7, -975
-113, -8, -980
-114, -7, -972
-107, -10, -966
-98, -11, -948
-108, -9, -968
-97, -5, -961
-97, -4, -958
-87, -10, -954
-101, -10, -957
-97, -9, -936
-98, -7, -953
-94, -7, -980
-98, -21, -976
-101, -10, -959
-95, -8, -960
-98, -5, -957
-103, -13, -984
-107, -10, -964
-113, -7, -967
-96, -18, -962
-93, -14, -960
-91, -14, -947
-101, -15, -952
-96, -12, -956
-83, -14, -977
-100, -17, -977
-109, -8, -973
-104, -18, -960
-96, -15, -946
-100, -12, -972
-94, -9, -973
-99, -7, -972
-108, -6, -966
-87, -5, -975
-99, -10, -971
-92, -14, -989
-98, -15, -966
-100, -10, -959
-103, -7, -958
-109, -3, -943
-106, -8, -963
-106, -6, -966
-104, -8, -965
-105, -8, -971
-96, -5, -967
-102, -4, -977
-104, -12, -971
-109, -11, -971
-103, -9, -951
-85, -9, -958
-89, -13, -943
-106, -10, -968
-100, -8, -949
-110, -21, -935
-98, -14, -949
-95, -9, -955
-83, -7, -933
-107, -16, -955
-101, -12, -970
-97, -8, -978
-96, -6, -964
-100, -3, -937
-106, -7, -976
-103, -15, -967
-101, -13, -969
-110, -11, -964
-105, -9, -973
-120, -18, -964
-101, -13, -971
-94, -13, -959
-111, -15, -961
-100, -11, -985
-107, -11, -981
-105, -7, -954
-106, -14, -957
-107, -15, -964
-88, -8, -948
-91, -13, -952
-91, -9, -972
-99, -7, -967
-96, -7, -962
-101, -5, -969
-92, -9, -970
-103, -15, -979
-84, -17, -940
-99, -16, -955
-98, -7, -937
-102, -8, -956
-100, -17, -939
-100, -10, -961
-91, -9, -963
-91, -11, -969
-98, -9, -954
-97, -8, -985
-96, -5, -962
-96, -1, -964
-91, -5, -963
-82, -10, -952
-95, -11, -959
-86, -1, -963
-93, -10, -970
-98, -8, -973
-92, -8, -966
-109, -4, -971
-109, -12, -965
-92, -14, -991
-97, -7, -962
-94, -12, -971
-105, -12, -978
-114, -12, -977
-112, -9, -980
-102, -9, -975
-104, -9, -970
-93, -6, -958
-85, -16, -939
-72, -17, -948
-89, -19, -954
-103, -18, -958
-112, -20, -964
-112, -15, -957
-103, -11, -963
-95, -9, -968
-96, -6, -965
-109, -23, -965
-98, -19, -966
-90, -15, -965
-88, -7, -962
-90, -7, -972
-102, -10, -974
-99, -18, -955
-89, -13, -960
-90, -11, -948
-98, -13, -964
-95, -10, -975
-92, -9, -967
-93, -10, -965
-100, -10, -980
-107, -14, -965
-99, -15, -949
-98, -13, -992
-92, -9, -974
-103, -8, -953
-111, -8, -954
-111, -14, -941
-110, -21, -950
-114, -15, -970
-101, -15, -965
-101, -12, -971
-93, -13, -957
-102, -16, -964
-115, -7, -980
-98, -10, -980
-93, -8, -974
-106, -12, -989
-103, -20, -974
-103, -9, -978
-105, -12, -958
-93, -14, -954
-106, -5, -976
-97, -10, -979
-103, -9, -974
-90, -12, -959
-83, -7, -959
-91, -11, -988
-109, -10, -1004
-104, -12, -965
-100, -13, -975
-116, -10, -969
-91, -11, -941
-113, -10, -993
-106, -9, -993
-108, -8, -973
-100, -6, -956
-98, -10, -956
-102, -12, -972
-91, -9, -973
-100, -12, -979
-103, -20, -960
-108, -9, -972
-98, -9, -974
-97, -8, -982
-99, -12, -962
-89, -15, -949
-107, -19, -960
-113, -11, -955
-96, -14, -964
-93, -13, -940
-80, -9, -964
-80, -15, -957
-87, -17, -979
-81, -16, -956
-84, -17, -959
-114, -29, -966
-116, -18, -984
-110, -22, -981
-103, -18, -960
-105, -14, -947
-108, -7, -956
-103, -6, -949
-91, 0, -948
-87, -5, -949
-80, 9, -973
-93, 9, -970
-102, 9, -988
-91, -4, -1010
-117, -7, -1017
-105, -6, -1030
-113, -7, -1049
-126, -10, -1048
-123, -13, -1027
-121, -10, -1007
-115, -11, -983
-82, -12, -966
-85, -10, -927
-67, -17, -933
-66, -5, -898
-78, -8, -907
-81, -17, -941
-95, -24, -925
-87, -18, -935
-111, -19, -962
-111, -16, -988
-116, -17, -986
-112, -16, -998
-102, -13, -1009
-112, -14, -1017
-103, -8, -1032
-89, -14, -997
-98, -13, -968
-99, -17, -970
-97, -12, -981
-92, -11, -964
-102, -6, -968
-97, -7, -971
-95, -8, -975
-108, -7, -977
-104, -4, -986
-104, -9, -1000
-104, -9, -971
-106, -7, -936
-104, -12, -921
-109, -10, -958
-112, -14, -974
-108, -14, -987
-102, -10, -967
-103, -13, -985
-88, -13, -947
-101, -17, -946
-102, -14, -983
-93, -11, -965
-96, -6, -912
-89, -13, -902
-85, -14, -929
-94, -10, -951
-93, -4, -937
-80, -14, -960
-90, -6, -1068
-152, -22, -998
-145, -15, -906
-85, -2, -1016
-74, -5, -978
-129, -19, -1010
-109, -2, -930
-81, -17, -941
-96, -10, -946
-83, -4, -872
-89, -18, -929
-82, -16, -960
-95, -12, -955
-94, -15, -944
-87, -5, -912
-110, -25, -953
-116, -7, -989
-102, -9, -933
-85, -14, -973
-89, -15, -1019
-93, -12, -957
-87, -15, -912
-88, -15, -961
-103, -10, -945
-88, -15, -927
-102, -14, -958
-111, -15, -992
-94, -21, -950
-103, -15, -944
-118, -18, -973
-103, -13, -929
-84, -8, -929
-93, -10, -950
-103, -16, -936
-104, -16, -945
-100, -10, -932
-79, -16, -883
-93, -21, -914
-107, -11, -953
-111, -16, -999
-102, -24, -992
-95, -20, -940
-91, -15, -1031
-138, -18, -1134
-110, -7, -934
-105, -2, -814
-91, -7, -816
-92, -18, -954
-107, -16, -999
-108, -11, -1021
-96, -13, -919
-94, -18, -843
-78, -16, -980
-91, -11, -1064
-116, -9, -997
-101, -10, -968
-99, -15, -979
-93, -14, -922
-107, -18, -941
-109, -11, -973
-91, -14, -960
-92, -18, -937
-107, -13, -937
-87, -9, -979
-91, -10, -947
-108, -16, -946
-103, -18, -1019
-109, -19, -985
-109, -10, -969
-112, -10, -976
-97, -11, -925
-99, -13, -919
-100, -4, -940
-86, -15, -961
-96, -20, -944
-111, -10, -943
-112, -7, -976
-103, -6, -981
-96, -14, -995
-103, -16, -1019
-102, -20, -979
-97, -8, -935
-87, -13, -941
-96, -18, -970
-105, -13, -957
-83, -6, -967
-91, -8, -935
-86, -16, -968
-92, -13, -953
-82, -13, -981
-95, -12, -993
-110, -23, -989
-101, -17, -966
-92, -19, -980
-86, -16, -959
-76, -9, -947
-81, -12, -972
-91, -11, -956
-70, -8, -931
-91, -15, -941
-112, -18, -965
-101, -13, -974
-98, -15, -989
-100, -12, -988
-109, -13, -965
-93, -14, -976
-95, -13, -989
-109, -12, -971
-106, -12, -983
-95, -10, -952
-93, -12, -946
-95, -12, -953
-90, -18, -934
-102, -19, -937
-106, -15, -966
-86, -12, -981
-104, -9, -995
-101, -8, -959
-97, -17, -962
-96, -10, -963
-98, -13, -958
-90, -16, -980
-83, -9, -979
-97, -11, -945
-99, -14, -934
-93, -22, -962
-106, -11, -978
-94, -12, -972
-100, -8, -960
-100, -14, -963
-98, -15, -959
-90, -13, -963
-102, -16, -977
-98, -13, -975
-91, -5, -962
-83, -4, -910
-94, -11, -940
-97, -19, -951
-93, -7, -967
-90, -14, -962
-97, -20, -964
-100, -6, -965
-113, -9, -974
-102, -6, -968
-106, -11, -976
-105, -12, -981
-96, -10, -969
-95, -15, -961
-114, -19, -954
-99, -20, -952
-105, -10, -961
-105, -10, -957
-108, -18, -959
-97, -20, -958
-101, -17, -970
-99, -12, -953
-81, -15, -963
-94, -13, -959
-105, -20, -960
-97, -18, -964
-90, -13, -976
-96, -11, -973
-95, -13, -978
-95, -16, -973
-84, -14, -945
-85, -15, -943
-82, -18, -967
-107, -11, -972
-102, -9, -977
-108, -8, -977
-98, -12, -951
-94, -13, -939
-95, -13, -954
-91, -13, -954
-89, -14, -961
-94, -16, -974
-88, -14, -958
-84, -22, -960
-106, -12, -959
-110, -12, -972
-97, -13, -976
-88, -9, -982
-104, -9, -974
-100, -17, -997
-85, -11, -953
-78, -11, -957
-94, -19, -967
-100, -13, -956
-96, -11, -957
-91, -15, -974
-92, -15, -970
-91, -13, -984
-94, -10, -986
-92, -15, -963
-80, -10, -969
-110, -11, -965
-95, -18, -979
-95, -16, -975
-91, -12, -953
-88, -5, -965
-90, -6, -961
-100, -7, -962
-106, -8, -957
-108, -5, -945
-109, -5, -947
-103, -10, -965
-94, -9, -966
-88, -14, -971
-96, -12, -979
-88, -7, -975
-87, -12, -970
-96, -15, -974
-96, -11, -968
-89, -11, -961
-92, -7, -951
-105, -16, -969
-93, -15, -984
-94, -14, -971
-92, -7, -961
-75, -15, -983
-86, -18, -990
-82, -13, -966
-86, -12, -954
-89, -12, -963
-102, -16, -969
-98, -17, -967
-94, -8, -967
-108, -8, -938
-108, -13, -948
-94, -16, -959
-99, -15, -959
-86, -14, -974
-90, -16, -985
-85, -15, -949
-78, -23, -946
-99, -12, -958
-108, -11, -953
-106, -6, -977
-89, -11, -971
-96, -10, -958
-93, -7, -968
-95, -9, -985
-117, -7, -964
-105, -11, -953
-103, -5, -979
-103, -11, -963
-98, -17, -960
-94, -10, -953
-83, -13, -956
-92, -15, -963
-109, -17, -978
-103, -18, -962
-94, -17, -991
-94, -20, -955
-77, -12, -953
-98, -18, -951
-94, -14, -956
-96, -7, -973
-101, -6, -956
-97, -9, -951
-95, -12, -971
-87, -19, -960
-95, -18, -937
-107, -21, -949
-107, -17, -969
-106, -9, -962
-100, -8, -973
-97, -8, -968
-93, -3, -959
-102, -19, -968
-101, -15, -973
-92, -15, -974
-96, -12, -977
-101, -8, -956
-88, -15, -951
-96, -17, -974
-93, -11, -970
-99, -11, -952
-99, -11, -972
-117, -16, -969
-102, -16, -970
-99, -10, -960
-105, -9, -978
-98, -9, -964
-92, -8, -946
-94, -12, -954
-103, -17, -965
-97, -11, -959
-94, -11, -950
-99, -8, -950
-102, -15, -978
-112, -10, -957
-101, -13, -971
-103, -12, -972
-91, -15, -959
-103, -10, -975
-99, -6, -952
-99, -13, -944
-104, -12, -940
-95, -9, -980
-102, -5, -962
-106, -11, -965
-88, -13, -947
-101, -9, -977
-101, -12, -974
-99, -17, -961
-90, -18, -971
-93, -11, -950
-85, -6, -959
-101, -16, -991
-77, -8, -984
-103, -11, -953
-92, -16, -970
-83, -18, -964
-97, -16, -962
-94, -13, -953
-95, -10, -956
-90, -17, -967
-89, -16, -969
-91, -9, -958
-84, -12, -953
-87, -16, -961
-102, -8, -964
-102, -7, -972
-90, -5, -977
-102, -19, -966
-87, -15, -980
-95, -13, -978
-104, -15, -971
-97, -11, -959
-94, -11, -960
-86, -6, -962
-86, -13, -943
-103, -8, -939
-100, -9, -967
-95, -6, -986
-92, -8, -952
-98, -8, -949
-103, -19, -956
-106, -18, -974
-105, -14, -980
-96, -14, -955
-92, -11, -954
-81, -15, -949
-100, -24, -963
-95, -16, -966
-100, -17, -957
-100, -10, -924
-95, -13, -942
-89, -8, -943
-105, -4, -959
-108, -16, -968
-97, -13, -983
-89, -12, -960
-75, -7, -955
-83, -7, -971
-98, -17, -977
-91, -13, -991
-79, -16, -964
-84, -14, -967
-102, -16, -954
-96, -18, -950
-83, -15, -974
-86, -14, -967
-87, -17, -987
-107, -17, -1001
-106, -14, -966
-100, -13, -971
-91, -13, -977
-107, -11, -988
-109, -3, -961
-103, 8, -947
-78, 5, -943
-95, 0, -950
-88, -6, -961
-101, -12, -974
-108, -17, -993
-104, -27, -957
-131, -21, -910
-114, -19, -901
-106, 2, -970
-88, 8, -983
-101, -2, -971
-94, -15, -968
-93, -26, -978
-99, -24, -932
-95, -25, -939
-101, -3, -937
-88, -12, -996
-94, -8, -1022
-95, -17, -983
-95, -14, -936
-85, -6, -960
-102, -9, -1021
-106, -8, -963
-105, -26, -932
-93, -18, -938
-93, -12, -977
-78, -1, -973
-84, -11, -988
-93, -18, -995
-93, -21, -967
-88, -12, -899
-100, -18, -945
-101, -13, -993
-106, -6, -1002
-97, -3, -972
-104, -11, -958
-103, -9, -953
-97, -10, -931
-96, -12, -982
-109, -9, -1006
-106, -7, -982
-108, -5, -972
-108, -8, -942
-108, -5, -939
-108, -8, -999
-107, -11, -1012
-98, -4, -953
-101, -13, -926
-86, -11, -934
-106, -8, -960
-103, -21, -978
-97, -26, -958
-97, -22, -966
-92, -18, -950
-91, -13, -943
-92, -12, -963
-101, -15, -955
-96, -13, -989
-94, -21, -978
-91, -16, -949
-92, -9, -933
-108, -13, -969
-98, -15, -974
-90, -13, -983
-87, -2, -964
-106, -15, -967
-96, -12, -973
-105, -15, -979
-103, -9, -985
-99, -8, -993
-114, -3, -988
-103, -7, -965
-112, -6, -949
-116, -4, -933
-115, -8, -954
-111, -12, -981
-110, -7, -983
-101, -8, -955
-95, -12, -943
-109, -13, -962
-99, -15, -982
-93, -17, -1001
-103, -18, -983
-97, -16, -970
-100, -13, -950
-95, -5, -961
-94, -6, -964
-83, -11, -991
-91, -8, -968
-100, -9, -950
-93, -12, -951
-91, -18, -968
-87, -17, -971
-96, -18, -961
-94, -19, -948
-103, -21, -944
-110, -14, -956
-92, -15, -948
-95, -16, -967
-90, -17, -960
-91, -12, -966
-105, -24, -961
-107, -14, -970
-104, -18, -974
-95, -18, -982
-105, -15, -961
-108, -13, -967
-98, -10, -971
-93, -12, -966
-93, -19, -975
-92, -22, -967
-99, -10, -956
-115, 0, -952
-104, -2, -948
-92, -7, -958
-96, -12, -1021
-83, -19, -1000
-82, -18, -927
-99, -13, -926
-78, -11, -957
-92, -7, -951
-102, -15, -956
-97, -18, -981
-108, -13, -962
-103, -1, -957
-96, -3, -968
-111, -10, -946
-104, -6, -981
-92, -10, -1010
-102, -7, -1027
-98, -14, -965
-90, -13, -915
-87, -18, -961
-98, -13, -970
-90, -7, -950
-97, -7, -957
-89, -9, -957
-76, 2, -941
-101, -8, -950
-96, -17, -964
-93, -22, -984
-100, -13, -998
-98, -12, -1002
-109, -9, -1009
-108, -9, -969
-112, -13, -963
-100, -12, -975
-91, -14, -975
-110, -9, -960
-103, -14, -939
-90, -12, -937
-91, -10, -943
-84, -16, -947
-97, -13, -951
-120, -16, -954
-97, -12, -975
-95, -7, -985
-89, -8, -981
-92, -8, -977
-104, -10, -956
-89, -16, -950
-84, -10, -947
-108, -4, -952
-106, -12, -946
-93, -15, -975
-94, -10, -989
-97, -6, -985
-103, -14, -977
-102, -16, -971
-103, -15, -957
-110, -9, -952
-108, -8, -966
-106, -11, -935
-90, -8, -939
-90, -7, -942
-83, -15, -952
-92, -11, -974
-92, -10, -964
-88, -7, -993
-91, -13, -985
-96, -12, -958
-84, -9, -958
-79, -13, -924
-92, -11, -967
-91, -17, -958
-91, -14, -948
-95, -10, -941
-99, -16, -960
-97, -8, -972
-100, -7, -954
-103, -12, -954
-104, -7, -978
-112, -4, -977
-108, -2, -993
-96, -4, -989
-94, -2, -938
-106, -14, -960
-102, -14, -966
-93, -20, -977
-92, -19, -974
-81, -13, -960
-89, -7, -966
-91, -8, -950
-80, -10, -968
-85, -2, -973
-90, -12, -969
-95, -12, -980
-94, -13, -977
-85, -7, -962
-89, -10, -970
-106, -13, -964
-102, -12, -961
-93, -7, -964
-88, -12, -970
-113, -14, -967
-105, -15, -962
-112, -9, -968
-112, -7, -987
-101, -12, -972
-103, -8, -977
-89, -6, -965
-97, -4, -955
-93, -10, -962
-99, -19, -966
-112, -15, -976
-102, -13, -949
-99, -5, -971
-88, -6, -941
-78, -15, -961
-84, -9, -962
-94, -6, -968
-89, -8, -985
-116, -6, -978
-98, -11, -959
-104, -8, -966
-89, -15, -957
-99, -16, -982
-86, -4, -966
-104, -6, -940
-113, -4, -952
-94, -10, -963
-100, -18, -977
-115, -12, -971
-97, -11, -954
-89, -12, -960
-104, -17, -969
-93, -11, -979
-91, -8, -981
-88, -10, -987
-95, -10, -984
-117, -9, -971
-100, -6, -967
-98, -10, -973
-100, -6, -931
-98, -10, -956
-92, -13, -964
-84, -9, -955
-90, -9, -957
-93, -8, -996
-114, -9, -986
-109, -14, -967
-94, -13, -962
-105, -8, -950
-94, -9, -969
-90, -13, -975
-104, -7, -971
-91, -5, -948
-88, -7, -949
-91, -18, -959
-95, -16, -948
-111, -12, -952
-88, -15, -975
-93, -13, -963
-107, -16, -975
-108, -14, -980
-97, -8, -968
-93, -10, -956
-101, -6, -956
-113, -11, -955
-99, -11, -959
-91, -14, -975
-88, -14, -981
-91, -11, -957
-82, -9, -957
-88, -12, -944
-103, -15, -958
-98, -22, -960
-109, -13, -954
-85, -14, -939
-84, -10, -942
-92, -8, -963
-109, -18, -969
-103, -15, -973
-98, -11, -980
-96, -12, -981
-97, -9, -955
-97, -4, -968
-91, -6, -955
-85, -8, -951
-102, -11, -973
-102, -5, -960
-97, -7, -964
-104, -8, -959
-96, -8, -961
-103, -12, -973
-98, -17, -957
-106, -15, -968
-103, -12, -981
-108, -19, -978
-88, -15, -976
-106, -13, -978
-96, -9, -956
-99, -13, -963
-96, -12, -956
-88, -16, -975
-93, -17, -972
-104, -17, -980
-88, -10, -955
-101, -14, -941
-98, -9, -956
-100, -11, -947
-104, -11, -973
-97, -13, -971
-91, -17, -978
-102, -10, -976
-92, -15, -957
-99, -13, -994
-96, -15, -965
-95, -12, -958
-89, -12, -973
-103, -11, -962
-99, -7, -966
-98, -18, -969
-95, -13, -968
-79, -9, -942
-107, -13, -943
-107, -18, -964
-95, -13, -971
-102, -14, -966
-89, -17, -961
-95, -12, -962
-96, -8, -960
-112, -12, -971
-105, -16, -976
-87, -16, -968
-90, -14, -980
-91, -10, -980
-100, -11, -974
-93, -10, -955
-96, -9, -961
-82, -12, -939
-102, -14, -948
-112, -18, -979
-109, -10, -967
-101, -15, -942
-105, -8, -963
-102, -8, -974
-92, -12, -975
-103, -9, -970
-107, -10, -969
-93, -13, -959
-82, -3, -967
-95, -16, -999
-94, -12, -979
-97, -19, -951
-88, -14, -958
-101, -12, -962
-102, -14, -968
-106, -9, -958
-99, -11, -974
-108, -12, -985
-103, -8, -986
-97, -18, -969
-102, -16, -948
-101, -14, -942
-99, -11, -948
-103, -7, -961
-101, -13, -970
-99, -11, -973
-97, -10, -925
-87, -14, -933
-98, -18, -986
-101, -11, -1011
-102, -23, -947
-102, -14, -936
-91, -13, -953
-90, -15, -926
-84, -10, -968
-103, -11, -993
-100, -10, -969
-92, -11, -967
-85, -10, -969
-95, -13, -968
-110, -14, -971
-107, -14, -997
-104, -12, -970
-107, -11, -947
-89, -17, -946
-103, -11, -993
-94, -14, -983
-115, -9, -996
-97, -10, -984
-98, -5, -936
-101, -10, -951
-104, -3, -991
-90, -13, -988
-110, -16, -972
-96, -13, -968
-97, -8, -958
-98, -10, -928
-99, -19, -947
-107, -12, -950
-108, -20, -943
-96, -12, -953
-99, -11, -959
-97, -13, -961
-99, -17, -960
-97, -15, -969
-93, -7, -972
-94, -12, -961
-112, -17, -978
-104, -8, -964
-99, -8, -965
-93, -15, -953
-110, -10, -976
-108, -8, -936
-107, -17, -962
-100, -7, -963
-106, -10, -953
-106, -13, -945
-96, -16, -998
-95, -16, -984
-105, -9, -990
-92, -10, -949
-84, -10, -945
-90, -9, -958
-97, -14, -949
-99, -8, -963
-80, -10, -977
-89, -12, -938
-106, -20, -966
-102, -13, -932
-98, -9, -976
-103, -12, -972
-107, -8, -998
-100, -9, -942
-94, -6, -980
-91, -15, -989
-105, -6, -976
-98, -4, -961
-102, -14, -956
-98, -13, -955
-98, -12, -958
-93, -14, -964
-93, -9, -981
-97, -10, -957
-100, -13, -944
-87, -7, -969
-98, -16, -968
-102, -10, -984
-92, -5, -951
-109, -10, -986
-106, -13, -947
-80, -11, -941
-101, -12, -957
-114, -9, -977
-95, -12, -972
-97, -20, -976
-91, -8, -966
-81, -10, -941
-90, -12, -958
-102, -15, -969
-109, -12, -969
-99, -11, -950
-104, -17, -986
-96, -13, -968
-96, -9, -950
-95, -6, -943
-90, -17, -987
-95, -10, -970
-92, -8, -946
-98, -17, -976
-99, -16, -987
-98, -8, -954
-86, -3, -961
-109, -4, -1000
-99, -5, -954
-88, -1, -963
-93, -5, -980
-107, -11, -974
-103, -2, -945
-103, 5, -960
-99, 11, -959
-102, 5, -951
-109, 8, -960
-108, 14, -988
-102, 9, -973
-90, 9, -960
-94, 5, -982
-109, 1, -967
-98, -4, -978
-85, -3, -957
-75, -4, -956
-79, -11, -959
-86, -11, -962
-87, -3, -976
-81, -11, -975
-89, -23, -961
-86, -17, -966
-91, -21, -969
-93, -28, -995
-94, -32, -978
-77, -35, -958
-88, -33, -961
-109, -43, -960
-107, -36, -975
-103, -33, -964
-96, -19, -980
-92, -11, -986
-96, -9, -954
-92, -11, -966
-98, -13, -976
-92, -14, -966
-88, -13, -911
-96, -10, -911
-105, -16, -967
-93, -11, -967
-92, -18, -985
-97, -16, -994
-104, -12, -968
-102, -9, -968
-88, -5, -963
-93, -8, -972
-116, -9, -979
-108, -3, -976
-97, 3, -941
-93, 9, -915
-86, 9, -937
-102, 6, -930
-91, 4, -949
-76, 17, -985
-88, 8, -984
-102, 8, -994
-92, 5, -1002
-98, 4, -992
-92, 2, -1000
-95, 5, -983
-92, 8, -973
-90, 9, -957
-104, 5, -955
-109, 2, -973
-99, -2, -955
-99, -4, -982
-97, 5, -939
-106, 0, -960
-94, -4, -976
-98, -10, -988
-108, -10, -1009
-98, -1, -1006
-107, -3, -992
-106, -2, -974
-95, -4, -942
-93, -10, -948
-92, -12, -979
-92, -11, -964
-107, -14, -967
-93, -12, -936
-89, -18, -930
-86, -23, -956
-84, -23, -955
-104, -25, -955
-96, -20, -964
-90, -22, -986
-96, -20, -960
-92, -23, -961
-91, -23, -980
-106, -26, -952
-91, -23, -975
-102, -27, -936
-96, -33, -964
-106, -37, -962
-97, -34, -952
-91, -38, -963
-93, -45, -961
-88, -51, -961
-92, -51, -970
-106, -51, -971
-99, -50, -960
-109, -48, -943
-95, -58, -942
-89, -54, -947
-99, -49, -989
-105, -34, -987
-97, -8, -962
-98, 1, -966
-89, -1, -965
-107, 5, -972
-98, -1, -971
-105, -13, -968
-95, -17, -960
-104, -15, -960
-103, -19, -948
-102, -11, -956
-94, -10, -962
-92, -6, -981
-94, -9, -969
-107, -8, -937
-81, -18, -918
-81, -17, -927
-93, -23, -943
-112, -17, -969
-107, -8, -997
-101, -9, -991
-95, -4, -979
-93, -6, -954
-100, -8, -947
-94, -9, -963
-99, -13, -969
-100, -10, -977
-98, -12, -989
-109, -8, -977
-95, -12, -967
-104, -13, -957
-89, -11, -955
-91, -14, -955
-80, -9, -970
-90, -15, -945
-96, -17, -971
-101, -14, -956
-91, -12, -975
-94, -12, -975
-100, -11, -980
-102, -12, -950
-101, -9, -956
-94, -13, -981
-100, -16, -973
-94, -13, -963
-78, -9, -959
-94, -11, -958
-109, -11, -975
-101, -10, -964
-102, -8, -962
-95, -10, -958
-106, -16, -943
-116, -10, -937
-98, -10, -962
-96, -13, -964
-96, -2, -967
-88, -8, -962
-83, -14, -966
-94, -20, -970
-90, -13, -992
-94, -14, -974
-96, -13, -976
-96, -18, -964
-98, -12, -941
-102, -15, -955
-100, -16, -950
-104, -8, -960
-101, -6, -973
-85, -12, -962
-88, -19, -936
-89, -21, -962
-99, -18, -958
-107, -16, -950
-102, -13, -944
-96, -12, -949
-94, -7, -946
-98, -19, -964
-88, -11, -982
-87, -6, -969
-98, -9, -966
-95, -9, -978
-109, -7, -976
-105, -7, -969
-100, -8, -962
-97, -8, -943
-104, -7, -961
-105, -10, -949
-100, -12, -967
-96, -12, -979
-87, -20, -979
-81, -16, -954
-87, -12, -955
-76, -14, -964
-94, -19, -964
-103, -10, -943
-107, -8, -964
-109, -8, -965
-95, -9, -973
-85, -13, -983
-91, -11, -976
-105, -13, -957
-104, -11, -956
-92, -15, -965
-93, -13, -933
-89, -11, -961
-100, -17, -972
-111, -7, -966
-101, -16, -964
-80, -11, -961
-96, -15, -961
-101, -11, -950
-98, -10, -973
-106, -4, -958
-90, -12, -977
-110, -7, -977
-105, -7, -978
-101, -11, -966
-102, -11, -954
-96, -16, -960
-105, -15, -965
-102, -9, -942
-84, -7, -957
-95, -12, -956
-100, -16, -973
-93, -8, -972
-91, -11, -949
-83, -4, -948
-72, -16, -976
-90, -12, -989
-88, -12, -964
-92, -9, -957
-91, -8, -955
-89, -6, -971
-79, -4, -959
-103, -15, -961
-100, -12, -967
-100, -7, -972
-98, -13, -972
-102, -13, -975
-88, -12, -956
-93, -12, -958
-93, -9, -960
-87, -15, -955
-90, -15, -966
-103, -13, -960
-89, -12, -953
-95, -12, -950
-90, -10, -983
-81, -10, -979
-94, -11, -979
-90, -8, -964
-93, -14, -963
-93, -13, -970
-94, -10, -970
-98, -12, -962
-95, -12, -953
-83, -13, -974
-85, -14, -978
-101, -14, -958
-100, -9, -955
-98, -5, -974
-97, -7, -963
-83, -18, -956
-113, -21, -955
-99, -13, -959
-90, -7, -984
-95, -8, -956
-94, -17, -986
-86, -9, -975
-101, -9, -962
-91, -11, -970
-109, -16, -969
-104, -7, -974
-104, -6, -956
-104, -7, -969
-108, -3, -990
-107, -2, -975
-97, -6, -981
-93, -13, -951
-86, -17, -958
-89, -17, -964
-97, -15, -955
-106, -11, -934
-107, -11, -947
-86, -14, -934
-100, -13, -951
-89, -13, -954
-101, -16, -971
-99, -12, -959
-98, -14, -966
-97, -12, -981
-94, -10, -945
-99, -10, -963
-98, -15, -966
-90, -13, -965
-86, -9, -967
-87, -15, -968
-105, -17, -976
-96, -15, -970
-90, -11, -963
-87, -13, -958
-95, -12, -965
-101, -20, -969
-106, -15, -952
-115, -9, -965
-103, -17, -966
-106, -15, -987
-85, -11, -960
-95, -14, -979
-97, -11, -958
-87, -11, -967
-82, -15, -989
-88, -14, -966
-100, -16, -963
-96, -13, -956
-108, -12, -951
-96, -14, -961
-87, -14, -971
-103, -8, -977
-94, -7, -969
-88, -9, -972
-95, -12, -967
-96, -11, -977
-105, -17, -964
-92, -12, -970
-99, -15, -956
-77, -14, -958
-92, -13, -939
-102, -16, -955
-97, -13, -972
-94, -8, -973
-79, -8, -949
-100, -11, -946
-100, -13, -956
-94, -15, -973
-98, -16, -970
-86, -15, -958
-92, -11, -948
-86, -11, -976
-98, -8, -972
-94, -14, -937
-90, -13, -951
-100, -12, -973
-100, -10, -956
-102, -12, -964
-95, -11, -973
-95, -10, -983
-109, -11, -947
-100, -7, -963
-93, -7, -979
-97, -7, -968
-90, -19, -990
-91, -9, -971
-88, -9, -955
-94, -11, -965
-96, -17, -959
-95, -9, -943
-79, -12, -956
-91, -13, -965
-111, -6, -967
-100, -9, -957
-88, -17, -941
-86, -18, -940
-96, -13, -979
-89, -9, -972
-99, -7, -964
-102, -9, -983
-94, -2, -987
-106, 3, -973
-99, 2, -966
-94, -1, -968
-103, -2, -963
-97, -11, -977
-100, -15, -959
-93, -20, -951
-109, -14, -944
-108, -18, -955
-92, -14, -973
-109, -7, -976
-91, -18, -953
-89, -16, -957
-112, -4, -952
-108, -14, -979
-103, -6, -988
-96, -15, -968
-89, -16, -955
-89, -16, -950
-97, -11, -970
-92, -11, -971
-101, -9, -959
-91, -7, -970
-87, -5, -970
-93, -11, -953
-85, -10, -974
-102, -10, -973
-101, -22, -965
-103, -15, -943
-89, -16, -968
-92, -14, -932
-99, -21, -957
-103, -28, -963
-99, -20, -966
-95, -21, -957
-95, -23, -970
-82, -25, -968
-104, -15, -946
-96, -11, -953
-95, -15, -950
-89, -11, -937
-81, -8, -974
-88, -12, -975
-99, -9, -935
-92, -10, -971
-102, -14, -981
-111, -11, -961
-83, -15, -928
-108, -17, -954
-113, -21, -977
-118, -14, -970
-96, -21, -944
-103, -24, -967
-91, -20, -953
-86, -13, -988
-93, -13, -977
-99, -13, -986
-102, -7, -996
-102, -6, -980
-113, -7, -957
-87, -12, -955
-92, -13, -974
-104, -11, -966
-92, -5, -948
-100, -8, -948
-91, 2, -950
-76, 4, -962
-70, -7, -976
-75, -2, -962
-67, -16, -972
-81, -13, -960
-85, -12, -951
-88, -22, -975
-96, -22, -996
-120, -21, -976
-106, -20, -961
-99, -22, -960
-107, -14, -956
-100, -11, -967
-85, -15, -949
-81, -20, -935
-82, -13, -947
-85, -18, -949
-85, -7, -959
-84, -16, -972
-93, -14, -989
-92, -13, -979
-94, -7, -971
-99, -7, -974
-105, -13, -1007
-98, -10, -980
-111, -4, -984
-100, -13, -959
-99, -6, -932
-95, -7, -945
-86, -11, -977
-81, -12, -973
-96, -15, -959
-88, -11, -974
-95, -13, -977
-88, -15, -984
-92, -14, -975
-90, -14, -939
-90, -17, -959
-89, -15, -974
-105, -16, -947
-101, -11, -946
-97, -14, -952
-99, -16, -962
-97, -14, -982
-102, -12, -979
-107, -12, -972
-84, -15, -977
-89, -17, -1008
-103, -21, -974
-102, -8, -959
-104, -8, -954
-87, -10, -935
-86, -4, -946
-89, -5, -953
-95, -5, -961
-77, -6, -961
-88, -14, -961
-99, -9, -977
-95, -7, -965
-89, -11, -977
-102, -13, -981
-97, -17, -969
-100, -19, -970
-92, -16, -971
-80, -13, -943
-98, -17, -963
-105, -16, -950
-105, -14, -959
-98, -15, -975
-91, -13, -960
-95, -12, -958
-88, -10, -946
-99, -10, -986
-106, 37, -994
-90, 19, -976
-118, 6, -957
-97, -19, -949
-88, -20, -962
-97, -26, -972
-82, -13, -944
-84, -16, -941
-103, -16, -946
-101, -10, -987
-103, -8, -994
-108, -9, -1007
-111, -17, -1002
-106, -10, -924
-98, -23, -937
-106, -18, -964
-106, -15, -1001
-101, -10, -1009
-101, -14, -978
-83, -15, -959
-93, -17, -932
-98, -13, -945
-103, -25, -970
-97, -12, -971
-96, -9, -975
-98, -14, -944
-82, -11, -916
-89, -9, -953
-95, -8, -1008
-101, -16, -989
-97, -14, -968
-83, -6, -973
-106, -8, -977
-99, -14, -962
-94, -16, -975
-90, -16, -1009
-109, -10, -986
-104, -8, -976
-98, -7, -954
-102, -1, -978
-100, -5, -965
-107, -5, -958
-109, -7, -972
-106, -10, -992
-98, -16, -952
-87, -13, -986
-93, -13, -949
-99, -5, -948
-81, -15, -955
-101, -10, -975
-89, -12, -958
-91, -1, -972
-104, -4, -967
-95, -10, -982
-96, -16, -971
-95, -12, -955
-97, -3, -935
-99, -3, -942
-105, -7, -967
-102, -6, -979
-101, -12, -974
-92, -16, -955
-85, -18, -966
-96, -10, -928
-107, -7, -956
-110, -4, -978
-114, -6, -997
-106, -10, -999
-97, -13, -968
-92, -20, -962
-91, -11, -948
-84, -12, -978
-97, -11, -989
-101, -13, -958
-82, -13, -953
-82, -10, -947
-94, -5, -971
-98, -9, -970
-103, -10, -945
-95, -10, -951
-87, -6, -974
-111, -12, -986
-107, -8, -970
-101, -13, -980
-101, -8, -956
-99, -11, -940
-111, -13, -952
-100, -12, -957
-91, -12, -944
-93, -13, -955
-88, -9, -967
-95, -11, -971
-87, -12, -963
-102, -10, -979
-101, -10, -988
-96, -12, -981
-95, -11, -961
-98, -15, -955
-103, -13, -982
-97, -15, -967
-99, -10, -962
-83, -11, -945
-97, -15, -957
-98, -18, -952
-91, -18, -957
-92, -12, -931
-102, -14, -967
-103, -15, -977
-102, -14, -974
-97, -19, -953
-91, -18, -956
-87, -11, -978
-105, -9, -952
-106, -18, -952
-94, -15, -958
-90, -10, -962
-98, -17, -946
-101, -6, -965
-103, -7, -973
-98, -16, -987
-96, -12, -978
-85, -12, -978
-87, -10, -944
-94, -15, -950
-88, -14, -966
-92, -13, -959
-95, -13, -963
-98, -8, -969
-103, -9, -968
-101, -15, -968
-97, -14, -960
-87, -9, -982
-103, -7, -979
-96, -7, -960
-102, -10, -972
-100, -17, -954
-92, -8, -953
-98, -6, -973
-93, -5, -974
-89, -8, -958
-77, -11, -981
-96, -12, -951
-94, -12, -944
-93, -11, -962
-93, -9, -970
-101, -16, -971
-98, -11, -967
-96, -10, -964
-100, -10, -942
-96, -2, -958
-96, -13, -973
-91, -20, -967
-114, -19, -965
-107, -11, -942
-96, -8, -961
-89, -9, -953
-99, -15, -977
-98, -12, -953
-81, -9, -951
-78, -10, -953
-94, -11, -978
-96, -13, -963
-82, -6, -968
-90, -12, -964
-108, -11, -964
-104, -10, -945
-105, -11, -980
-104, -12, -970
-103, -13, -972
-99, -11, -965
-102, -11, -971
-104, -17, -965
-112, -14, -980
-107, -8, -968
-86, -16, -962
-99, -11, -981
-104, -4, -971
-112, -9, -969
-99, -5, -955
-101, -9, -950
-101, -13, -964
-99, -14, -971
-96, -15, -969
-92, -8, -973
-116, -9, -972
-103, -15, -998
-87, -16, -961
-77, -17, -959
-96, -20, -968
-105, -12, -956
-100, -13, -950
-96, -7, -957
-92, -6, -927
-105, -8, -963
-107, -4, -970
-109, -6, -969
-89, -9, -977
-99, -8, -971
-108, -6, -962
-100, -8, -972
-99, -11, -986
-102, -19, -967
-98, -12, -975
-96, -12, -964
-90, -6, -982
-95, -12, -972
-87, -13, -977
-102, -15, -980
-93, -9, -970
-86, -5, -961
-94, -8, -971
-98, -6, -977
-107, -9, -966
-99, -15, -951
-99, -17, -938
-110, -10, -959
-107, -16, -952
-94, -9, -960
-89, -10, -945
-93, -13, -953
-99, -13, -954
-96, -13, -964
-97, -11, -962
-85, -5, -980
-93, -11, -959
-97, -12, -962
-88, -13, -968
-79, -14, -956
-98, -14, -959
-102, -16, -958
-103, -13, -959
-103, -6, -967
-88, -14, -953
-98, -13, -970
-86, -11, -961
-90, -14, -947
-93, -16, -970
-101, -19, -989
-105, -11, -965
-100, -4, -967
-91, -13, -973
-92, -17, -975
-109, -12, -980
-94, -8, -965
-98, -13, -963
-101, -18, -960
-106, -8, -962
-86, -7, -963
-91, -12, -963
-109, -13, -953
-85, -8, -944
-87, -11, -967
-94, -20, -950
-106, -14, -964
-101, -12, -976
-97, -8, -968
-100, -19, -962
-98, -14, -968
-98, -13, -935
-88, -15, -949
-100, -11, -977
-96, -15, -964
-102, -11, -977
-99, -8, -958
-99, -19, -950
-94, -10, -956
-98, -9, -963
-92, -15, -995
-102, -8, -980
-93, -9, -969
-85, -6, -958
-77, -8, -975
-90, -10, -978
-94, -14, -969
-105, -10, -963
-82, -12, -977
-101, -8, -970
-97, -11, -970
-95, -14, -994
-95, -17, -978
-89, -18, -962
-82, -11, -964
-102, -9, -946
-99, -11, -962
-99, -9, -961
-76, -14, -954
-87, -14, -962
-103, -14, -957
-102, -12, -975
-100, -17, -980
-95, -10, -975
-104, -18, -981
-102, -17, -967
-107, -8, -963
-94, -14, -963
-93, -5, -961
-95, -5, -957
-94, -10, -973
-116, -10, -966
-97, -7, -944
-101, -5, -961
-84, -10, -974
-84, -7, -975
-92, -14, -975
-109, -13, -957
-95, -6, -965
-96, -12, -947
-87, -13, -960
