-30, -118, -959
-22, -120, -968
-24, -116, -980
-14, -122, -951
-18, -119, -946
-21, -120, -972
-13, -118, -953
-10, -122, -961
-22, -116, -942
-18, -119, -952
-16, -113, -971
-27, -115, -957
-38, -116, -967
-24, -119, -969
-24, -111, -977
-16, -119, -953
-15, -119, -950
-13, -121, -964
-30, -122, -959
-21, -119, -969
-16, -124, -968
-23, -115, -966
-14, -117, -965
-13, -118, -968
-17, -125, -975
-18, -123, -965
-32, -118, -975
-18, -124, -951
-25, -119, -961
-15, -121, -967
-19, -115, -963
-31, -119, -980
-22, -125, -965
-16, -115, -967
-11, -122, -955
-20, -118, -960
-20, -120, -983
-10, -126, -988
-26, -113, -977
-15, -123, -952
-22, -125, -984
-18, -117, -954
-23, -118, -971
-34, -116, -978
-20, -119, -965
-21, -113, -980
-16, -119, -948
-15, -119, -947
-24, -114, -970
-19, -116, -962
-25, -114, -966
-16, -118, -969
-15, -121, -953
-17, -113, -971
-22, -122, -952
-20, -117, -970
-23, -123, -961
-21, -108, -966
-17, -116, -962
-16, -120, -971
-25, -115, -954
-32, -120, -966
-27, -115, -961
-40, -113, -977
-10, -121, -963
-30, -115, -965
-22, -118, -962
-18, -115, -957
-23, -120, -983
-19, -116, -968
-28, -116, -960
-10, -117, -957
-16, -115, -960
-26, -121, -955
-9, -120, -962
-12, -112, -947
-24, -117, -965
-21, -120, -995
-21, -126, -981
-23, -116, -958
-23, -121, -957
-24, -118, -966
-23, -119, -973
-21, -122, -960
-19, -114, -973
-14, -127, -961
-13, -122, -969
-7, -122, -964
-9, -124, -975
-21, -118, -957
-18, -116, -988
-18, -117, -969
-13, -120, -951
-29, -123, -974
-23, -122, -955
-30, -121, -956
-23, -121, -973
-15, -122, -960
-15, -124, -968
-21, -118, -985
-19, -122, -963
-15, -121, -974
-13, -117, -963
-19, -118, -967
-20, -120, -953
-26, -112, -987
-18, -115, -949
-26, -119, -982
-26, -126, -986
-18, -115, -974
-13, -115, -985
-18, -120, -949
-18, -118, -977
-22, -117, -976
-25, -117, -952
-22, -118, -967
-15, -121, -962
-25, -116, -973
-14, -117, -954
-17, -119, -992
-8, -123, -964
-4, -127, -967
-18, -130, -953
-11, -123, -984
-20, -111, -993
-21, -122, -975
-24, -114, -946
-25, -123, -960
-10, -118, -953
-5, -120, -971
-16, -114, -965
-30, -119, -963
-29, -118, -969
-28, -117, -979
-11, -117, -947
-15, -118, -959
-21, -115, -952
-22, -116, -975
-24, -115, -984
-24, -115, -974
-32, -115, -972
-30, -116, -961
-20, -123, -956
-20, -121, -965
-21, -118, -967
-4, -117, -961
-20, -113, -962
-29, -121, -970
-31, -119, -986
-11, -121, -949
-14, -115, -968
-20, -119, -946
-24, -113, -970
-18, -115, -976
-19, -122, -978
-27, -115, -972
-18, -114, -974
-6, -122, -969
-10, -119, -985
-29, -113, -965
-18, -122, -961
-17, -117, -980
-20, -128, -951
-24, -116, -965
-24, -123, -965
-26, -112, -958
-19, -113, -968
-14, -121, -959
-17, -113, -966
-25, -116, -965
-23, -122, -970
-39, -117, -980
-15, -114, -964
-23, -116, -955
-19, -119, -965
-16, -119, -958
-23, -121, -989
-16, -124, -978
-29, -117, -981
-17, -119, -978
-17, -123, -963
-18, -115, -973
-10, -114, -983
-18, -125, -968
-23, -119, -964
-26, -119, -970
-17, -125, -976
-19, -113, -974
-24, -121, -958
-14, -117, -971
-11, -123, -973
-28, -122, -955
-16, -121, -958
-11, -117, -973
-15, -111, -965
-19, -115, -959
-25, -117, -956
-20, -117, -947
-33, -124, -976
-25, -116, -961
-13, -120, -958
-18, -120, -969
-18, -126, -945
-27, -119, -969
-22, -115, -974
-17, -124, -949
-19, -114, -973
-15, -116, -960
-26, -113, -959
-29, -114, -982
-28, -117, -986
-30, -118, -964
-24, -118, -965
-28, -118, -965
-21, -128, -966
-15, -121, -977
-15, -125, -984
-17, -118, -973
-16, -116, -979
-14, -118, -974
-20, -119, -976
-11, -113, -969
-22, -117, -978
-19, -120, -981
-11, -119, -976
-18, -116, -949
-22, -116, -977
-19, -114, -967
-28, -117, -965
-7, -118, -967
-17, -117, -961
-16, -123, -960
-22, -112, -967
-14, -114, -959
-19, -116, -953
-20, -111, -976
-16, -121, -956
-31, -120, -951
-18, -130, -945
-21, -118, -956
-25, -119, -969
-25, -116, -960
-23, -116, -950
-10, -126, -957
-23, -121, -961
-20, -120, -965
-19, -119, -960
-35, -115, -966
-18, -122, -968
-19, -115, -970
-23, -118, -965
-10, -119, -969
-22, -118, -988
-11, -120, -961
-33, -116, -961
-10, -119, -953
-16, -121, -961
-21, -119, -964
-4, -122, -971
-19, -120, -954
-27, -116, -954
-18, -110, -969
-25, -117, -978
-25, -117, -995
-25, -122, -969
-22, -120, -957
-31, -120, -971
-19, -116, -968
-26, -115, -969
-17, -113, -966
-30, -112, -944
-9, -113, -965
-16, -119, -971
-12, -118, -970
-26, -113, -964
-24, -113, -969
-23, -116, -961
-33, -111, -970
-10, -122, -954
-26, -120, -976
-18, -128, -945
-22, -120, -975
-24, -119, -967
-18, -122, -961
-23, -115, -962
-21, -119, -967
-21, -122, -968
-19, -120, -952
-12, -121, -969
-4, -126, -976
-24, -120, -1009
-15, -114, -974
-22, -114, -970
-26, -116, -961
-19, -122, -984
-26, -117, -984
-22, -116, -990
-18, -116, -975
-22, -118, -969
-10, -117, -963
-13, -120, -971
-19, -121, -967
-23, -121, -969
-22, -119, -967
-16, -118, -946
-14, -120, -962
-17, -124, -974
-27, -118, -961
-16, -113, -971
-25, -116, -954
-14, -119, -961
-27, -113, -970
-22, -114, -953
-24, -115, -973
-20, -119, -950
-29, -122, -978
-19, -120, -943
-25, -117, -954
-5, -123, -968
-13, -120, -970
-23, -117, -963
-20, -116, -981
-23, -125, -961
-28, -116, -973
-23, -115, -969
-24, -120, -966
-14, -117, -963
-12, -124, -961
-35, -117, -985
-22, -114, -961
-23, -107, -974
-15, -114, -952
-14, -119, -959
-29, -121, -957
-28, -124, -981
-28, -124, -952
-20, -120, -971
-20, -118, -959
-21, -117, -971
-17, -114, -952
-16, -101, -980
-54, -100, -946
-57, -113, -970
-45, -132, -1017
-16, -119, -1030
-19, -101, -898
8, -113, -854
-6, -109, -870
-16, -135, -969
-15, -133, -1022
-10, -135, -1019
-4, -129, -999
-16, -124, -979
-27, -122, -1021
-31, -127, -1005
-24, -129, -1012
-24, -109, -978
-21, -96, -873
-19, -112, -886
-19, -113, -951
-15, -119, -992
-25, -114, -943
-31, -115, -918
-23, -129, -974
-30, -127, -1056
-38, -126, -1019
-27, -125, -969
-21, -129, -897
-17, -115, -907
-6, -112, -932
-9, -119, -994
-11, -121, -973
-20, -116, -939
-12, -118, -958
-11, -117, -974
-13, -117, -963
-17, -123, -1009
-27, -124, -990
-8, -113, -947
-18, -109, -963
-21, -115, -974
-6, -119, -927
-21, -116, -945
-28, -110, -949
-21, -121, -969
-24, -124, -945
-21, -123, -949
-28, -123, -969
-35, -117, -999
-8, -127, -993
-17, -119, -932
-36, -117, -930
-33, -106, -936
-10, -116, -941
-21, -116, -972
-17, -119, -980
-15, -111, -972
-25, -114, -947
-28, -119, -963
-20, -126, -998
-22, -126, -994
-23, -119, -983
-10, -117, -950
-32, -123, -958
-35, -122, -982
-28, -125, -988
-27, -124, -956
-35, -116, -940
-23, -116, -953
-24, -128, -970
-24, -120, -978
-19, -118, -988
-25, -118, -951
-27, -115, -969
-13, -119, -967
-29, -118, -980
-23, -117, -938
-30, -121, -956
-39, -103, -965
-31, -135, -960
-11, -109, -918
-13, -125, -907
-27, -118, -946
-9, -123, -1009
-17, -129, -978
-22, -128, -994
-15, -122, -975
-16, -121, -954
-21, -120, -965
-15, -111, -978
-2, -118, -954
-16, -123, -965
-27, -118, -966
-5, -122, -954
-9, -122, -942
-12, -125, -958
-15, -120, -968
-13, -122, -986
-16, -124, -989
-22, -118, -975
-20, -114, -961
-24, -113, -958
-9, -117, -953
-26, -121, -971
-27, -121, -974
-30, -129, -973
-34, -117, -964
-37, -115, -966
-23, -116, -962
-20, -113, -993
-17, -116, -960
-25, -121, -957
-28, -112, -959
-23, -113, -958
-16, -123, -950
-31, -119, -974
-17, -121, -962
-12, -121, -949
-33, -121, -948
-14, -119, -933
-18, -117, -975
-6, -126, -993
2, -120, -985
-25, -131, -970
-28, -129, -1002
-18, -113, -988
-20, -109, -957
-26, -103, -975
-39, -104, -1037
-9, -123, -1001
-6, -119, -1008
-17, -128, -995
-27, -130, -1002
-25, -131, -938
-16, -124, -929
-6, -128, -899
-9, -134, -911
-1, -132, -917
-10, -128, -955
-6, -129, -937
-15, -140, -979
-10, -129, -978
-11, -115, -949
-18, -113, -927
-30, -114, -993
-21, -121, -986
-29, -106, -999
-8, -91, -989
-35, -94, -998
-24, -96, -1005
-29, -99, -974
-31, -97, -980
-40, -108, -946
-32, -104, -959
-4, -112, -924
-6, -112, -894
-3, -120, -937
-5, -137, -966
-10, -143, -939
-10, -132, -934
-4, -139, -921
-12, -133, -932
-10, -131, -954
-23, -122, -979
-22, -120, -990
-41, -128, -1005
-30, -118, -1025
-45, -118, -1020
-44, -102, -1018
-48, -112, -1044
-25, -104, -989
-28, -99, -981
-38, -99, -967
-25, -103, -988
-28, -99, -966
-23, -101, -929
-28, -106, -926
-11, -113, -940
-20, -126, -961
-23, -135, -972
-6, -136, -932
-3, -141, -919
-5, -129, -929
-4, -134, -934
-7, -122, -943
-16, -116, -931
-10, -114, -955
-16, -103, -982
-33, -103, -990
-29, -106, -998
-23, -116, -996
-22, -121, -988
-22, -123, -1000
-10, -123, -1013
-13, -130, -997
2, -121, -977
-28, -121, -988
-23, -127, -955
-10, -119, -959
-26, -122, -946
-26, -122, -933
-31, -120, -925
-16, -124, -926
-14, -118, -946
-15, -115, -959
-9, -115, -969
-14, -114, -950
-28, -118, -948
-28, -110, -961
-25, -108, -973
-12, -105, -958
-40, -113, -981
-19, -118, -1004
-10, -108, -992
-23, -111, -959
-23, -117, -957
-29, -118, -967
-9, -126, -974
-11, -118, -958
-30, -119, -959
-22, -117, -982
-25, -130, -938
-20, -117, -957
-19, -119, -930
-20, -119, -927
-26, -113, -957
-19, -120, -969
-16, -115, -1008
-29, -122, -1011
-24, -116, -977
-33, -115, -986
-14, -116, -980
-27, -122, -973
-20, -117, -955
-16, -115, -948
-14, -113, -942
-24, -111, -963
-25, -118, -971
-19, -117, -960
-16, -127, -958
-22, -118, -973
-26, -119, -948
-21, -115, -950
-14, -118, -952
-24, -117, -958
-18, -114, -955
-25, -117, -946
-17, -111, -967
-11, -118, -977
-28, -116, -987
-27, -129, -982
-9, -121, -996
-18, -120, -988
-13, -121, -974
-24, -118, -966
-27, -119, -973
-2, -122, -976
-23, -115, -969
-28, -117, -956
-17, -119, -954
-30, -124, -973
-20, -118, -965
-17, -114, -960
-17, -112, -981
-13, -121, -976
-28, -114, -967
-12, -122, -957
-17, -117, -959
-23, -123, -958
-5, -123, -956
-25, -115, -936
-25, -116, -954
-19, -113, -952
-9, -122, -944
-8, -117, -925
-29, -124, -933
-14, -126, -964
-13, -121, -957
-16, -113, -953
-17, -118, -974
-22, -118, -957
-21, -115, -967
-12, -125, -966
-26, -119, -973
-31, -114, -978
-35, -117, -980
-41, -111, -987
-19, -111, -937
-28, -115, -962
-29, -111, -989
-15, -123, -939
-21, -116, -965
-11, -115, -970
-20, -117, -963
-27, -112, -962
-15, -120, -968
-10, -114, -965
-20, -121, -963
-17, -124, -958
-23, -125, -962
-31, -117, -960
-11, -117, -942
-25, -122, -961
-18, -114, -964
-27, -116, -985
-19, -116, -977
-21, -116, -970
-15, -121, -979
-26, -117, -968
-21, -116, -975
-22, -120, -966
-17, -113, -951
-17, -118, -952
-21, -120, -966
-19, -117, -961
-5, -119, -957
-26, -124, -975
-29, -121, -979
-14, -118, -959
-16, -119, -984
-25, -107, -957
-16, -114, -972
-19, -118, -971
-28, -122, -970
-22, -115, -975
-28, -120, -982
-14, -121, -971
-29, -121, -981
-16, -115, -966
-35, -111, -981
-19, -112, -979
-11, -109, -981
-13, -120, -938
-18, -115, -966
-21, -117, -944
-31, -122, -961
-32, -122, -971
-31, -121, -964
-25, -122, -947
-16, -117, -967
-7, -123, -977
-14, -117, -999
-13, -114, -981
-28, -118, -976
-23, -118, -987
-22, -123, -964
-17, -115, -981
-12, -121, -958
-19, -122, -962
-17, -124, -969
-16, -121, -976
-31, -117, -980
-11, -118, -954
-23, -121, -983
-20, -112, -967
-4, -118, -949
-22, -110, -958
-24, -113, -978
-12, -111, -975
-20, -116, -949
-29, -115, -953
-19, -117, -957
-13, -120, -960
-14, -123, -978
-28, -116, -974
-16, -115, -961
-32, -115, -953
-7, -121, -954
-28, -119, -961
-23, -114, -962
-13, -116, -956
-17, -108, -959
-25, -114, -981
-28, -109, -944
-19, -118, -958
-10, -116, -974
-13, -117, -961
-16, -118, -966
-20, -118, -985
-17, -115, -960
-33, -119, -959
-22, -121, -960
-25, -116, -968
-22, -121, -985
-20, -115, -977
-16, -124, -986
-20, -117, -976
-18, -113, -975
-16, -111, -967
-18, -117, -969
-20, -115, -959
-21, -118, -955
-36, -116, -971
-19, -123, -949
-30, -120, -963
-26, -119, -962
-8, -113, -959
-21, -117, -962
-12, -122, -967
-24, -119, -951
-27, -120, -965
-19, -121, -978
-30, -122, -962
-30, -116, -969
-16, -117, -959
-21, -112, -953
-22, -114, -979
-34, -116, -963
-29, -117, -963
-23, -109, -964
-7, -114, -964
-8, -120, -950
-3, -126, -969
-12, -124, -977
-16, -123, -957
-24, -119, -977
-22, -120, -962
-25, -115, -980
-25, -118, -981
-20, -122, -972
-12, -118, -967
-20, -113, -963
-7, -120, -992
-7, -122, -972
-16, -116, -986
-10, -119, -960
-1, -116, -962
-25, -120, -962
-12, -118, -938
-9, -110, -966
-9, -113, -975
-10, -116, -968
-9, -122, -963
-14, -115, -956
-13, -115, -958
-14, -116, -975
-6, -120, -961
-34, -117, -950
-39, -117, -964
-22, -119, -1002
-26, -120, -992
-34, -117, -974
-24, -130, -963
-23, -116, -964
-14, -114, -979
-14, -118, -950
-17, -120, -979
-18, -120, -965
-23, -123, -959
-26, -118, -969
-24, -122, -963
-16, -113, -975
-21, -117, -969
-19, -122, -943
-23, -119, -983
-24, -91, -953
-38, -76, -957
-52, -105, -1026
-57, -131, -1188
-35, -147, -1211
-22, -86, -809
-17, -88, -584
-10, -86, -646
9, -73, -756
1, -65, -666
-6, -112, -1043
-28, -188, -1273
-36, -158, -1054
-16, -139, -1029
-28, -156, -1112
-8, -147, -1077
-6, -156, -1081
-4, -119, -1050
20, -131, -839
4, -152, -949
-1, -184, -1265
-4, -122, -1034
3, -63, -726
-12, -105, -934
-44, -152, -1169
-22, -128, -1045
-11, -89, -950
-3, -82, -813
-25, -97, -780
-26, -103, -848
-35, -115, -982
-31, -103, -845
-22, -109, -849
-24, -128, -908
-18, -129, -861
-3, -115, -971
-8, -135, -1045
-13, -135, -989
-25, -117, -919
-7, -121, -1021
-6, -134, -1100
-5, -146, -1132
-23, -139, -1065
-20, -125, -996
-11, -110, -1039
-23, -122, -1048
-20, -108, -898
-24, -80, -763
-5, -85, -762
-15, -123, -934
-35, -131, -1079
-7, -139, -1107
-8, -124, -993
-8, -124, -872
7, -119, -884
9, -122, -913
2, -115, -933
-6, -138, -970
-9, -136, -948
-2, -120, -878
-4, -112, -812
-7, -113, -940
-23, -128, -1049
-27, -133, -1096
-32, -122, -1090
-26, -115, -1059
-47, -127, -1083
-35, -106, -1039
-39, -94, -912
-25, -91, -861
-17, -110, -931
-19, -125, -999
-23, -130, -966
-19, -118, -939
-16, -119, -938
-12, -125, -921
2, -139, -965
0, -131, -921
-16, -140, -947
-2, -145, -924
-7, -139, -922
3, -131, -933
-1, -136, -998
-8, -142, -1060
-16, -148, -1049
-14, -124, -965
-25, -113, -968
-12, -111, -977
-25, -108, -1003
-17, -102, -1011
-26, -110, -992
-37, -109, -982
-21, -108, -999
-27, -111, -944
-39, -105, -948
-28, -103, -933
-26, -122, -952
-25, -125, -981
-21, -129, -935
-19, -123, -924
5, -127, -895
16, -139, -917
0, -146, -989
9, -145, -1000
14, -151, -997
8, -148, -973
9, -155, -941
24, -154, -929
28, -148, -931
8, -152, -955
17, -156, -962
37, -200, -927
98, -205, -1008
132, -192, -1072
128, -166, -1014
87, -131, -973
89, -196, -986
67, -242, -1059
65, -220, -1079
65, -165, -833
83, -126, -762
87, -121, -876
78, -130, -1003
74, -132, -1010
59, -147, -1033
68, -140, -923
41, -123, -876
39, -118, -903
32, -119, -1001
26, -103, -1027
23, -111, -993
-10, -105, -1002
-18, -70, -929
-24, -79, -932
-37, -88, -1064
-41, -108, -1114
-75, -89, -1009
-77, -68, -938
-91, -63, -930
-96, -77, -949
-98, -64, -956
-112, -62, -930
-116, -57, -953
-118, -54, -961
-117, -67, -928
-119, -66, -942
-143, -70, -1001
-153, -78, -983
-148, -81, -957
-146, -84, -960
-164, -76, -994
-166, -66, -1020
-194, -56, -1021
-189, -52, -1023
-196, -63, -905
-179, -85, -971
-128, -98, -985
-90, -130, -957
-56, -133, -918
9, -139, -971
21, -143, -1031
12, -145, -985
18, -127, -955
8, -120, -948
7, -110, -957
-3, -117, -988
-12, -114, -931
-25, -116, -903
-29, -112, -851
-48, -121, -892
-36, -138, -1060
-27, -120, -1116
-24, -128, -1151
-19, -126, -1021
-19, -119, -947
-14, -119, -895
2, -119, -901
-11, -127, -878
-1, -123, -888
-17, -121, -896
-24, -116, -913
-23, -117, -1018
-7, -138, -1038
-23, -130, -1037
-11, -123, -972
-3, -113, -984
1, -113, -970
4, -118, -996
-7, -120, -1015
-14, -115, -986
-8, -119, -1003
-6, -130, -1009
-27, -126, -989
-28, -118, -1006
-22, -114, -961
-25, -116, -901
-16, -108, -900
-10, -109, -908
-17, -112, -964
-3, -120, -950
-19, -127, -975
-35, -125, -1003
-18, -119, -989
-26, -119, -989
-26, -121, -966
-30, -121, -984
-26, -109, -954
-21, -111, -927
-16, -106, -923
-14, -119, -905
-37, -116, -956
-25, -124, -936
-24, -125, -984
-27, -123, -988
-28, -122, -972
-18, -114, -972
-30, -120, -963
-22, -117, -971
-15, -115, -967
-20, -120, -956
-34, -111, -939
-21, -117, -955
-23, -123, -976
-20, -121, -968
-1, -118, -980
-16, -123, -968
-13, -129, -975
-10, -125, -969
-3, -123, -965
-3, -118, -967
-2, -118, -960
-3, -123, -968
-5, -120, -978
-12, -121, -983
-11, -118, -955
-15, -117, -948
-14, -120, -976
-22, -117, -961
-26, -119, -975
-18, -122, -986
-26, -124, -976
-31, -120, -1010
-14, -119, -972
-26, -123, -981
-8, -125, -994
-12, -126, -966
-14, -118, -982
-21, -123, -980
-15, -126, -962
-26, -116, -956
-16, -115, -951
-5, -125, -945
-23, -123, -960
-15, -116, -948
-18, -116, -949
-18, -121, -953
-16, -117, -964
-22, -118, -962
-26, -115, -974
-25, -125, -951
-12, -118, -957
-5, -118, -931
-13, -120, -938
-25, -113, -934
-13, -111, -969
-15, -117, -943
-6, -114, -928
-21, -112, -952
-28, -107, -966
-21, -113, -945
-13, -117, -954
-18, -109, -973
-26, -120, -968
-17, -117, -974
-20, -117, -977
-17, -121, -990
-21, -121, -975
-12, -119, -976
-11, -120, -971
-21, -121, -959
-11, -116, -961
-15, -119, -959
-14, -117, -978
-18, -121, -983
-17, -128, -988
-8, -124, -988
-2, -125, -964
-2, -127, -988
-2, -122, -989
-4, -123, -984
-4, -127, -984
0, -122, -966
-3, -115, -949
6, -118, -969
-7, -122, -968
-3, -126, -969
-4, -129, -953
-9, -128, -959
4, -125, -978
-5, -122, -973
-17, -123, -964
-23, -122, -945
-9, -120, -968
-19, -115, -982
-18, -116, -970
-22, -123, -965
-29, -121, -968
-24, -126, -968
-18, -118, -962
-18, -118, -957
-12, -125, -982
-12, -122, -965
-3, -124, -970
-34, -122, -949
-30, -118, -967
-11, -119, -975
-29, -123, -965
-11, -116, -979
-23, -112, -958
-5, -113, -958
-12, -115, -974
-14, -114, -950
-10, -114, -936
-31, -113, -961
-28, -116, -947
-24, -118, -978
-26, -121, -946
-31, -115, -974
-11, -116, -968
-23, -108, -959
-29, -122, -972
-28, -124, -972
-24, -119, -961
-23, -122, -980
-22, -125, -978
-4, -119, -961
-5, -120, -966
-2, -127, -960
-8, -126, -958
-6, -122, -984
-9, -123, -996
-6, -123, -966
-11, -125, -979
-11, -120, -960
-24, -115, -986
-13, -123, -969
-8, -115, -960
-21, -119, -950
-21, -116, -974
-11, -127, -957
-6, -121, -969
-17, -113, -983
-17, -113, -952
-12, -119, -963
-14, -120, -940
-16, -115, -960
-17, -122, -956
-8, -118, -975
-24, -123, -985
-5, -122, -987
-27, -118, -995
-32, -118, -958
-25, -119, -972
-21, -118, -970
-20, -122, -971
-22, -121, -960
-19, -122, -976
-22, -120, -945
-19, -118, -961
-20, -118, -969
-26, -124, -968
-22, -120, -960
-27, -123, -940
-18, -118, -954
-22, -116, -957
-5, -114, -979
-20, -116, -958
-36, -119, -978
-27, -120, -959
-15, -121, -969
-11, -113, -964
-24, -120, -962
-20, -116, -975
-26, -116, -964
-23, -119, -960
-15, -113, -962
-29, -118, -985
-30, -113, -972
-14, -124, -962
-17, -120, -966
-12, -125, -978
-14, -124, -970
-12, -121, -977
-11, -119, -942
-15, -113, -973
-18, -115, -970
-20, -118, -981
-20, -120, -1009
-8, -127, -981
-24, -120, -975
-34, -118, -979
-28, -117, -968
-25, -118, -978
-4, -118, -970
-13, -116, -955
-21, -124, -955
-22, -134, -963
-21, -118, -963
-24, -119, -971
-28, -119, -957
-21, -122, -978
-31, -118, -978
-31, -117, -986
-30, -127, -946
-31, -113, -973
-25, -114, -951
-24, -113, -940
-16, -117, -950
-5, -124, -936
-20, -119, -940
-24, -116, -958
-20, -116, -965
-13, -118, -959
-35, -119, -965
-30, -121, -979
-21, -114, -971
-6, -118, -953
-14, -121, -970
-9, -120, -949
-17, -116, -955
-25, -118, -960
-32, -119, -983
-21, -124, -971
-18, -119, -988
-17, -121, -970
-13, -119, -967
-19, -120, -956
-31, 177, 214
172, 138, 1240
5, -74, -1327
-37, -196, -1523
-68, -44, -358
-25, -97, -1253
-11, -32, -540
-33, 80, 805
-7, -70, -704
-24, -241, -1706
-105, -209, -1676
1, -54, -381
-10, -114, -582
-36, -101, -854
16, -87, -1082
19, -137, -1202
-23, -286, -1796
-78, -280, -1159
-21, -155, -467
59, -127, -803
71, -178, -1301
31, -156, -889
-5, -139, -841
-18, -211, -1289
-7, -156, -1283
2, -74, -730
36, -72, -563
-7, -100, -978
9, -75, -921
-8, -82, -645
-9, -121, -912
-20, -116, -926
7, -63, -634
18, -72, -578
14, -126, -953
-20, -117, -1044
-19, -99, -865
-23, -100, -787
-29, -106, -965
-27, -88, -893
-5, -79, -815
-4, -104, -842
-12, -124, -937
-31, -118, -888
-19, -121, -1091
-34, -120, -1184
-16, -114, -1096
-7, -118, -955
-7, -140, -1101
-10, -142, -1215
-11, -124, -1130
-18, -94, -898
4, -108, -839
5, -119, -919
2, -126, -1076
-13, -139, -1132
-20, -132, -1169
-18, -116, -944
-25, -100, -954
-2, -119, -985
-8, -133, -1036
-22, -121, -1052
-18, -120, -994
-13, -97, -943
-7, -114, -1030
-22, -114, -1032
-11, -114, -1050
-15, -123, -993
-14, -120, -1073
-13, -117, -1095
-11, -93, -928
-1, -116, -950
6, -122, -974
-18, -114, -970
-13, -116, -1028
-7, -103, -1021
-9, -120, -1038
-25, -105, -988
-20, -110, -1006
-30, -110, -1036
-20, -116, -1066
-17, -104, -995
-17, -101, -976
-6, -98, -1020
-3, -104, -1002
6, -113, -1081
-16, -112, -1082
-12, -110, -1019
-19, -103, -1021
-12, -98, -990
-11, -111, -1024
-8, -114, -1036
4, -117, -1046
-1, -121, -1062
-9, -127, -1067
-4, -115, -1041
3, -112, -1055
2, -113, -1056
1, -111, -1037
6, -113, -1023
8, -107, -1014
0, -113, -972
13, -115, -974
8, -109, -947
0, -102, -975
6, -109, -1008
-7, -97, -986
22, -98, -954
16, -115, -907
14, -122, -906
2, -111, -900
-9, -98, -896
-12, -92, -943
-5, -93, -961
-23, -91, -975
-18, -91, -927
-3, -110, -913
-4, -111, -920
-7, -102, -967
-5, -101, -963
-6, -88, -994
-9, -96, -1010
-10, -94, -947
-16, -97, -931
-15, -106, -986
-19, -114, -988
-10, -106, -1003
-12, -104, -988
-10, -92, -1010
-13, -102, -1036
-29, -104, -1041
-15, -106, -1006
-13, -105, -989
-5, -103, -1030
9, -111, -1012
2, -105, -1016
-9, -104, -1000
6, -104, -988
-11, -101, -949
-19, -109, -1018
-19, -102, -969
-4, -104, -941
-24, -97, -983
-23, -94, -1011
-10, -99, -990
-7, -101, -1025
-16, -96, -956
-11, -102, -986
-14, -109, -984
-14, -113, -1033
-6, -104, -999
-17, -95, -981
-19, -99, -999
-4, -107, -1025
-2, -115, -1009
12, -108, -984
3, -112, -1004
-5, -116, -1018
-11, -107, -1011
15, -106, -920
-3, -98, -953
-8, -100, -895
-11, -102, -1009
-11, -122, -1060
-5, -106, -1025
-1, -106, -966
-3, -113, -1037
6, -108, -1032
-9, -99, -1030
-16, -105, -953
-5, -102, -974
-8, -102, -963
-10, -98, -1009
-12, -112, -1029
-6, -107, -1007
-22, -105, -990
-5, -109, -1021
0, -112, -996
-16, -114, -975
0, -103, -918
-10, -102, -942
-8, -108, -966
-15, -103, -1006
-17, -99, -1004
-24, -108, -961
-16, -103, -957
-9, -98, -1017
-18, -102, -1025
-3, -100, -1010
-8, -105, -967
-3, -105, -959
-1, -102, -954
-19, -109, -978
-15, -108, -991
-17, -106, -960
-13, -104, -932
-6, -105, -969
-14, -102, -965
-12, -101, -969
-6, -103, -935
-15, -98, -938
-3, -101, -938
4, -109, -935
-6, -108, -939
-4, -107, -930
0, -94, -936
-13, -102, -946
-7, -107, -961
-16, -105, -947
-12, -90, -953
-3, -96, -934
9, -98, -961
-13, -101, -976
-10, -102, -971
-10, -104, -962
-9, -97, -950
-10, -96, -944
-9, -99, -930
-7, -96, -970
4, -105, -958
-15, -103, -953
-20, -100, -964
-8, -100, -945
8, -107, -983
1, -107, -974
-8, -102, -974
-12, -103, -975
-15, -96, -981
-21, -95, -951
-16, -108, -956
-9, -104, -949
-19, -102, -950
-14, -101, -953
-10, -102, -947
-8, -104, -947
-5, -96, -958
-26, -101, -964
-12, -102, -951
-8, -106, -925
-16, -98, -939
-12, -100, -933
-2, -99, -928
-17, -93, -943
-19, -92, -935
-17, -96, -951
-18, -101, -961
-11, -106, -952
-18, -102, -942
-13, -102, -954
1, -97, -940
-16, -100, -956
-11, -108, -958
-18, -87, -942
-3, -92, -908
-14, -98, -931
-16, -113, -959
-7, -103, -938
-3, -96, -949
-14, -102, -961
6, -109, -968
5, -108, -935
-16, -100, -938
-18, -103, -939
-17, -108, -934
-9, -104, -951
11, -101, -942
-6, -102, -951
-9, -99, -977
-2, -98, -966
-4, -105, -958
6, -107, -983
4, -105, -987
1, -108, -957
-9, -108, -947
-11, -110, -954
-23, -100, -942
-30, -94, -944
-12, -101, -973
-13, -102, -950
-5, -97, -944
-6, -99, -949
-12, -95, -970
-18, -97, -946
-32, -98, -960
-25, -98, -947
-17, -104, -978
-16, -105, -954
-21, -104, -953
-19, -107, -977
-9, -105, -947
-9, -107, -963
-15, -105, -967
-8, -106, -979
1, -104, -974
-6, -112, -981
-9, -106, -963
-10, -110, -970
0, -116, -995
-10, -105, -963
-4, -98, -972
-7, -107, -968
-14, -107, -971
-15, -107, -959
-17, -105, -968
-11, -106, -987
-12, -109, -981
-8, -105, -986
-18, -103, -992
-17, -100, -966
-10, -105, -956
-21, -107, -987
-18, -106, -983
-22, -107, -990
-21, -111, -971
-10, -103, -978
-9, -99, -976
-10, -103, -965
-15, -104, -977
-22, -106, -968
-7, -106, -984
-10, -101, -973
-23, -102, -976
-12, -93, -976
-17, -104, -966
-29, -98, -987
-20, -110, -961
-31, -94, -981
-31, -102, -951
-15, -99, -956
-24, -101, -967
-19, -107, -970
-25, -102, -981
-11, -104, -990
-20, -114, -961
-14, -97, -966
-15, -106, -968
-8, -102, -967
-8, -101, -973
-15, -102, -976
-9, -102, -960
-18, -106, -963
-12, -110, -946
-14, -108, -984
-17, -103, -950
-28, -100, -966
-27, -109, -971
-12, -99, -942
-21, -96, -964
-24, -94, -961
-22, -98, -962
-16, -97, -960
-23, -103, -954
-30, -98, -954
-20, -97, -958
-12, -99, -949
-23, -96, -964
-22, -101, -962
-13, -104, -945
-21, -104, -944
-17, -99, -956
0, -100, -962
-27, -99, -957
-7, -108, -961
-5, -97, -957
-22, -94, -961
-15, -97, -955
-14, -96, -959
-20, -96, -978
-20, -94, -955
-2, -106, -955
-16, -104, -953
-21, -106, -948
-21, -102, -960
-14, -95, -974
-18, -100, -949
-28, -99, -961
-20, -106, -965
-23, -103, -958
-5, -108, -988
-13, -107, -975
-12, -104, -969
-12, -109, -983
-15, -108, -974
-8, -106, -984
-21, -102, -978
-16, -102, -973
-2, -111, -959
-17, -112, -948
-17, -115, -989
-26, -104, -981
-14, -112, -974
-15, -102, -987
-6, -113, -981
-1, -116, -965
-6, -115, -999
-21, -101, -984
-7, -108, -1006
-5, -108, -987
-14, -106, -990
-19, -109, -989
-15, -113, -997
-24, -108, -980
-16, -105, -985
-19, -109, -971
-23, -100, -993
-30, -98, -1010
-11, -110, -991
-22, -103, -987
-11, -103, -995
-24, -109, -971
-28, -105, -978
-19, -108, -994
-20, -101, -994
-28, -106, -981
-30, -103, -966
-34, -104, -993
-19, -109, -989
-10, -104, -965
-14, -102, -983
-20, -106, -977
-17, -107, -972
-20, -101, -967
-6, -98, -975
-21, -98, -941
-23, -99, -947
-12, -106, -957
-16, -103, -971
-22, -103, -957
-24, -98, -971
-24, -103, -971
-26, -101, -947
-14, -99, -961
-26, -97, -948
-28, -99, -942
-12, -100, -951
-24, -97, -963
-22, -105, -981
-11, -110, -941
-22, -96, -947
-27, -106, -957
-21, -99, -959
1, -101, -955
-45, -103, -849
-38, -117, -1415
-124, -123, -1529
-89, -95, -1255
-45, -37, -1198
-71, -54, -744
-51, -31, -737
-89, -89, -1474
-116, -139, -1729
-103, -74, -1261
-5, -83, -807
-133, -182, -681
-62, -36, -193
74, -83, -1003
15, -269, -1170
-67, -245, -1063
-84, -78, -1063
48, -108, -290
74, -23, -8
141, -82, -1250
102, -108, -1422
139, -154, -786
219, -30, -365
142, -174, -531
60, -159, -130
13, -214, -1008
-1, -310, -1779
-141, -344, -1346
-60, -67, -227
-12, -21, 33
70, 27, -568
22, -90, -1185
12, -168, -1802
-87, -184, -1602
-66, -102, -1073
0, -103, -971
-31, -166, -1004
-23, -173, -1096
-11, -142, -1038
36, -79, -7
45, -9, 111
76, -4, -235
64, -12, -799
36, -27, -821
-19, -55, -783
-58, -108, -1441
-93, -111, -1327
-71, -95, -934
-69, -104, -1251
-49, -197, -1212
-66, -195, -990
-32, -218, -1466
21, -194, -1449
29, -134, -818
29, -102, -453
29, -104, -609
1, -100, -790
-11, -113, -1101
-10, -90, -1256
-27, -55, -729
-17, -19, -489
-21, -44, -954
-30, -88, -1152
-28, -107, -1221
-25, -137, -1113
-32, -150, -1062
-44, -132, -895
-35, -136, -1019
-30, -134, -1167
-23, -138, -1096
-21, -129, -1029
-6, -115, -885
1, -83, -796
0, -73, -840
2, -75, -784
19, -71, -745
20, -75, -822
5, -73, -933
-7, -99, -1019
-11, -117, -1052
-32, -141, -1074
-34, -171, -1146
-48, -187, -1204
-40, -169, -1201
-23, -154, -1071
-6, -139, -971
-19, -140, -962
-10, -125, -991
4, -116, -1002
4, -108, -975
10, -99, -878
41, -101, -829
37, -104, -903
36, -108, -980
8, -123, -951
1, -138, -1021
-12, -150, -1001
-9, -146, -943
-40, -156, -1031
-44, -150, -1115
-37, -140, -1063
-32, -136, -990
-30, -132, -964
-17, -125, -911
-8, -116, -898
5, -104, -749
16, -108, -628
21, -99, -620
32, -94, -628
35, -120, -768
34, -110, -817
17, -102, -741
13, -122, -799
-2, -132, -913
-14, -138, -985
-18, -138, -991
-24, -151, -1076
-39, -130, -966
-36, -118, -817
-31, -137, -966
-35, -124, -975
-39, -113, -980
-41, -90, -971
-38, -69, -871
-41, -60, -781
-41, -63, -839
-51, -74, -968
-59, -58, -873
-40, -66, -872
-42, -86, -944
-60, -91, -1015
-59, -94, -1011
-59, -101, -1098
-51, -118, -1129
-54, -101, -1041
-62, -81, -995
-65, -79, -1001
-49, -64, -913
-51, -46, -871
-58, -42, -912
-62, -54, -858
-67, -58, -856
-38, -80, -901
-25, -107, -958
-4, -128, -947
-2, -137, -988
-11, -145, -1025
-23, -140, -1066
-26, -134, -1066
-41, -128, -1014
-35, -124, -982
-44, -116, -968
-16, -108, -967
-10, -100, -938
-17, -103, -917
-15, -103, -875
-11, -112, -880
-19, -115, -877
-9, -115, -923
-7, -127, -973
2, -129, -997
-3, -132, -1002
-17, -131, -1013
-17, -132, -1079
-30, -140, -1087
-21, -135, -1040
-21, -123, -996
-15, -125, -954
-24, -112, -946
-6, -116, -895
-14, -111, -896
-17, -103, -903
3, -100, -903
-4, -117, -930
-11, -121, -956
-26, -118, -958
-24, -118, -989
-20, -126, -1001
-18, -120, -974
-29, -128, -994
-20, -120, -1029
-29, -128, -1022
-40, -110, -985
-32, -118, -974
-22, -108, -970
-15, -108, -962
-20, -110, -965
-12, -104, -919
-10, -106, -906
-7, -105, -908
-15, -111, -923
-16, -114, -941
-19, -122, -967
-19, -119, -1009
-12, -128, -986
-6, -126, -1008
-27, -130, -1043
-33, -130, -1038
-21, -122, -994
-26, -126, -976
-25, -114, -968
-21, -114, -944
-25, -110, -941
-3, -108, -939
-12, -115, -944
-1, -122, -947
7, -120, -930
-11, -116, -918
-24, -110, -965
-20, -123, -956
-26, -122, -998
-26, -128, -1007
-19, -122, -996
-22, -119, -1000
-13, -122, -982
-18, -116, -975
-32, -117, -975
-27, -119, -963
-13, -111, -935
-20, -111, -923
-7, -107, -924
-15, -105, -922
-19, -107, -960
-9, -120, -957
-14, -125, -963
-29, -119, -976
-27, -121, -987
-37, -119, -1005
-16, -119, -998
-9, -125, -1008
-15, -124, -984
-31, -119, -967
-16, -113, -948
-30, -120, -951
-34, -117, -930
-22, -114, -933
-17, -113, -946
-11, -112, -964
-16, -112, -951
-17, -115, -968
-18, -118, -953
-22, -118, -978
-25, -116, -994
-18, -120, -980
-21, -119, -973
-10, -130, -952
-31, -123, -991
-24, -126, -947
-21, -117, -965
-14, -122, -950
-15, -114, -945
-17, -114, -928
-9, -117, -943
-16, -121, -936
-16, -119, -964
-14, -117, -985
-20, -120, -980
-22, -112, -973
-14, -121, -959
-25, -126, -1002
-23, -128, -979
-29, -121, -977
-22, -122, -977
-30, -115, -949
-24, -118, -964
-19, -118, -967
-27, -121, -947
-20, -111, -973
-3, -114, -961
-25, -112, -956
-25, -112, -953
-17, -113, -974
-12, -118, -989
-27, -115, -995
-30, -118, -971
-30, -115, -983
-11, -117, -992
-26, -116, -972
-17, -126, -990
-25, -125, -968
-26, -114, -969
-18, -119, -970
-28, -116, -960
-18, -110, -945
-16, -112, -932
-27, -113, -919
-29, -119, -929
-13, -115, -923
-11, -122, -963
-27, -120, -956
-22, -121, -980
-3, -122, -996
-19, -122, -987
-11, -123, -964
-5, -120, -985
-21, -122, -973
0, -114, -965
-12, -121, -954
-18, -120, -952
-20, -117, -965
-15, -115, -946
-14, -116, -948
-15, -111, -954
-24, -121, -951
-27, -112, -951
-26, -115, -964
-20, -122, -963
-29, -118, -966
-29, -123, -972
-29, -115, -973
-43, -114, -982
-18, -113, -968
-23, -118, -972
-23, -116, -957
-7, -112, -972
-18, -117, -953
-18, -110, -955
-13, -122, -968
-18, -122, -944
-26, -120, -960
-23, -116, -949
-10, -124, -963
-13, -121, -953
-24, -125, -977
-12, -130, -984
-22, -124, -971
-24, -126, -975
-27, -111, -984
-18, -120, -962
-28, -110, -966
-24, -120, -959
-13, -119, -975
-21, -112, -960
-17, -119, -948
-15, -118, -966
-8, -119, -958
-6, -117, -936
-11, -119, -947
-21, -124, -951
-22, -118, -983
-15, -116, -972
-20, -119, -973
-32, -116, -970
-28, -118, -984
-24, -121, -982
-26, -115, -974
-18, -114, -977
-10, -118, -957
-19, -116, -955
-20, -116, -947
-24, -117, -947
-7, -123, -949
-13, -122, -953
-11, -124, -939
-28, -113, -967
-23, -120, -966
-14, -122, -955
-16, -118, -986
-17, -119, -955
-19, -123, -974
-28, -115, -976
-22, -116, -979
-14, -122, -969
-13, -120, -960
-22, -119, -941
-20, -121, -932
-25, -115, -941
-21, -118, -938
-24, -121, -972
-32, -124, -951
-12, -123, -976
-20, -115, -958
-24, -119, -973
-15, -115, -986
-21, -117, -983
-22, -119, -966
-29, -113, -953
-38, -121, -943
-25, -113, -972
-16, -123, -944
-20, -118, -959
-8, -118, -953
-10, -118, -977
-21, -118, -960
-27, -110, -973
-20, -118, -982
-16, -108, -976
-22, -120, -977
-10, -123, -973
-25, -123, -970
-28, -119, -960
-13, -122, -948
-26, -120, -977
-27, -117, -975
-28, -113, -992
-23, -118, -974
-15, -112, -976
-7, -119, -949
-13, -114, -952
-19, -117, -947
-16, -110, -952
-24, -113, -953
-18, -120, -945
-20, -119, -966
-25, -116, -987
-18, -119, -969
-28, -118, -1000
-22, -121, -967
-20, -123, -986
-19, -118, -974
-20, -119, -952
-20, -115, -955
-17, -113, -968
-11, -117, -955
-15, -115, -954
-22, -124, -945
-19, -114, -989
-19, -123, -951
-18, -118, -975
-22, -127, -971
-26, -116, -972
-21, -123, -976
-23, -121, -984
-28, -121, -980
-28, -123, -975
-27, -119, -966
-39, -111, -977
-19, -123, -964
-25, -117, -978
-28, -119, -959
-16, -119, -952
-18, -113, -970
-22, -118, -949
-37, -116, -946
-17, -119, -970
-22, -122, -948
-21, -117, -956
-21, -118, -967
-24, -124, -972
-21, -118, -969
-15, -118, -948
-26, -118, -952
-20, -129, -963
-14, -120, -974
-20, -128, -971
-21, -122, -955
-18, -123, -978
-20, -119, -965
-25, -118, -947
-25, -116, -975
-15, -120, -983
-31, -111, -971
-15, -118, -969
-19, -113, -988
-32, -113, -966
-23, -126, -961
-25, -121, -965
-19, -121, -996
-21, -122, -977
-26, -118, -975
-22, -120, -974
-13, -117, -966
-23, -116, -956
-19, -111, -955
-10, -124, -945
-21, -125, -988
-20, -118, -957
-17, -113, -955
-32, -116, -966
-22, -119, -954
-19, -108, -976
-18, -118, -955
-20, -111, -967
-27, -109, -979
-16, -110, -964
-28, -113, -981
-23, -111, -978
-25, -118, -957
-30, -109, -972
-25, -115, -947
-22, -112, -962
-28, -115, -974
-28, -117, -959
-30, -110, -976
-20, -117, -959
-17, -118, -941
-21, -117, -972
-27, -117, -970
-18, -116, -945
-24, -112, -943
-30, -110, -958
-28, -110, -956
-27, -99, -981
-31, -96, -964
-33, -117, -972
-17, -117, -976
-10, -114, -968
-25, -105, -917
-11, -115, -925
-7, -115, -958
-15, -129, -953
-6, -124, -956
-4, -124, -977
-21, -126, -967
-12, -127, -954
-10, -125, -963
0, -132, -993
-14, -136, -1014
6, -135, -965
-1, -138, -952
-10, -137, -950
-6, -131, -963
-20, -130, -949
-23, -122, -973
-7, -122, -956
-18, -123, -968
-21, -119, -958
-17, -117, -989
-26, -122, -989
-27, -119, -987
-22, -119, -984
-21, -120, -957
-18, -114, -972
-11, -118, -962
-32, -110, -975
-27, -113, -982
-23, -109, -972
-25, -111, -967
-21, -116, -957
-17, -117, -959
-16, -114, -970
-6, -122, -973
-9, -129, -956
-1, -131, -946
-10, -133, -943
-4, -128, -967
-31, -122, -970
-18, -120, -974
-25, -117, -957
-15, -122, -961
-5, -117, -946
-10, -122, -987
-10, -124, -975
-18, -129, -995
-17, -115, -971
-3, -117, -953
-7, -116, -966
-3, -117, -918
0, -124, -950
-11, -121, -924
-19, -110, -930
-20, -101, -961
-17, -108, -999
-17, -106, -957
-20, -102, -954
-28, -116, -990
-11, -125, -1001
-26, -121, -1034
-20, -124, -1042
-16, -123, -1012
-26, -114, -967
-18, -116, -946
-16, -122, -949
-14, -122, -963
-34, -121, -972
-17, -114, -937
-3, -117, -886
-27, -105, -918
-31, -112, -958
-42, -110, -1014
-21, -109, -988
-34, -121, -965
-18, -117, -933
-17, -112, -919
-9, -107, -929
-10, -116, -991
-17, -120, -1024
-23, -123, -1024
-22, -114, -958
-11, -123, -947
-8, -121, -937
-17, -118, -992
-10, -123, -994
-14, -118, -956
-28, -119, -970
-24, -117, -937
-22, -115, -961
-24, -118, -988
-30, -124, -966
-14, -110, -945
-25, -112, -940
-20, -105, -931
-13, -113, -980
-20, -114, -1025
-18, -133, -1045
-23, -124, -1028
-13, -117, -1001
-12, -117, -955
-22, -115, -914
-13, -116, -946
-23, -109, -951
-31, -111, -931
-20, -106, -964
-22, -118, -995
-36, -118, -962
-31, -122, -946
-10, -124, -984
-21, -126, -971
-27, -118, -983
-21, -116, -971
-17, -113, -955
-27, -112, -948
-21, -111, -968
-7, -115, -954
-7, -112, -990
-5, -118, -1012
-14, -120, -1019
-21, -115, -990
-21, -117, -977
-16, -122, -979
-25, -119, -960
-17, -116, -939
-9, -114, -954
-9, -111, -959
-13, -113, -971
-23, -117, -930
-22, -119, -947
-23, -117, -964
-10, -115, -985
-23, -120, -963
-16, -114, -972
-13, -115, -987
-1, -119, -964
-24, -118, -990
-26, -114, -1038
-27, -128, -972
-25, -108, -884
-27, -117, -859
-19, -121, -889
-27, -129, -963
-25, -120, -1037
-28, -119, -1084
-19, -108, -964
-12, -117, -900
-12, -128, -934
-14, -135, -1051
-26, -126, -1073
-15, -114, -1066
-4, -111, -974
1, -113, -887
-8, -123, -921
-15, -144, -1039
-20, -142, -1073
-28, -124, -967
-31, -97, -795
-7, -83, -754
-22, -91, -891
-5, -110, -1111
-22, -135, -1180
-33, -143, -1116
-36, -113, -956
-7, -111, -851
-15, -109, -862
-17, -101, -898
-21, -102, -935
-20, -109, -952
-27, -104, -925
-28, -111, -934
-32, -116, -964
-9, -126, -1047
-18, -137, -1036
-12, -132, -1011
-29, -126, -988
-16, -123, -958
-27, -118, -956
-23, -112, -967
-27, -119, -931
-30, -111, -927
-22, -116, -940
-24, -121, -951
-26, -124, -995
-27, -122, -1039
-4, -123, -1054
-24, -120, -1034
-26, -113, -997
-15, -121, -971
-20, -118, -955
-23, -112, -905
-18, -112, -892
-21, -108, -882
-28, -98, -913
-28, -100, -943
-17, -104, -976
-6, -125, -1004
-18, -129, -1034
-14, -131, -1017
-13, -129, -983
-3, -119, -950
-5, -103, -903
-7, -95, -902
-13, -110, -912
-34, -108, -938
-18, -127, -993
-21, -128, -997
-29, -125, -1015
-23, -125, -1015
-24, -127, -1021
-21, -121, -1045
-24, -129, -995
-24, -116, -969
-14, -117, -934
-20, -123, -898
-32, -118, -934
-37, -114, -963
-26, -112, -977
-20, -117, -989
-31, -111, -987
-26, -113, -1005
-13, -124, -991
-15, -125, -996
-25, -123, -984
-20, -120, -955
-29, -107, -935
-17, -107, -929
-18, -107, -916
-22, -106, -933
-16, -116, -964
-8, -128, -981
-30, -129, -984
-20, -118, -972
-4, -123, -949
-23, -112, -944
-38, -116, -985
-19, -120, -958
-6, -123, -943
-18, -114, -941
-30, -107, -946
-9, -119, -962
-10, -124, -963
-20, -122, -1026
-30, -124, -1020
-19, -120, -1014
-19, -124, -987
-26, -115, -955
-36, -116, -975
-24, -124, -959
-22, -121, -967
-23, -118, -979
-24, -118, -965
-15, -117, -967
-24, -119, -949
-9, -113, -949
-8, -117, -935
0, -116, -954
-9, -116, -948
-12, -122, -950
-6, -118, -952
-28, -115, -940
-31, -116, -956
-20, -110, -984
-29, -119, -974
-23, -116, -997
-20, -126, -958
-22, -119, -978
-23, -125, -952
-15, -113, -947
-22, -117, -945
-17, -124, -971
-25, -118, -969
-28, -125, -977
-33, -125, -978
-34, -115, -995
-3, -122, -959
-28, -124, -956
-27, -118, -977
-15, -111, -965
-15, -114, -948
-27, -112, -946
-24, -119, -950
-16, -113, -961
-10, -116, -964
-12, -120, -979
-16, -118, -989
-21, -123, -978
-26, -120, -975
-19, -117, -968
-21, -106, -944
-18, -110, -931
-19, -107, -940
-17, -113, -947
-19, -119, -959
-21, -119, -976
-16, -126, -971
-20, -120, -978
-25, -122, -978
-14, -124, -985
-24, -121, -994
-20, -120, -979
-9, -111, -948
-28, -118, -956
-16, -118, -968
-23, -122, -955
-31, -115, -989
-20, -116, -966
-25, -108, -981
-28, -123, -975
-23, -118, -1003
-24, -122, -977
-16, -121, -962
-24, -114, -951
-14, -109, -940
-15, -116, -908
-20, -118, -958
-11, -111, -962
-22, -114, -977
-28, -117, -985
-24, -126, -985
-20, -118, -992
-10, -123, -965
-8, -120, -974
-7, -113, -980
-3, -114, -968
-16, -111, -943
-19, -114, -941
-6, -120, -954
-8, -118, -961
-16, -123, -964
-8, -125, -978
-13, -120, -1000
-7, -119, -1007
-12, -121, -995
-22, -112, -967
-11, -116, -934
-23, -118, -950
-17, -126, -945
-26, -120, -956
-14, -119, -980
-20, -120, -951
-22, -118, -969
-24, -118, -969
-33, -117, -970
-14, -123, -991
-17, -119, -962
-26, -111, -989
-22, -114, -939
-18, -110, -952
-22, -117, -956
-22, -113, -948
-15, -111, -972
-17, -117, -964
-19, -118, -971
-14, -118, -984
-23, -121, -971
-20, -115, -958
-7, -128, -960
-19, -127, -935
-29, -124, -964
-30, -114, -965
-14, -122, -961
-21, -121, -983
-16, -123, -969
-21, -114, -1000
-22, -119, -968
-23, -123, -975
-14, -111, -973
-17, -111, -965
-17, -112, -952
-31, -113, -947
-37, -119, -948
-27, -118, -974
-12, -123, -949
-18, -118, -967
-9, -119, -977
-6, -118, -969
-11, -124, -978
-18, -117, -967
-26, -116, -959
-19, -115, -958
-25, -117, -961
-24, -115, -976
-21, -127, -970
-18, -117, -980
-17, -116, -949
-12, -120, -971
-14, -118, -965
-7, -123, -973
-28, -112, -977
-33, -119, -975
-24, -119, -959
-10, -119, -972
-15, -118, -955
-17, -113, -964
-25, -118, -974
-30, -117, -984
-23, -117, -984
-29, -122, -973
-11, -123, -954
-13, -121, -972
-17, -117, -969
-14, -119, -965
-19, -116, -980
-25, -110, -957
-32, -115, -971
-21, -117, -978
-24, -117, -972
-20, -120, -966
-11, -130, -968
-26, -118, -966
-17, -118, -942
-15, -117, -963
-13, -114, -946
-7, -113, -956
-20, -113, -936
-22, -105, -965
-6, -122, -965
-18, -122, -966
-21, -120, -964
-20, -118, -968
-14, -115, -982
-16, -123, -976
-18, -117, -973
-15, -118, -985
-7, -122, -949
-22, -114, -939
-42, -113, -973
-25, -124, -960
-15, -118, -972
-21, -116, -987
-27, -125, -970
-22, -117, -986
-15, -119, -975
-10, -118, -971
-10, -118, -963
-20, -117, -967
-15, -123, -974
-26, -122, -964
-30, -114, -975
-16, -120, -964
-20, -114, -979
-34, -118, -986
-22, -119, -966
-16, -113, -979
-9, -121, -948
-12, -116, -958
-26, -115, -943
-11, -119, -973
-11, -112, -947
-19, -112, -960
-17, -114, -966
-24, -117, -969
-22, -123, -968
-27, -126, -975
-29, -120, -972
-22, -121, -945
-15, -118, -980
-17, -124, -963
-22, -118, -973
-13, -117, -973
-26, -117, -961
-26, -117, -957
-18, -125, -952
-27, -119, -974
-19, -114, -974
-11, -123, -940
-23, -112, -969
-21, -118, -947
-29, -118, -963
-23, -118, -970
-27, -126, -956
-22, -119, -962
-18, -119, -958
-22, -120, -972
-14, -112, -984
-16, -113, -962
-33, -108, -984
-17, -122, -978
-19, -121, -981
-29, -117, -969
-19, -115, -958
-19, -111, -962
-4, -114, -947
-11, -119, -962
-27, -115, -944
-11, -114, -977
-22, -115, -982
-28, -120, -966
-18, -122, -974
-25, -119, -969
-28, -115, -988
-15, -121, -957
-23, -119, -980
-20, -123, -962
-32, -118, -968
-10, -117, -965
-19, -119, -949
-20, -118, -948
-11, -120, -955
-27, -117, -953
-27, -116, -966
-21, -122, -973
-12, -119, -949
-10, -121, -958
-22, -120, -952
-24, -118, -975
-23, -114, -989
-16, -114, -967
-23, -115, -981
-21, -119, -958
-12, -123, -974
-16, -123, -972
-10, -120, -968
-11, -119, -970
-13, -121, -971
-28, -122, -973
-18, -121, -960
-26, -119, -961
-11, -117, -953
-23, -115, -973
-15, -119, -968
-24, -114, -974
-23, -120, -957
-23, -126, -972
-12, -118, -975
-19, -119, -974
-23, -104, -978
-15, -117, -956
-22, -123, -968
-15, -116, -980
-24, -118, -961
-14, -116, -979
-20, -126, -950
-14, -115, -955
-22, -119, -963
-10, -119, -961
-20, -118, -970
-7, -121, -963
-21, -120, -961
-22, -117, -966
-22, -121, -959
-16, -125, -985
-15, -124, -959
-3, -119, -971
-31, -114, -967
-31, -115, -974
-21, -122, -961
-11, -116, -975
-10, -120, -954
-20, -121, -968
-15, -117, -970
-13, -116, -980
-27, -116, -975
-23, -116, -973
-21, -118, -965
-35, -110, -979
-11, -113, -959
-25, -116, -962
-18, -120, -948
-19, -119, -958
-20, -117, -970
-17, -119, -967
-24, -116, -972
-28, -118, -967
-17, -122, -968
-17, -119, -947
-13, -118, -968
-17, -120, -969
-12, -111, -968
-6, -113, -973
-21, -106, -961
-31, -109, -977
-27, -125, -953
-9, -118, -972
-16, -117, -963
-15, -114, -973
-18, -114, -960
-17, -116, -973
-34, -115, -976
-14, -117, -978
-19, -117, -976
-16, -114, -986
-18, -121, -957
-27, -112, -970
-21, -123, -967
-26, -121, -972
-18, -120, -989
-23, -118, -981
-17, -115, -993
-15, -122, -986
-19, -120, -977
-7, -115, -963
-17, -118, -959
-11, -117, -954
-18, -113, -980
-19, -113, -972
-7, -112, -946
-29, -117, -955
-29, -113, -979
-18, -118, -975
-16, -115, -963
-24, -117, -961
-23, -117, -964
-11, -121, -971
-19, -114, -975
-24, -110, -966
-18, -115, -963
-18, -115, -963
-24, -113, -970
-15, -120, -955
-23, -115, -979
-23, -121, -963
-34, -117, -967
-11, -117, -961
-13, -116, -959
-20, -120, -953
-7, -123, -961
-18, -119, -959
-38, -119, -958
-40, -117, -970
-21, -121, -963
-18, -125, -947
-27, -110, -967
-18, -114, -940
-17, -114, -934
-4, -120, -956
-7, -114, -973
-11, -119, -983
-18, -114, -952
-15, -114, -960
-12, -122, -974
-16, -122, -973
-9, -120, -966
-27, -118, -961
-29, -116, -960
-25, -113, -962
-22, -120, -969
-16, -120, -968
-27, -122, -974
-20, -120, -965
-23, -118, -976
-20, -120, -969
-17, -123, -982
-24, -118, -964
-24, -116, -969
-28, -120, -967
-16, -118, -968
-28, -114, -983
-23, -122, -971
-21, -118, -956
-21, -122, -977
-14, -122, -956
-31, -114, -981
-22, -121, -986
-25, -125, -960
-26, -118, -970
-23, -123, -970
-17, -122, -965
-21, -119, -951
-9, -120, -956
-21, -118, -941
-38, -114, -978
-21, -128, -961
-10, -120, -958
-26, -108, -975
-13, -121, -966
-21, -119, -935
-16, -112, -966
-12, -118, -960
-13, -122, -954
-13, -117, -963
-14, -121, -989
-10, -116, -963
-30, -118, -974
-14, -122, -954
-19, -119, -990
-21, -121, -961
-14, -119, -983
-22, -125, -959
-8, -127, -962
-20, -114, -970
-20, -122, -974
-15, -122, -959
-15, -123, -958
-30, -112, -969
-25, -124, -970
-22, -117, -962
-37, -110, -981
-13, -119, -944
-23, -113, -950
-15, -119, -956
-13, -121, -958
-23, -118, -978
-21, -118, -959
-35, -120, -962
-24, -115, -954
-8, -121, -967
-22, -119, -967
-22, -118, -976
-31, -119, -975
-24, -127, -967
-22, -118, -965
-22, -120, -979
-14, -115, -961
-19, -120, -976
-19, -116, -972
-18, -122, -960
-16, -119, -967
-20, -120, -980
-5, -121, -970
-4, -120, -979
-9, -115, -977
-15, -118, -962
-13, -120, -958
-7, -120, -969
-27, -118, -969
-31, -114, -989
-21, -119, -950
-26, -114, -967
-26, -126, -967
-20, -112, -966
-21, -117, -959
-18, -123, -967
-25, -115, -952
-40, -116, -964
-27, -116, -961
-38, -113, -970
-24, -118, -966
-25, -114, -961
-27, -116, -970
-9, -120, -969
-22, -117, -976
-22, -117, -992
-5, -126, -960
-26, -122, -973
-28, -113, -970
-10, -118, -964
-19, -114, -956
-17, -117, -949
-7, -117, -965
-24, -112, -952
-36, -116, -965
-34, -115, -957
-19, -123, -930
-18, -120, -955
-22, -124, -967
-22, -121, -956
-21, -118, -971
-17, -118, -974
-19, -116, -968
-14, -122, -971
-25, -119, -963
-16, -115, -966
-6, -119, -969
-18, -121, -964
-29, -122, -946
-19, -118, -952
-29, -116, -973
-19, -114, -964
-14, -117, -970
-25, -128, -975
-15, -118, -988
-11, -115, -950
-18, -118, -972
-18, -115, -963
-16, -119, -961
-23, -123, -978
-22, -121, -962
-10, -114, -966
-19, -115, -952
-1, -119, -986
0, -114, -958
-19, -119, -982
-16, -116, -975
-24, -121, -977
-29, -118, -972
-23, -116, -953
-21, -116, -971
-18, -118, -974
-24, -114, -955
-17, -119, -969
-17, -120, -964
-23, -116, -960
-8, -116, -961
-21, -117, -942
-28, -125, -966
-37, -115, -964
-21, -110, -969
-22, -114, -964
-17, -119, -967
-20, -116, -959
-22, -115, -985
-16, -116, -975
-20, -117, -960
-18, -117, -970
-15, -120, -966
-17, -115, -974
-19, -118, -957
-9, -122, -966
-8, -119, -979
-15, -111, -992
-13, -126, -968
-13, -124, -958
-22, -118, -965
-23, -120, -954
-13, -110, -979
-16, -122, -952
-21, -119, -959
-10, -110, -971
-17, -117, -975
-32, -111, -964
-22, -116, -974
-18, -115, -958
-20, -119, -962
-11, -118, -977
-19, -119, -990
-8, -121, -967
-26, -122, -978
-16, -121, -974
-20, -116, -962
-15, -116, -964
-19, -118, -972
-22, -117, -966
-26, -111, -966
-18, -117, -976
-25, -120, -972
-34, -121, -958
-27, -115, -955
-24, -115, -956
-24, -118, -964
-19, -119, -990
-17, -125, -971
-13, -119, -964
-19, -114, -968
-10, -119, -963
-15, -118, -969
-28, -117, -972
-21, -115, -959
-32, -119, -965
-3, -121, -950
-27, -118, -965
-18, -120, -958
-11, -115, -945
-14, -110, -969
-24, -127, -977
-25, -114, -966
-20, -122, -964
-18, -118, -972
-16, -124, -968
-21, -121, -970
-35, -117, -977
-9, -122, -960
-23, -123, -952
-31, -124, -972
-21, -118, -960
-16, -121, -952
-28, -110, -965
-12, -118, -980
-19, -117, -971
-25, -114, -974
-14, -116, -975
-22, -122, -967
-26, -120, -971
-30, -122, -968
-12, -116, -981
-18, -111, -966
-6, -125, -980
-14, -121, -988
-12, -125, -974
-17, -117, -961
-26, -118, -969
-19, -118, -960
-8, -120, -972
-27, -113, -959
-20, -115, -956
-15, -113, -966
-20, -118, -965
-41, -117, -971
-19, -119, -964
-24, -119, -971
-36, -113, -976
-20, -127, -968
-12, -123, -965
-22, -114, -973
-18, -118, -973
-21, -119, -966
-24, -114, -962
-14, -114, -967
-19, -127, -961
-31, -120, -974
-26, -120, -969
-23, -114, -987
-11, -114, -980
-8, -117, -958
-18, -114, -980
-26, -116, -969
-24, -118, -965
-19, -112, -967
-22, -120, -962
-14, -118, -975
-15, -118, -971
-10, -117, -962
-18, -118, -975
-29, -119, -968
-19, -113, -991
-17, -121, -953
-28, -117, -986
-20, -125, -964
-15, -113, -972
-14, -118, -959
-13, -114, -975
-24, -119, -971
-17, -121, -975
-24, -115, -969
-23, -118, -973
-21, -120, -976
-23, -122, -944
-14, -122, -962
-6, -118, -973
-22, -119, -997
-11, -119, -966
-7, -117, -948
-27, -111, -937
-19, -108, -953
-8, -117, -956
-1, -118, -957
-16, -119, -967
-10, -119, -961
-18, -123, -950
-15, -117, -951
-17, -121, -941
-23, -110, -961
-20, -117, -966
-25, -123, -962
-22, -119, -967
-18, -119, -966
-20, -112, -978
-21, -119, -973
-20, -114, -956
-20, -111, -974
-9, -122, -967
-17, -116, -967
-20, -120, -961
-17, -116, -977
-20, -118, -972
-18, -120, -956
-6, -121, -954
-21, -123, -962
-26, -112, -954
-37, -115, -975
-16, -119, -948
-23, -122, -968
-9, -122, -967
-28, -115, -954
-14, -114, -979
-25, -116, -943
-15, -117, -963
-21, -112, -957
-26, -118, -950
-27, -114, -960
-27, -117, -971
-25, -119, -972
-13, -118, -941
-10, -121, -960
-22, -117, -956
-18, -116, -974
-25, -116, -990
-21, -121, -973
-24, -116, -967
-18, -115, -971
-20, -124, -971
-24, -117, -949
-23, -114, -965
-10, -123, -956
-18, -119, -972
-15, -120, -971
-20, -115, -966
-24, -121, -975
-14, -120, -946
-6, -121, -952
-4, -121, -951
-3, -118, -966
-10, -114, -966
-26, -109, -956
-25, -114, -941
-12, -116, -948
-17, -114, -948
-22, -117, -957
-13, -114, -959
-5, -123, -965
-19, -115, -947
-30, -117, -962
-21, -124, -965
-26, -119, -968
-28, -120, -974
-21, -118, -961
-29, -116, -958
-17, -125, -960
-28, -117, -966
-29, -120, -963
-24, -120, -959
-36, -111, -966
-7, -117, -944
-26, -118, -950
-27, -121, -973
-13, -116, -986
-15, -118, -962
-20, -120, -965
-13, -125, -954
-20, -117, -974
-6, -122, -961
-18, -118, -950
-21, -116, -958
-11, -108, -969
-25, -112, -965
-27, -117, -969
-23, -118, -956
-24, -115, -982
-19, -119, -959
-14, -120, -968
-23, -121, -972
-16, -119, -969
-14, -112, -993
-18, -117, -950
-16, -115, -973
-17, -120, -985
-21, -120, -955
-22, -121, -960
-18, -121, -971
-19, -121, -974
-24, -121, -978
-19, -121, -950
-12, -109, -972
-15, -111, -967
-25, -106, -987
-33, -122, -963
-24, -112, -983
-30, -114, -973
-14, -119, -965
-11, -118, -965
-12, -118, -962
-17, -115, -958
-19, -120, -965
-25, -126, -965
-26, -115, -972
-8, -112, -980
-22, -115, -975
-22, -112, -966
-19, -120, -964
-13, -115, -977
-8, -120, -961
-14, -117, -956
-24, -119, -955
-18, -115, -963
-17, -115, -946
-28, -116, -955
-21, -121, -956
-12, -123, -953
-36, -115, -991
-12, -112, -975
-16, -107, -967
-13, -114, -945
-28, -119, -945
-17, -120, -966
-21, -121, -966
-20, -117, -969
-14, -114, -989
-22, -115, -974
-16, -112, -964
-16, -118, -961
-17, -117, -969
-17, -123, -969
-20, -117, -979
-31, -115, -972
-17, -115, -964
-22, -114, -981
-21, -113, -964
-18, -117, -957
-20, -113, -963
-20, -114, -976
-23, -118, -964
-15, -117, -953
-12, -128, -938
-27, -115, -990
-27, -124, -959
-15, -116, -969
-16, -116, -964
-14, -117, -959
-22, -116, -962
-22, -122, -961
-22, -125, -973
-21, -123, -985
-31, -124, -987
-23, -116, -967
-18, -120, -949
-22, -116, -970
-15, -118, -956
-28, -108, -964
-20, -114, -963
-4, -120, -974
-23, -117, -964
-11, -119, -957
-18, -117, -938
-21, -119, -952
-12, -119, -964
-11, -120, -959
-35, -118, -961
-17, -118, -974
-25, -107, -972
-16, -121, -966
-14, -124, -964
-17, -125, -964
-30, -123, -963
-21, -120, -962
-17, -121, -958
-28, -113, -967
-22, -118, -971
-12, -118, -972
-17, -118, -987
-11, -128, -969
-23, -121, -949
-11, -122, -969
-21, -117, -973
-18, -116, -970
-22, -112, -977
-24, -118, -961
-17, -116, -971
-20, -122, -986
-24, -124, -954
-23, -122, -970
-10, -121, -978
-12, -117, -991
-19, -112, -959
-31, -110, -955
-33, -115, -954
-26, -115, -990
-23, -124, -971
-20, -112, -964
-11, -115, -966
-12, -117, -963
-23, -119, -973
-21, -123, -958
-27, -114, -974
-26, -118, -989
-26, -118, -981
-15, -122, -942
-19, -118, -954
-11, -120, -960
-19, -119, -972
-20, -119, -970
-32, -117, -981
-16, -120, -961
-19, -111, -967
-10, -124, -956
-21, -120, -969
-23, -121, -968
-26, -114, -961
-36, -115, -971
-5, -118, -956
-24, -121, -954
-30, -118, -988
-24, -121, -953
-25, -121, -978
-32, -123, -975
-15, -119, -950
-17, -124, -962
-23, -116, -944
-23, -112, -969
-24, -121, -942
-23, -118, -975
-16, -119, -964
-8, -117, -947
-16, -116, -964
-22, -117, -953
-29, -117, -968
-16, -119, -967
-27, -115, -967
-22, -116, -986
-29, -116, -976
-27, -118, -966
-25, -114, -954
-19, -117, -981
-17, -117, -966
-15, -120, -965
-20, -129, -964
-17, -120, -963
-30, -122, -980
-22, -116, -960
-24, -119, -963
-29, -118, -957
-22, -122, -963
-19, -116, -967
-23, -115, -958
-10, -122, -969
-23, -121, -962
-12, -120, -965
-20, -121, -961
-26, -125, -963
-23, -120, -974
-13, -120, -953
-31, -112, -982
-15, -119, -965
-21, -122, -973
-22, -116, -968
-24, -118, -949
-22, -114, -966
-24, -118, -965
-25, -122, -971
-19, -118, -974
-29, -119, -966
-14, -116, -963
-16, -118, -979
-18, -119, -977
-15, -121, -981
-19, -115, -958
-28, -119, -975
-10, -122, -947
-23, -122, -966
-20, -122, -961
-24, -114, -977
-25, -117, -949
-18, -122, -975
-24, -122, -961
-12, -116, -943
-23, -114, -948
-23, -113, -993
-37, -113, -977
-21, -119, -955
-20, -126, -957
-20, -119, -973
-15, -125, -960
-29, -113, -956
-21, -119, -955
-10, -122, -957
-20, -121, -970
-25, -121, -972
-18, -121, -960
-26, -115, -966
-5, -122, -948
-26, -117, -964
-18, -115, -964
-8, -117, -981
-22, -115, -968
-35, -114, -981
-18, -118, -969
-18, -114, -967
-12, -119, -961
-28, -112, -950
-26, -113, -979
-16, -115, -992
-26, -115, -976
-12, -123, -938
-20, -115, -987
-19, -113, -962
-21, -114, -971
-28, -118, -969
-25, -118, -970
-17, -111, -984
-14, -115, -958
-9, -113, -985
-15, -116, -979
-15, -122, -959
-9, -119, -962
-15, -109, -954
-30, -108, -959
-29, -115, -983
-26, -116, -979
-30, -115, -959
-23, -125, -957
-22, -116, -974
-24, -126, -965
-22, -122, -949
-14, -112, -977
-17, -121, -959
-18, -116, -952
-22, -119, -975
-29, -118, -962
-15, -120, -956
-17, -110, -965
-23, -118, -954
-21, -116, -980
-17, -127, -961
-33, -117, -973
-13, -114, -953
-23, -111, -968
-26, -111, -967
-18, -116, -976
-16, -114, -973
-23, -125, -977
-15, -130, -969
-23, -127, -952
-5, -122, -974
-14, -117, -957
-21, -113, -964
-27, -120, -961
-31, -120, -948
-28, -125, -975
-20, -118, -967
-18, -118, -989
-24, -115, -987
-13, -113, -971
-23, -119, -965
-18, -115, -962
-12, -117, -948
-14, -113, -952
-28, -115, -976
-29, -113, -974
-32, -123, -948
-25, -119, -973
-12, -117, -969
-23, -113, -948
-25, -118, -964
-15, -119, -970
-25, -116, -955
-19, -114, -965
-22, -121, -971
-6, -116, -962
-18, -116, -962
-9, -120, -964
0, -124, -947
-20, -123, -967
-39, -116, -967
-22, -116, -952
-23, -118, -976
-16, -124, -968
-28, -113, -966
-16, -119, -984
-20, -118, -993
-18, -121, -990
-16, -122, -974
-14, -121, -979
-23, -118, -973
-22, -116, -949
-37, -114, -963
-13, -119, -944
-26, -116, -952
-9, -121, -963
-5, -116, -958
-14, -118, -968
-23, -118, -958
-21, -117, -962
-7, -120, -964
-17, -117, -955
-17, -115, -960
-21, -118, -972
-19, -117, -961
-4, -122, -962
-25, -122, -968
-17, -118, -974
-13, -118, -962
-8, -116, -952
-29, -119, -955
-29, -115, -961
-32, -120, -972
-24, -126, -957
-31, -113, -968
-17, -115, -982
-14, -119, -964
-20, -116, -966
-16, -116, -973
-30, -121, -976
-19, -124, -974
-17, -119, -950
-14, -122, -952
-18, -114, -976
-14, -117, -962
-9, -116, -944
-24, -113, -962
-11, -115, -979
-9, -122, -960
-6, -119, -954
-13, -118, -950
-9, -113, -980
-8, -112, -987
-19, -120, -981
-13, -120, -980
-17, -126, -964
-21, -120, -971
-21, -120, -966
-21, -111, -967
-22, -120, -954
-26, -112, -978
-35, -120, -941
-30, -114, -957
-12, -115, -964
-20, -108, -948
-25, -118, -963
-16, -120, -970
-25, -119, -967
-18, -115, -975
-29, -120, -974
-13, -119, -957
-15, -118, -982
-24, -118, -974
-29, -119, -973
-21, -117, -974
-20, -121, -967
-24, -117, -955
-20, -116, -980
-17, -125, -966
-13, -119, -971
-12, -125, -962
-22, -119, -949
-26, -116, -967
-15, -119, -924
-22, -124, -977
-15, -117, -971
-31, -115, -985
-36, -120, -977
-19, -118, -960
-8, -121, -963
-8, -112, -961
-6, -122, -968
-9, -121, -956
-7, -116, -957
-5, -112, -954
-4, -121, -963
-6, -118, -961
-7, -119, -969
-6, -120, -965
-6, -120, -964
-4, -125, -974
-6, -121, -954
-3, -122, -966
-8, -117, -969
-8, -123, -963
-12, -115, -978
-16, -111, -956
-23, -112, -947
-22, -119, -965
-20, -118, -971
-13, -120, -966
-25, -117, -967
-18, -110, -959
-16, -119, -967
-25, -122, -968
-28, -123, -970
-24, -122, -963
-18, -119, -974
-8, -121, -956
-8, -121, -953
-15, -119, -950
-16, -119, -960
-23, -118, -968
-18, -116, -971
-11, -123, -966
-22, -115, -970
-15, -119, -967
-11, -121, -943
-19, -119, -947
-7, -116, -941
-18, -117, -931
-22, -113, -954
-4, -114, -958
-11, -122, -954
-16, -120, -956
-22, -115, -970
-22, -119, -954
-20, -116, -976
-26, -114, -963
-15, -119, -961
-34, -111, -984
-11, -115, -983
-30, -111, -963
-27, -124, -961
-23, -121, -972
-14, -125, -951
-31, -120, -965
-19, -113, -980
-13, -118, -974
-25, -115, -970
-16, -117, -980
-26, -123, -975
-17, -119, -973
-28, -115, -977
-21, -122, -969
-17, -120, -962
-23, -121, -975
-16, -126, -974
-29, -122, -980
-21, -119, -964
-13, -124, -971
-19, -118, -970
-16, -121, -983
-28, -127, -978
-21, -116, -969
-23, -115, -982
-19, -120, -970
-20, -116, -955
-29, -118, -969
-19, -119, -953
-21, -119, -957
-20, -118, -977
-18, -112, -983
-20, -116, -962
-20, -113, -962
-18, -118, -959
-19, -120, -971
-21, -119, -959
-22, -122, -958
-23, -118, -977
-12, -114, -964
-23, -108, -978
-18, -123, -971
-25, -114, -978
-21, -119, -955
-19, -120, -938
-20, -116, -973
-25, -118, -958
-11, -118, -940
-19, -117, -966
-10, -114, -990
-27, -118, -993
-28, -117, -964
-25, -119, -973
-10, -119, -964
-17, -116, -960
-22, -118, -970
-12, -124, -974
-14, -112, -970
-17, -123, -973
-19, -127, -971
-33, -123, -966
-23, -118, -963
-8, -119, -943
-35, -119, -968
-27, -112, -966
-19, -112, -963
-31, -111, -984
-20, -126, -967
-15, -119, -986
-20, -116, -954
-18, -120, -944
-20, -125, -983
-26, -121, -967
-17, -115, -959
-12, -116, -956
-35, -123, -947
-28, -118, -951
-20, -116, -951
-21, -120, -966
-28, -115, -954
-19, -117, -974
-21, -116, -985
-24, -116, -981
-22, -115, -985
-25, -114, -980
-12, -113, -973
1, -122, -953
-23, -119, -978
-25, -118, -991
-13, -121, -976
-15, -121, -967
-24, -112, -953
-20, -117, -953
-17, -118, -956
-18, -118, -965
-21, -116, -939
-21, -118, -969
-15, -119, -963
-26, -121, -964
-16, -113, -962
-15, -124, -943
-24, -110, -964
-23, -122, -954
-23, -113, -969
-20, -121, -972
-21, -119, -956
-27, -115, -962
-19, -115, -949
-16, -115, -941
-12, -119, -970
-19, -122, -960
-16, -118, -942
-17, -115, -953
-22, -116, -952
-21, -118, -961
-23, -114, -982
-22, -117, -973
-17, -119, -988
-17, -124, -973
-14, -116, -969
-20, -119, -972
-13, -119, -968
-26, -122, -961
-19, -121, -963
-10, -118, -950
-23, -121, -961
-10, -122, -968
-6, -111, -959
-24, -117, -971
-28, -112, -963
-31, -116, -966
-20, -118, -960
-13, -117, -984
-20, -116, -946
-20, -115, -967
-20, -120, -978
-23, -119, -965
-13, -117, -979
-25, -123, -976
-15, -118, -979
-23, -121, -947
-24, -114, -984
-23, -119, -979
-29, -119, -961
-24, -119, -968
-22, -117, -977
-28, -116, -954
-24, -116, -962
-26, -117, -965
-22, -121, -953
-26, -116, -995
-11, -121, -989
-21, -112, -991
-5, -119, -958
-13, -125, -944
-29, -119, -950
-18, -119, -942
-12, -118, -957
-18, -119, -975
-22, -116, -957
-25, -119, -953
-27, -119, -967
-19, -122, -962
-26, -119, -966
-28, -118, -969
-22, -122, -968
-20, -111, -972
-7, -115, -972
-27, -120, -941
-9, -118, -948
-16, -111, -965
-20, -119, -966
-16, -119, -973
-18, -116, -978
-23, -117, -954
-23, -124, -968
-21, -120, -965
-18, -119, -941
-17, -111, -945
-19, -115, -965
-24, -115, -974
-26, -125, -953
-26, -127, -947
-21, -123, -977
-25, -126, -956
-16, -119, -962
-20, -118, -966
-10, -120, -967
-14, -121, -953
-18, -125, -961
-22, -121, -973
-13, -126, -960
-15, -120, -950
-20, -118, -971
-26, -114, -964
-26, -117, -985
-24, -120, -968
-22, -116, -968
-18, -120, -962
-16, -120, -973
-16, -118, -959
-26, -117, -959
-19, -110, -966
-5, -120, -975
-27, -118, -962
-32, -113, -987
-23, -122, -950
-22, -115, -980
-18, -119, -976
-15, -117, -968
-23, -114, -964
-18, -124, -959
-20, -121, -969
-14, -116, -974
-25, -117, -953
-27, -121, -957
-24, -120, -976
-25, -121, -958
-25, -119, -977
-22, -118, -970
-32, -118, -954
-22, -116, -966
-17, -120, -970
-29, -117, -971
-24, -123, -970
-16, -119, -969
-24, -117, -981
-19, -118, -974
-22, -120, -955
-35, -114, -963
-6, -120, -953
-29, -115, -966
-18, -116, -966
-24, -112, -960
-27, -116, -931
-11, -121, -942
-8, -123, -951
-6, -126, -966
-10, -120, -955
-9, -115, -973
-3, -110, -989
-7, -122, -975
-6, -120, -989
-16, -117, -974
-17, -113, -966
-1, -116, -962
-6, -119, -956
-25, -125, -948
-7, -119, -958
-4, -111, -993
-11, -115, -983
-13, -117, -965
-8, -123, -947
-29, -117, -940
-30, -113, -979
-22, -118, -958
-21, -116, -974
-16, -124, -972
-19, -121, -968
-20, -117, -972
-11, -129, -963
-13, -121, -964
-9, -121, -960
-8, -120, -970
-21, -121, -954
-15, -122, -986
-27, -119, -970
-28, -117, -978
-36, -113, -964
-19, -121, -973
-20, -112, -971
-25, -117, -965
-5, -114, -982
-6, -111, -978
-16, -108, -960
-16, -108, -977
-10, -116, -965
-22, -121, -948
-22, -113, -969
-18, -120, -970
-9, -122, -966
-15, -119, -965
-32, -119, -979
-17, -115, -953
-6, -117, -944
