-23, -2, 1032
-15, 1, 1037
-24, 6, 1022
-14, -1, 1019
-8, 1, 1014
5, 0, 1019
7, 0, 1015
4, 2, 1024
-9, 3, 1002
-21, 0, 1008
-8, 3, 997
-9, 4, 988
-17, 8, 1009
-15, 3, 1019
-9, -1, 1024
-15, 0, 1009
-6, 1, 1003
-21, -2, 1007
-12, 2, 1008
-19, 5, 1017
-8, 5, 1015
-13, 3, 1006
-6, 0, 1013
-6, 4, 1013
-18, 5, 1019
-14, 4, 1004
-10, 2, 1011
-18, 4, 1006
-18, 3, 1022
-14, 2, 1014
-4, 1, 994
-19, -1, 1006
-6, -4, 1012
-7, -2, 1000
-13, -1, 1001
-18, 1, 1020
-25, -3, 1024
-13, 1, 1018
-2, 0, 1033
1, 4, 1032
-4, 2, 998
-8, -7, 1023
-15, -1, 1027
-3, -4, 1005
-9, -3, 1023
5, 1, 1036
-7, 1, 1012
-5, 2, 1005
-9, 1, 1003
-17, 4, 1011
1, 3, 995
-9, 0, 1026
-21, 2, 1016
-14, 4, 984
-11, 4, 1004
-16, -2, 1034
1, -1, 1005
-16, 0, 997
-23, 4, 1022
-15, -4, 1014
-7, -2, 1019
-5, -2, 1012
-6, 0, 1010
-11, 2, 1017
-22, 4, 1002
-15, 4, 1008
-15, 0, 1021
-10, 5, 1022
-19, 0, 1004
-18, 0, 1009
-11, -1, 1006
-12, -4, 989
-25, 2, 1007
-18, 0, 1024
-10, -7, 1026
-4, -3, 1010
-6, -3, 1003
-10, 2, 1000
-23, 8, 1020
-19, 5, 1011
-22, -2, 1020
-21, 11, 992
-17, 6, 1001
-4, 3, 1008
-8, 2, 1008
0, 1, 1006
-19, 6, 1024
-12, -1, 1018
-10, 2, 1021
-15, -1, 1000
-13, 1, 1005
6, 1, 1016
-2, 6, 1015
-10, -1, 995
-17, 1, 1015
-11, 5, 1006
-9, -2, 997
-10, 5, 1003
-18, 1, 1016
-16, 3, 1003
-7, -4, 981
-3, 0, 1021
-18, -1, 1007
-8, 5, 1003
-11, 2, 1007
-10, -5, 1036
1, -6, 1010
-4, 4, 1002
-3, -1, 1001
-12, 3, 1005
-2, 5, 997
-17, 3, 1012
-15, 2, 987
-9, -1, 998
-15, 3, 1016
-14, 5, 1017
-10, 1, 1015
-13, 0, 1009
-5, 0, 1017
-22, -11, 1018
-17, 4, 1031
-14, 0, 1007
-4, 1, 1025
-14, -3, 1001
-5, -3, 984
-7, 2, 1005
-17, 2, 1022
0, 2, 993
-6, 4, 1001
-20, 3, 999
-24, 6, 1000
-21, -4, 1004
-11, 1, 998
-10, 0, 997
-23, 3, 1024
-3, -1, 1006
-10, -4, 1013
-8, 0, 1009
-12, -4, 1015
-13, 3, 1011
-19, -4, 1012
-18, 4, 1014
-18, 4, 1012
-10, 3, 991
-7, 1, 1003
-19, 5, 1019
-13, -6, 1010
-3, 2, 1006
-10, 3, 1019
-16, 1, 1022
-8, -5, 1001
3, 3, 999
-9, -1, 1011
-24, -1, 1004
-15, 0, 1012
3, 0, 995
-13, -2, 995
-20, 0, 1024
-24, 1, 1019
-13, 2, 1025
-13, 2, 1015
-2, 2, 997
-13, 3, 998
-23, 6, 1004
-17, 2, 1014
-16, 1, 1010
-13, -7, 1016
-5, 0, 1001
-12, -3, 1018
-4, 1, 1027
-9, 1, 1004
-29, -2, 1024
-7, -3, 1009
-19, 2, 1020
-14, 1, 1018
-6, 2, 1014
-10, -5, 997
-10, -1, 1012
-9, -1, 989
-9, 1, 997
-6, -1, 1015
-12, 1, 1013
-7, 3, 1001
-9, 4, 992
-11, 2, 1013
-4, -1, 1009
-2, 5, 1010
-16, 4, 1002
-8, 1, 1023
-11, 0, 993
-10, 1, 1004
-6, 1, 993
0, 4, 1008
-10, 3, 1018
-11, 2, 1005
-10, 3, 1011
-19, 1, 1002
-20, 6, 1009
-9, -3, 1017
-8, 4, 1005
-18, -2, 1006
-6, 2, 1009
-8, -2, 999
-15, 8, 990
-1, 6, 1000
-15, 6, 1000
-9, 0, 995
-4, 5, 1002
-5, -3, 1014
-19, -2, 1005
-18, -1, 1012
-16, 1, 1026
-1, 0, 1003
-8, 1, 1002
-14, 1, 1012
-7, 0, 1027
-18, 0, 1009
-23, 1, 1012
-18, -2, 1005
-11, 1, 1018
-4, 9, 1015
-12, 4, 1012
-21, 2, 1005
-19, 1, 1002
-23, 4, 1005
-7, 0, 1008
-8, 0, 1015
-11, 4, 1041
-18, -5, 1026
-13, 5, 1003
-21, 8, 1000
-17, 6, 1016
-1, -2, 1024
-5, -1, 1011
-1, 7, 993
-11, 5, 1019
-10, 2, 1019
-19, 0, 1005
-27, 8, 1012
-22, 5, 1010
-15, 0, 1017
-12, 2, 1012
-7, 5, 993
-8, 8, 1005
-17, 7, 1010
-14, 1, 1019
-14, -3, 1010
-8, 2, 1014
-5, 0, 1004
-4, -8, 1017
-15, -9, 992
-6, 2, 1039
-21, 6, 1014
-26, -3, 1006
-21, 3, 1020
0, 4, 999
-7, 7, 1008
-4, 4, 997
-10, 4, 996
-21, 7, 1014
-16, 1, 1006
-15, -1, 1005
0, -5, 1023
-14, -2, 1012
-15, 1, 1018
-18, 4, 1004
-16, 1, 1014
-4, 2, 1024
-11, 4, 1024
-8, -2, 1011
-5, 1, 1008
-6, 4, 1028
-14, -2, 1029
-22, 2, 1011
-16, -2, 1006
-5, 0, 1023
-6, -2, 990
-2, -1, 1021
-20, 1, 1027
-29, 9, 1004
-25, 5, 1022
-2, 4, 1033
-12, 3, 1014
-7, -1, 1007
-12, -2, 1012
-8, -4, 1014
-1, 2, 1018
-15, 3, 1017
-6, 5, 1012
-9, -2, 1002
-13, 3, 1017
-15, 7, 1010
-16, 3, 1030
-12, 2, 1002
-15, 8, 1021
-34, 3, 1028
-21, -1, 1015
-20, 3, 1021
-18, 6, 1010
-6, 0, 1011
-14, -5, 1017
-16, -2, 1034
-17, -3, 1018
-11, 1, 1030
-2, -8, 1007
-13, 4, 993
-12, 8, 1022
-13, 0, 1022
-9, -4, 1025
-17, 2, 1001
-8, 5, 1012
-20, 8, 1020
-8, 2, 1009
-5, 4, 992
-13, 2, 1009
-16, 2, 996
-14, 3, 1023
-6, 1, 1019
-15, 3, 998
-3, 5, 1003
-16, 4, 1009
-13, 0, 1015
-13, -3, 1012
-13, 7, 1001
-8, 5, 991
-6, 2, 1010
-22, 0, 998
-8, 4, 996
-11, 1, 998
-19, 3, 1007
-27, -5, 1018
-17, -9, 1024
-17, -1, 1025
-9, 2, 983
-13, -1, 988
-20, -4, 1004
3, -1, 1011
-11, -4, 1017
2, -1, 990
-9, 5, 1003
-19, 4, 1007
-33, 4, 1008
-22, 2, 1021
-18, -5, 1011
-13, -3, 1013
-2, -3, 1009
-1, -1, 1017
4, 3, 1008
-10, 4, 1005
-11, 9, 1007
-16, 4, 1036
-17, 1, 1025
-2, 2, 996
6, 5, 1009
-18, 3, 1013
-15, 2, 998
-7, 5, 1005
-27, 1, 1006
-11, 2, 986
-20, 3, 1002
-27, 0, 1031
2, -2, 1007
-5, 4, 1002
2, -2, 1025
-13, -2, 1012
-15, -1, 976
-22, 4, 1009
-19, 4, 984
-6, 6, 1004
-5, -3, 1023
-8, 3, 1005
-11, 5, 1019
-9, -2, 989
-22, 9, 988
-10, 5, 1008
-15, -1, 1003
-14, 0, 1026
-22, 0, 1000
-20, -4, 1036
-29, 8, 1024
-13, 5, 1018
-21, 3, 1024
-14, 2, 989
-6, -3, 1005
-14, 4, 986
-26, 8, 1003
-18, 3, 1027
-22, -6, 1013
-9, -1, 1016
-5, 2, 1032
-11, -1, 995
-15, -2, 1009
-17, 1, 1005
-22, 0, 1011
-13, 1, 993
-12, 0, 990
-2, -4, 985
-11, 9, 1002
-16, 8, 1006
-17, 1, 1007
-16, 3, 1002
-4, 11, 1015
-20, 4, 1024
-18, 5, 1011
-17, 2, 1003
-15, 2, 1001
-7, 2, 1004
-7, 1, 1012
-9, 6, 1005
-21, 0, 1006
-23, -3, 1016
-7, -2, 1025
-18, 5, 1033
-19, 6, 1019
-32, -2, 999
-7, 3, 1020
-26, 1, 1013
-17, 6, 1008
-25, 1, 1023
-7, -3, 1009
-5, 5, 995
-10, 1, 999
-21, 4, 1004
-11, 9, 1001
-12, 4, 1034
-19, -2, 1022
-21, 6, 1003
-15, -1, 1008
-10, 6, 988
-3, -1, 994
-6, 0, 1013
-2, 6, 998
-16, 4, 1011
-14, 5, 1011
-18, -2, 1021
-20, 1, 1046
-1, 2, 1029
-1, 0, 1008
-17, 9, 995
-12, 10, 1002
-6, -1, 1025
-19, 2, 1003
-12, 2, 1022
-17, 6, 1017
-18, 4, 1011
0, 2, 1022
-5, 0, 1015
-13, -5, 1006
-4, -1, 991
-20, -3, 1015
-18, 4, 1031
-12, -1, 1020
-11, -4, 1023
-11, -5, 1024
-14, -7, 1024
-4, -5, 1017
-3, 1, 1015
-9, 1, 1016
-7, 1, 1027
-6, 2, 1024
-20, 1, 1012
-4, -2, 1000
-21, 4, 996
-19, 0, 1006
-15, 3, 1019
-6, 0, 1016
-22, -3, 1019
-17, -5, 1027
-7, -3, 1027
-6, -5, 1019
-6, 5, 1028
-9, 7, 1007
-13, 2, 1031
-20, 7, 1017
-12, 6, 1019
-12, 4, 1008
-14, 1, 1001
-9, 6, 1004
-28, 5, 1012
-2, 2, 1003
-14, 2, 1025
-14, 0, 1013
-12, 2, 1011
-21, 5, 1003
-16, -2, 1023
-15, 5, 1013
-21, -1, 1014
-14, -2, 1017
-11, 0, 1000
-24, 8, 1000
-21, 5, 1007
-24, 5, 1002
-16, 5, 998
-9, 0, 1016
-17, -1, 1005
-6, 7, 1015
2, -3, 1020
-25, 2, 1014
-18, 0, 1012
-9, -6, 1019
-5, 3, 997
-5, 0, 1001
-12, 2, 1005
-26, 5, 1018
-18, -1, 1017
-23, 6, 1019
-18, 5, 1020
-8, 0, 991
-3, 0, 1011
-17, 3, 1007
-7, 3, 1009
-6, 0, 1016
-16, 8, 997
-20, 7, 1029
-8, 4, 1018
-4, 2, 1001
-17, 4, 1013
-3, -6, 1005
-10, 6, 1004
-15, 0, 1014
-20, 0, 1018
-26, 5, 1007
-8, 5, 1004
-10, 4, 1005
-22, -3, 1033
3, 0, 1020
-15, -1, 1001
-11, 3, 996
-25, 9, 1016
-25, 0, 1026
-8, 0, 1017
-5, 5, 1012
-17, 3, 991
-26, -1, 988
-28, 1, 994
-18, 1, 1006
-16, 1, 1004
-16, 1, 1000
0, 4, 987
-18, -1, 1016
-12, -2, 999
-10, 3, 1005
-9, 5, 999
-10, 1, 1011
-11, 4, 1027
-3, -2, 995
-4, -1, 1004
-7, 7, 1017
-13, 7, 1016
-9, 2, 1003
-3, 2, 1020
-13, 6, 1015
-6, 1, 998
-11, 0, 986
-17, 0, 1002
-9, 0, 1016
-10, 0, 998
-6, 4, 1006
-24, 1, 1020
-8, 1, 1008
-4, 3, 989
-5, 1, 1000
-15, 2, 1001
-7, 3, 989
-3, 3, 990
-11, 0, 1002
0, -8, 1009
-4, -1, 1001
-6, -2, 1003
-14, 1, 1013
-9, -2, 996
-10, 2, 1029
-4, -4, 997
-12, -1, 996
-9, 3, 1013
7, 7, 998
-22, 3, 999
-20, 0, 992
-6, 4, 1014
-16, 3, 1016
-26, 5, 1008
-13, 2, 995
-12, -3, 1009
-17, -1, 1023
-15, 5, 1027
-20, -8, 1025
-12, -1, 1032
-4, 3, 987
-12, 4, 1007
-18, -3, 1024
-17, -1, 1013
-18, 0, 1009
-13, -1, 1029
-22, 5, 999
-11, 0, 1012
-3, 3, 1034
-23, 0, 1025
-10, 1, 984
-22, 5, 1012
-18, 3, 1015
-16, -2, 1010
-6, 2, 1021
-21, 4, 1001
-16, 8, 1009
-18, -1, 1014
-10, -2, 1025
-3, 1, 984
-10, -3, 1016
-14, 1, 1008
-21, -2, 1011
-19, 6, 1021
-11, 1, 1001
-3, -1, 1010
-5, 2, 1001
-17, 0, 1007
-13, -6, 1011
-13, 5, 1000
-25, 13, 998
-8, 3, 1013
-11, 0, 1016
-21, -4, 995
-14, 4, 990
-7, 0, 1010
-10, 8, 1010
-13, 5, 1008
-11, 2, 1003
-10, -1, 1010
-16, 9, 1013
-11, 6, 1008
-12, 1, 988
-5, -2, 1001
-10, 0, 1016
-12, 0, 1006
-7, 6, 1007
-25, 5, 1000
-12, 9, 1006
-18, 7, 1014
-9, 2, 1020
-7, 6, 1002
-14, 3, 1011
-8, -2, 1011
0, 7, 994
-12, 7, 1025
-13, 9, 999
-14, 0, 991
-7, 2, 1003
-24, -5, 1028
-5, 0, 1015
-15, 3, 1016
-8, 7, 1016
-12, -1, 1007
-9, -3, 1018
-12, 0, 990
-7, -1, 1008
-21, 6, 994
-14, -1, 1003
-12, -3, 1047
-21, -3, 1010
-15, -1, 1029
-6, 1, 1003
-1, -1, 1019
-19, 5, 1001
-18, 2, 1017
-12, -2, 1004
-14, 1, 1026
-21, 1, 1000
-19, 4, 1016
-8, 5, 996
-13, -1, 1000
-16, 1, 996
-11, -3, 1019
-18, -2, 1007
-25, -5, 1005
-25, -5, 1014
-28, 1, 1004
-25, 3, 1009
-10, 2, 1001
-6, 2, 1006
-20, 4, 998
-1, 0, 1002
-18, 7, 1008
-10, 3, 1012
-16, 1, 1018
-14, 0, 1027
-4, -2, 1004
-1, -2, 998
-17, 1, 998
-17, -1, 1009
-18, 6, 1000
-20, 3, 1005
-7, -1, 998
-2, 3, 986
-9, 6, 990
2, 1, 1005
-4, 1, 999
-4, 3, 1017
-12, 1, 996
-15, 1, 1017
-8, 1, 999
-8, 4, 1000
-18, 4, 1020
-11, 2, 1011
-8, 2, 988
-19, 4, 992
-7, 1, 1000
-13, -6, 1017
-8, 1, 1027
-7, 1, 1012
-2, -3, 1024
-12, -3, 1023
-6, 5, 1005
-21, -1, 1033
-4, 1, 1005
-15, -4, 1010
-24, 5, 985
-13, 5, 999
-27, 4, 1013
1, 5, 1002
-13, 8, 1019
-15, -5, 1023
-6, 0, 1008
-8, 2, 1007
-4, -5, 1006
-21, 1, 1028
-9, -2, 1005
-9, 0, 1010
-13, 3, 1008
-16, -1, 1005
-1, 7, 1011
-12, -1, 1017
-4, -5, 1011
-17, -3, 1002
-6, 1, 1019
-10, -1, 1008
-1, -2, 1015
-2, -1, 1007
-6, 8, 1004
-12, 3, 1006
-18, -2, 1014
-15, -4, 1012
-14, 5, 991
-8, -3, 1017
-21, 2, 1012
-18, 6, 1012
-6, 1, 1008
-4, 2, 1002
-21, 2, 1023
-8, 0, 997
-9, 3, 1008
-5, -2, 999
0, -2, 1002
-23, -4, 1016
-30, 8, 997
-16, 0, 1021
-21, 1, 1013
-16, 7, 1020
-12, 2, 1006
-2, 9, 1004
-19, 5, 1005
-13, 8, 1012
-13, 4, 1016
-7, 4, 1012
-10, 3, 1012
-15, -5, 1011
-7, 1, 1016
-4, 9, 1016
0, 2, 1017
-19, -7, 1018
-13, 0, 1009
-22, -3, 988
-18, 0, 1004
-17, 2, 1018
-20, 3, 1014
-8, 3, 1019
-11, 3, 1021
-13, -4, 1024
-14, -2, 1015
-16, 3, 1021
-5, 3, 1016
-16, 4, 1026
-14, -1, 1014
-20, 6, 1014
-11, 3, 1027
-16, -2, 1019
-15, 0, 1001
-18, 4, 1013
-20, 3, 991
-9, -1, 994
-27, -3, 1020
-36, 3, 1029
-6, 6, 1015
-21, 1, 1000
-5, -1, 992
-18, 5, 1011
-25, -5, 1009
-3, -3, 996
-15, 3, 1000
-14, 3, 1017
-22, -3, 1021
-11, 1, 1030
-9, 1, 1017
-6, 4, 1004
-10, 2, 1005
-6, 4, 1016
-11, 3, 1021
-21, 2, 1017
-18, 4, 1017
-10, 3, 1005
-9, 5, 992
-24, 0, 995
-19, 3, 1026
-17, -1, 1014
-26, -1, 1022
-19, 5, 1023
-25, -5, 1023
-11, -5, 1019
-4, -5, 1019
1, 1, 1021
-4, 2, 1009
-16, -3, 1009
-10, -2, 1001
-9, -3, 1032
-11, -6, 1029
-24, -5, 1029
-21, -2, 1029
-23, 0, 1022
-6, 4, 1013
-5, 5, 1006
-11, 5, 1013
-17, 4, 1025
-21, 3, 1021
-12, 1, 1002
-9, 3, 1000
4, -1, 1009
-2, 5, 1003
-1, -1, 1008
-14, 1, 995
-6, 2, 1001
-7, 1, 1010
-11, 0, 1027
-19, 6, 1006
-24, 2, 1007
-12, -6, 1000
-1, 0, 1007
-11, -1, 1006
-8, -5, 998
-19, 4, 992
-4, 4, 1005
-21, 5, 1007
-12, -4, 1027
-13, 2, 987
-7, 3, 1012
-17, 2, 1000
-6, 2, 1008
-8, 3, 1003
-15, 5, 1010
-7, -2, 1004
-18, -1, 1005
-22, 6, 1020
-6, 2, 1013
-10, 1, 988
-20, -3, 1003
-16, -5, 1011
-12, -4, 1028
-22, 4, 1012
-20, -6, 1019
-8, 1, 1019
-16, 2, 1003
-12, 0, 1017
-26, 1, 1011
-23, -1, 995
-18, 5, 1020
-2, 2, 995
-10, 4, 992
-13, 0, 996
-14, -6, 1013
-14, -1, 1024
-20, 6, 1003
-11, -2, 1003
-14, 0, 1002
-10, 1, 995
-18, -5, 1006
-16, 5, 1026
-26, 3, 1016
-9, 1, 1001
-26, 1, 1018
-5, 8, 997
-14, 7, 1000
-28, 0, 1000
3, -3, 1023
-19, 2, 1014
-17, 0, 1015
-18, 2, 1008
-12, 2, 1005
-21, 7, 1020
-6, 4, 1018
-12, 1, 1018
-10, 1, 1017
-4, 1, 1017
-5, 2, 1004
-8, 1, 1012
-11, 4, 1011
-16, 0, 1004
-7, -1, 1015
-19, -2, 1013
-13, 0, 1006
-9, 1, 1004
-13, 6, 1019
1, 0, 995
-6, 8, 997
-19, 5, 1009
-20, -2, 976
-6, 1, 993
-13, 6, 1011
-11, 6, 1030
-20, 2, 1008
-11, 5, 1002
-18, -1, 1034
-6, -2, 1031
-2, 2, 1010
-16, 2, 1010
-19, -3, 1006
-16, -7, 1032
-15, 1, 1023
3, 4, 1011
-6, 3, 1007
-6, 2, 1014
4, -1, 997
-21, 2, 1011
-16, -1, 1015
-16, 2, 1014
-7, 3, 1010
-17, 2, 1011
-17, -3, 1017
1, -1, 1006
-18, 4, 1032
-10, -4, 1010
-24, -4, 1016
-15, 2, 1023
-10, -2, 1016
-9, -5, 1017
4, -1, 1005
2, 4, 994
-7, 3, 994
-11, 6, 997
-2, -1, 999
-12, -2, 1006
-29, -4, 1014
-8, 0, 1006
-18, 4, 1010
-17, 7, 1016
-7, 4, 1005
-13, 3, 1001
-10, 3, 1029
-5, 4, 1000
-7, 2, 1016
-20, 4, 1000
-14, 6, 1019
-19, 1, 1019
-25, -5, 1020
-7, -3, 1004
4, -2, 996
-4, -9, 1002
-4, 4, 984
-1, -1, 1017
-11, 4, 993
-7, 6, 1013
-23, 0, 982
-11, 1, 979
-5, 1, 997
-3, -3, 991
-22, 2, 1015
-12, -1, 1009
-6, 2, 1023
-14, 2, 993
-13, -6, 1013
-12, 3, 992
-14, 9, 994
-18, 3, 1014
-11, 3, 984
-7, 4, 1013
-21, 3, 1000
-13, -4, 1010
-7, 2, 1027
-16, 6, 1019
-11, 4, 1016
-4, 6, 1018
-16, 2, 1016
-18, 2, 1036
-8, 1, 1011
-8, 9, 1006
-19, -3, 1023
-10, -4, 1037
-8, 2, 1013
-3, -2, 1026
-4, -2, 998
-8, 2, 1009
-27, 0, 1022
-3, 1, 1002
-5, 6, 1024
-9, 2, 999
-7, 0, 1023
-12, -5, 1001
-11, 7, 1007
-6, -3, 998
-5, -1, 1007
-1, -2, 992
-20, 6, 1000
-16, 3, 1015
-11, -1, 1016
-1, 5, 997
-10, -1, 1019
1, 5, 1006
-15, 2, 1013
-1, -1, 1003
-12, 1, 988
-12, -1, 995
-20, -1, 996
-19, 1, 1012
-14, 3, 1010
-7, -3, 1007
-4, 2, 1004
-18, 0, 1025
-3, 2, 1014
-11, 2, 1019
-21, 0, 1029
0, -5, 1031
-1, 3, 1018
2, 2, 1005
-13, -4, 1026
-14, -3, 1007
0, 3, 1019
-16, 7, 1008
-7, 5, 999
-6, 2, 1006
-3, -1, 1005
-12, 2, 1025
-15, -3, 1006
-3, 2, 1005
-15, 1, 1000
-7, 4, 1001
-18, 4, 1021
-5, 0, 1009
-5, 0, 1003
-13, 0, 1026
-15, 4, 990
-10, 5, 1019
-17, 5, 1023
-17, -6, 1005
-8, -2, 1010
0, 4, 998
-11, 9, 1004
-3, 4, 999
-14, -1, 994
-5, -2, 986
-18, 2, 990
-17, 3, 1008
-14, -3, 1006
-31, 1, 1007
-9, 4, 1004
-26, 1, 1009
-7, 0, 1000
-20, 8, 1024
-15, 0, 1026
-16, -3, 1028
-19, 3, 1015
-2, 1, 1002
-18, 4, 995
-11, 1, 1011
-17, -1, 1027
-22, -3, 995
-11, 3, 1008
-24, 1, 1020
-14, -5, 1017
-16, 3, 999
-15, -2, 991
-25, -1, 999
-27, 0, 1006
-14, -2, 988
-15, 4, 1025
-8, -1, 1006
-12, 3, 997
-15, 4, 988
-22, 0, 1007
-23, -7, 1023
-13, -3, 1014
-9, 0, 992
-20, -3, 1035
-24, -1, 1023
-23, 3, 1022
-8, 2, 1021
-17, 1, 1013
-8, -1, 1017
-20, 1, 1018
-14, -7, 1004
-4, 2, 1006
-5, -4, 1006
-14, -4, 984
-18, -4, 1011
-22, -1, 1022
-23, 4, 997
-22, 3, 1002
-23, 2, 1002
-25, -8, 987
-21, -8, 987
-8, -1, 1019
-21, 7, 1011
-21, 5, 1004
-10, -2, 1010
-8, 3, 1006
-8, 4, 1013
-10, 2, 1000
-3, 4, 998
-6, 1, 1002
-13, 5, 1013
-17, 5, 1020
-18, -5, 1032
-15, 1, 1020
-9, 0, 1006
-16, 0, 1022
-33, -1, 1010
-20, 2, 1012
-23, 4, 1014
-11, 2, 1016
-12, 1, 1009
6, 3, 982
-12, 4, 1015
-8, 0, 997
-9, 1, 1011
-10, 2, 1003
-12, 1, 1034
-15, 6, 1023
-1, 5, 1001
-2, 2, 1008
2, 4, 1007
-26, 4, 1008
-7, 2, 999
0, -1, 996
-18, 2, 1021
-7, -5, 1032
0, 6, 1001
-9, 6, 1009
-12, -1, 1008
-24, 4, 1011
-12, 3, 1022
-3, 5, 1024
-24, -4, 1019
-18, 1, 1018
-10, 3, 1001
-16, -2, 1002
-12, -2, 1007
3, 5, 1012
-2, -2, 995
-13, -3, 1002
-6, -4, 1004
-20, 3, 1006
-11, 1, 1003
-29, 0, 1003
-15, -5, 1017
-15, -3, 1018
-7, 4, 1013
-7, 8, 1009
-16, 5, 999
-17, 1, 1008
-17, 3, 1009
-10, -3, 1017
-9, -1, 1012
-1, 3, 1010
-5, 3, 1015
-15, 3, 1010
-5, 1, 994
1, 2, 1022
-10, 11, 996
-7, 6, 1019
-15, 2, 1015
-18, -5, 993
-14, -4, 1009
-12, -2, 1014
-11, 4, 1001
-9, -3, 1015
-1, -4, 1006
-20, 3, 1009
-19, 2, 1006
-24, 4, 1022
-10, 2, 1022
-11, -2, 1003
-21, 4, 993
-15, 4, 1000
-17, -5, 1008
-10, -2, 1017
-18, -3, 1017
-14, -9, 1023
-3, 6, 1006
-18, 3, 1004
-4, 5, 1005
-15, 1, 999
-10, 0, 989
-23, 4, 1005
-4, 6, 1023
-17, 7, 1017
-1, 4, 998
-16, 5, 1005
-6, 4, 1026
-17, -2, 1024
-7, 4, 1004
-16, 3, 1014
-15, 7, 1002
-14, 1, 1004
-21, -2, 1017
-15, 2, 1017
-8, -2, 1021
-14, -1, 1007
-18, -2, 1014
-11, -3, 1032
-13, 0, 1009
-15, 4, 1033
-24, 2, 1017
-8, -6, 1023
-6, -7, 997
-12, 3, 1013
-11, 3, 1009
-4, -2, 1016
-14, 6, 996
-8, 3, 1021
-6, 7, 1014
-17, -4, 1025
-8, 0, 1009
-10, 4, 1021
-11, 3, 1004
-6, 2, 1015
-16, -4, 1009
-10, 2, 999
-30, 2, 1000
-19, 5, 1024
3, -1, 1001
-10, 6, 985
-22, 6, 1020
-18, -7, 1023
-6, -2, 1009
-4, -4, 1019
-11, -6, 1032
-18, 2, 1022
-21, 3, 1006
-20, 9, 1017
-7, -4, 991
-1, 4, 1007
-12, 5, 996
-1, 7, 1006
-13, 5, 994
-14, 4, 997
-17, 8, 1025
-9, -1, 1026
-4, -2, 1002
-9, 4, 1014
-18, 2, 997
-6, 4, 1013
-17, 2, 1029
-1, -1, 1005
-3, 2, 1012
-14, -3, 1008
-13, 4, 1014
-16, -3, 1013
-3, 0, 1014
-3, 1, 1002
-15, -3, 1006
-12, -2, 1011
-12, 3, 1010
-15, 2, 1024
-15, -2, 1004
-21, 2, 991
-9, 0, 1012
-14, -4, 1030
-19, 2, 990
-6, -1, 1016
-22, 1, 1019
-12, -4, 1024
-4, -3, 1013
-5, -3, 1015
-17, 0, 1006
-11, 3, 1015
-17, 5, 1022
-4, 2, 1022
-15, 9, 1017
-12, 1, 1003
-2, -7, 1021
-1, 4, 998
-24, 0, 1011
-7, -1, 1024
-9, 1, 1020
-11, -2, 1003
-13, 3, 1000
-22, 0, 1021
-12, -2, 999
-3, 7, 1021
2, 1, 1017
1, 0, 1021
-6, 1, 1012
-19, 5, 1002
-21, 1, 1008
-15, 3, 997
-6, 2, 993
-16, 0, 1006
-7, 0, 989
-21, 4, 986
-8, 1, 1005
-11, 2, 1016
-8, 1, 1030
-23, 1, 1013
-21, 2, 1024
-23, -4, 1028
-14, 1, 1015
-12, 6, 1016
0, 0, 989
-4, 0, 1009
-3, 4, 1015
-8, -1, 1001
-2, 1, 996
-15, -3, 1015
-22, 3, 1011
-13, 2, 1001
-18, -2, 1008
-3, 9, 1023
-19, 5, 999
-7, -1, 989
-24, 4, 1004
-27, -1, 1012
-6, -2, 1003
-5, -2, 996
-15, 1, 1001
-28, 4, 1025
-24, 1, 1019
-17, 1, 1008
-20, 4, 1007
-23, 0, 1022
-18, -4, 1033
-15, 0, 1030
-8, 9, 1021
-15, 3, 1017
-12, 3, 1005
-13, 2, 1012
-11, -1, 1015
-21, 1, 1015
-21, 0, 1014
-11, 2, 1008
-17, 0, 1013
-20, -2, 1015
-19, -2, 1037
-3, 2, 1000
-9, -2, 996
-20, -1, 1007
-11, 3, 1004
-10, 2, 989
-19, 11, 1027
-17, 8, 1016
-9, 8, 998
-7, -2, 1016
-15, -10, 1023
-19, -5, 1012
-3, 4, 1024
-20, 3, 993
-4, 2, 997
-17, 0, 1007
-6, -1, 995
0, 5, 1000
-13, -3, 1022
-27, 2, 1009
-23, 3, 1018
-17, 1, 995
-6, 3, 1004
-15, 3, 1008
-12, 0, 1007
-17, 1, 1024
-1, -2, 1012
-8, -2, 1000
-10, 3, 983
-6, -2, 1004
-18, 1, 986
-28, 5, 995
-27, -7, 1000
-3, -5, 1001
10, 2, 996
-15, 3, 1009
-11, 0, 997
-12, -7, 1015
-17, 0, 1001
-11, 0, 1006
-19, 2, 1010
-20, -8, 1023
-15, 0, 1020
-12, 1, 1037
-18, 4, 1037
-27, -2, 1025
4, -3, 1015
-34, 4, 1022
-15, -1, 1016
-24, 3, 1013
-2, 3, 996
-13, 2, 999
-17, 2, 991
-14, 4, 1012
-15, 2, 1027
-8, 4, 1013
-14, -3, 1010
-18, 1, 1006
-23, 1, 1033
-18, 0, 1014
-19, 3, 1016
-1, -2, 1013
-12, 1, 1020
-29, 5, 1007
-15, 1, 1011
-16, -3, 1021
-6, -2, 1026
-17, 1, 1023
-20, 0, 1012
-19, 5, 1005
-20, 5, 1011
-13, 1, 1001
-2, 3, 995
-15, 3, 1020
-8, 4, 1014
-15, 3, 999
-12, -3, 1027
-4, 0, 1021
-11, 0, 1001
-9, -1, 1026
-12, 3, 1014
-28, -2, 1004
-20, 1, 1020
-6, -1, 1002
-13, 1, 994
-5, -4, 986
-8, 0, 1011
-12, 1, 993
-8, 6, 992
-19, 4, 1014
-21, 0, 999
-14, 2, 1013
-20, -3, 1003
-6, -5, 1017
-9, -2, 1027
-10, 2, 1028
-20, 6, 1005
-15, 2, 1020
-7, 0, 1001
-14, 1, 994
-14, 1, 1017
-7, 0, 1036
-5, 6, 998
-11, 6, 1006
-2, -1, 999
0, -1, 1010
-20, 4, 995
-14, 3, 1019
-26, 3, 1032
-17, -1, 1009
-5, -3, 978
-10, 0, 998
-13, -4, 1023
-14, 2, 1014
-18, 0, 1019
-8, -5, 1022
-14, -5, 1024
-16, 2, 1006
-22, -3, 1010
-18, 4, 989
-10, 0, 990
-14, 5, 1009
-10, 5, 1000
-23, 3, 1006
-15, 4, 1017
-8, 1, 1008
-15, -3, 1013
-3, 3, 1000
-8, 7, 1016
-22, 8, 1012
-18, 3, 1013
-4, 1, 1007
-9, 1, 999
-11, 0, 1022
-16, 5, 1017
-15, 0, 1018
-14, -3, 1010
-14, -4, 1015
-23, -1, 1029
-2, 8, 1007
-12, 5, 1003
-15, 0, 1027
-6, -3, 1017
-13, -1, 1015
-18, 3, 1006
-22, -1, 1009
-15, 2, 1017
-12, -2, 1014
-12, -7, 1027
-13, -3, 1021
-15, 2, 1011
-22, -1, 1015
-9, 2, 1026
-7, -3, 1004
-17, 0, 982
-21, 0, 991
-10, -1, 1003
-10, 6, 1007
-10, 5, 1011
-27, 3, 998
-23, 3, 1022
-1, 5, 1012
-23, 0, 1010
-2, -1, 1020
-8, 6, 1007
-9, -3, 1014
-15, -3, 1002
-11, -4, 1006
-17, 4, 1012
-19, 2, 996
-10, 4, 994
-27, 1, 994
-33, -1, 995
-18, 0, 996
-18, -1, 1004
-17, -4, 997
-28, 5, 998
-11, -1, 997
2, 2, 1002
-8, -1, 1002
-14, 2, 1026
-16, 0, 1016
-22, 3, 1031
-22, 1, 1037
-22, 1, 1021
-13, 6, 1011
-17, 8, 1020
-6, 2, 1004
-3, 8, 1046
-21, 3, 1021
-5, 6, 991
-6, 3, 1000
-7, 2, 998
5, 2, 1000
-11, 1, 1008
-18, -1, 997
-4, 0, 996
-20, 1, 1011
-3, -3, 1007
-22, 1, 1025
-20, -3, 1021
-8, -4, 1007
-12, -6, 1001
-7, -3, 987
-9, 4, 996
-10, 4, 1013
-7, -2, 1008
-8, 1, 1013
2, -3, 1032
-16, -4, 1015
-11, -1, 1006
-29, -5, 1001
-18, 2, 1004
-14, 6, 1019
-7, 2, 1021
-26, 5, 1015
-22, 0, 1016
-19, 3, 1014
-17, 3, 1022
2, -2, 1005
-11, 3, 1001
-13, 8, 1006
-21, -6, 1019
-9, -2, 1014
3, 0, 1013
-10, 5, 1007
-14, 0, 1010
-16, 5, 1011
-13, 2, 997
-10, 4, 1010
-16, 1, 1008
-12, 1, 1006
-3, 1, 1017
6, 5, 1011
-16, 6, 1013
-13, -2, 1005
-10, 2, 1018
-18, 5, 1008
-1, 8, 993
-5, 5, 998
-17, 4, 1009
-1, 3, 998
-5, 4, 1016
-10, 2, 1017
-16, 2, 1003
-9, -2, 1024
-10, -1, 1009
-11, -3, 1002
-12, 5, 1002
-3, 4, 995
1, 4, 1004
-8, 6, 1005
-15, 8, 1006
0, 1, 1006
-5, 2, 997
-12, 7, 1009
-10, 3, 1006
-20, 0, 1017
-1, -5, 1001
1, 0, 999
-8, 4, 1005
-5, 2, 1002
-3, 0, 1020
-13, -1, 1025
-18, 5, 988
-7, -3, 999
-4, -4, 1006
-22, -3, 1032
-8, 0, 1016
-9, 4, 990
-21, 2, 1020
-3, 2, 1017
-7, 2, 1010
-15, -2, 1002
-8, 3, 1015
-15, 4, 1013
-20, 1, 1006
-13, 0, 1018
-27, -3, 1019
-27, -1, 1007
-8, 1, 1009
-11, -1, 1015
-1, 2, 997
-15, 4, 1024
-25, -8, 1033
-16, -8, 1018
-10, -5, 1021
-6, 1, 999
-14, -3, 1028
-14, 4, 1014
-23, 3, 1017
-18, 4, 999
-8, 0, 992
-25, 5, 1003
-9, -5, 1005
-3, 5, 1003
-23, 3, 1023
-3, 2, 1007
-15, -3, 1020
-16, -1, 1011
-20, 1, 1000
-17, -1, 1000
-24, 3, 1014
-22, 2, 1027
-19, -4, 1006
-5, 2, 1008
-8, 6, 997
-17, 0, 1017
-7, 5, 1028
-21, 6, 1025
-4, 11, 1016
-17, 1, 1003
-13, 5, 1011
-20, -2, 1025
-9, 0, 1009
-22, -1, 1022
-19, 7, 1023
-10, 2, 996
-16, 4, 989
-15, 0, 1011
-7, 4, 1020
-17, 2, 998
-6, -2, 993
-22, 4, 1017
-24, -2, 1020
-4, 0, 1002
-5, 2, 998
-3, 4, 997
-17, 5, 1007
-17, 3, 1019
-8, 3, 1014
-11, 1, 1011
-8, 5, 1007
-17, 4, 1008
-8, 3, 997
1, 0, 1002
-6, 1, 1013
-7, 1, 1009
-17, 4, 1018
-13, 0, 1006
-17, 3, 1019
-9, -1, 1016
-14, 2, 1018
-13, -3, 1016
-16, 2, 1011
0, -3, 1017
-12, 3, 1005
-17, 4, 1002
-10, 1, 1020
-23, 2, 1008
-9, -5, 1021
-23, 1, 988
-30, 5, 1000
-25, 3, 1010
-17, 5, 1017
-16, 1, 999
-16, 3, 1013
-9, 4, 992
-9, -7, 1021
-14, -5, 1029
-19, 1, 1017
-18, -3, 1020
-16, 0, 1015
-14, 2, 1017
-10, 0, 998
-14, 1, 993
-4, 1, 998
-6, -4, 1008
-10, -5, 995
-15, -1, 996
-12, 0, 976
-1, -1, 1001
0, 2, 987
-2, -1, 1011
-7, 2, 1013
-16, 6, 1004
-5, 0, 1004
-13, 1, 995
-23, -4, 996
-2, 1, 1001
-7, 6, 1000
-13, 1, 1000
-7, 7, 993
-16, 1, 1001
-18, 0, 1009
-15, 1, 1007
-16, -4, 1007
-8, -1, 1004
-2, 0, 996
-13, -1, 995
-18, -6, 997
-19, -6, 1012
-13, -1, 1016
-16, 2, 991
-14, -3, 991
-17, 4, 1001
-12, 1, 1002
-24, 0, 1010
-12, 0, 1024
3, -6, 1015
-8, 0, 1012
-7, 3, 1020
-14, 6, 1024
-13, 7, 1018
-26, 3, 1018
-14, 1, 1015
-10, 3, 1004
-18, 6, 1008
-16, 3, 1012
-24, 2, 1015
-20, 2, 1013
-21, 4, 1004
-18, 8, 1012
-33, 0, 1017
-3, 0, 1007
-13, -5, 1016
-14, 1, 1002
-25, 6, 1011
-23, 0, 1031
-19, -8, 1022
-16, -5, 1029
-9, 3, 1005
-16, 1, 1027
-16, -5, 1005
-1, 0, 1019
-15, -2, 997
-10, 1, 1002
-20, 5, 1002
-22, 4, 1007
-19, 0, 1025
-7, -7, 1022
4, -3, 1003
-13, 5, 1006
-14, 2, 1011
-7, 2, 1032
-24, 4, 996
-17, -2, 1012
-16, 2, 1010
-5, 3, 1004
-5, 4, 1003
-17, 5, 1020
0, 2, 1009
-6, 4, 1005
-14, -3, 1009
1, 2, 997
-10, 1, 1005
-7, 3, 1017
-16, 5, 1002
-16, 4, 1003
-20, -1, 1009
-26, -1, 1021
-12, 1, 1022
-8, 5, 1004
-17, 1, 1001
-16, 1, 1034
-24, -1, 1028
-10, -2, 1018
-12, 3, 1009
-16, 3, 1007
-18, -1, 1023
-22, -1, 1003
-21, -2, 1007
-32, 2, 991
-13, -1, 1018
-27, 3, 1023
-23, 1, 1031
-5, -2, 1013
-6, 0, 1000
-20, 2, 1012
2, -3, 1014
-10, 1, 997
-4, 3, 1029
-22, 1, 987
-15, 0, 996
-15, 1, 1018
-27, 2, 1006
-17, 2, 1011
-13, 1, 1010
-20, 2, 1004
-20, -1, 1013
-16, 5, 1001
-16, 2, 1011
-8, 7, 1020
-17, 5, 1002
-16, 5, 1014
-24, -2, 1015
-14, -1, 1016
-16, 1, 1003
-2, 2, 996
2, -1, 1009
-4, 3, 1012
-17, 2, 1000
-17, 1, 1003
-20, 5, 1000
-11, 2, 1012
-28, 2, 1009
-18, 4, 1015
-7, 2, 1006
-12, -2, 1003
-15, -1, 1003
-3, 0, 997
4, -4, 1013
-6, -2, 1000
-5, 8, 997
-8, 6, 995
-21, 4, 1003
-16, -2, 1008
-8, 5, 997
-9, 6, 1018
-4, 1, 1006
-19, 4, 1017
-3, -7, 1019
3, -6, 996
0, -9, 996
-6, -7, 1013
-14, -2, 1009
-15, -2, 1001
-13, -3, 1002
-9, 2, 1000
-23, 4, 1001
-26, -2, 1014
-22, 4, 1020
-12, 2, 1006
-4, 1, 1019
-20, -1, 988
-10, 2, 1000
-15, 1, 1004
-21, 7, 995
-10, 2, 1005
7, 5, 998
-8, 3, 995
-18, 3, 993
-10, 1, 1016
-10, -3, 1008
-15, -1, 1023
-23, 1, 1030
-20, 4, 1031
-8, -4, 1016
-11, 9, 995
-21, 5, 1007
-22, 0, 1017
-13, -4, 1025
-22, 6, 1002
-8, 3, 1013
-9, 3, 995
-11, 1, 1009
-10, -1, 990
-8, -1, 1003
-20, 5, 1012
-10, 3, 1002
-18, 1, 997
-19, -1, 1016
-14, 4, 1021
-5, -2, 1012
-11, -1, 1006
-10, 4, 1019
-2, -4, 996
-9, -2, 1000
-9, 5, 1002
-16, 6, 1013
-12, 2, 988
-7, 4, 1014
-23, 3, 1001
-3, 1, 1002
3, 4, 995
-12, 2, 1006
-14, -1, 1016
-16, 3, 1019
-4, 1, 1036
-12, 4, 1016
-8, 3, 1009
-6, 2, 999
-13, 0, 1004
-22, -1, 1003
-20, -4, 1019
-11, 1, 1018
-35, 6, 1006
-18, 9, 1021
-14, 0, 1014
-9, 4, 998
-14, 4, 985
-14, 5, 999
-18, -4, 1021
-10, -2, 1002
-4, 1, 994
4, -2, 1011
-8, -2, 1004
-7, 6, 1021
-12, 7, 1001
-8, 0, 1006
-12, -2, 1013
-13, 4, 997
-19, -2, 1013
-12, 0, 1025
-9, 2, 1008
0, 1, 1009
-5, 3, 1006
-20, 1, 1007
-22, 3, 999
-16, -2, 997
-22, 4, 1003
-29, 3, 1010
-16, 1, 999
-3, 0, 1019
-2, -3, 1006
-19, -6, 1016
5, -6, 997
-2, -2, 985
-11, 3, 993
-4, 8, 1005
-22, 6, 1012
-13, 2, 1023
-15, 4, 998
-19, 4, 989
-20, -4, 995
-5, -4, 994
-11, 4, 1000
-17, 0, 1006
-8, 0, 1005
-14, 3, 1015
-15, 5, 1013
-11, -1, 1004
1, 1, 1012
-6, 1, 1002
1, 0, 1015
-20, 3, 1012
-9, -4, 997
-21, 1, 1015
-16, 0, 1009
-12, 0, 1007
-10, 0, 1001
-8, 0, 1010
4, -3, 994
-17, -8, 1018
-11, -6, 1013
-2, 2, 1018
-13, 6, 1004
-19, 3, 998
-21, 1, 1019
-9, 0, 1001
-12, 2, 1027
-11, 1, 989
-10, 0, 1002
-6, -5, 1009
-10, 3, 1003
-12, 3, 1004
-23, 0, 1036
-6, -10, 1015
-12, -6, 1032
-9, -2, 1009
-10, 1, 994
-16, -1, 1024
-11, -1, 1032
-3, 1, 984
-11, 4, 1017
-17, -6, 1035
-11, 0, 1023
-7, 2, 991
-8, 5, 994
-13, 4, 999
-8, 2, 1016
-5, -1, 1009
-12, 3, 1001
-18, 10, 1002
-25, 0, 1023
-1, 0, 1006
-5, 5, 1026
-5, 2, 993
-7, 1, 995
-14, -1, 999
-20, 2, 1001
-24, 0, 1008
-9, 5, 1003
-16, 2, 1013
-15, 6, 1014
-21, 0, 1011
-12, 5, 1013
-8, 1, 1006
-11, 2, 1008
-8, -1, 1012
-17, 3, 1009
-6, -1, 1018
-14, 0, 1000
-5, 5, 1017
-15, 0, 1017
-6, -3, 1022
-14, -1, 1025
-8, -4, 1018
-9, 3, 1009
-17, -1, 1015
-15, -1, 1029
-11, 2, 1027
-8, 5, 1017
-3, 6, 996
-11, 2, 1029
-9, -2, 1019
-14, -1, 1020
-22, 1, 1017
-2, 0, 1018
-13, 3, 994
-18, 2, 1007
-14, 2, 1000
-10, 1, 1011
-16, 2, 994
-6, 2, 1005
-3, 3, 1017
-6, 2, 997
-13, 4, 1018
-8, 3, 1013
-18, -2, 995
-11, 0, 1025
-6, 2, 998
-6, -3, 1005
-14, 6, 1020
-21, -1, 1023
-27, 6, 1032
-23, -4, 1034
-10, -5, 1023
-4, 2, 1017
-5, 0, 1013
-12, 0, 1018
1, 2, 1006
-1, 1, 1009
-14, 7, 1000
-16, -3, 1006
-7, 2, 997
-3, 2, 1008
-11, 7, 1022
-10, -1, 1004
-15, 0, 1006
-25, -2, 1024
-13, -6, 1016
-9, -3, 1028
-4, -3, 1004
-8, 2, 1001
-3, 3, 1007
-13, 3, 1017
-19, 1, 1031
-21, -2, 1018
-5, -2, 1028
-10, 1, 1022
-8, 1, 1009
-13, 3, 1009
-8, 6, 1009
-13, 8, 1009
-18, 8, 1034
-19, -1, 1031
-10, 1, 1023
-2, 0, 1014
-10, 3, 994
-16, -1, 1024
-8, -2, 1018
-18, -3, 985
-6, 1, 1025
-20, 5, 1008
-18, -1, 1000
-7, 2, 1012
-13, -4, 1018
-7, 0, 1023
-22, 7, 1018
-12, 1, 1018
-13, 1, 1015
-19, -2, 1008
-13, -1, 1015
-22, 0, 1019
-22, -3, 1019
-12, 2, 1011
-5, -2, 1021
-9, 1, 1009
-10, 0, 1017
-13, 0, 1001
-10, -2, 1010
-24, 4, 998
-12, 0, 1012
-13, 2, 1007
-23, -3, 1008
-27, 0, 1012
-6, 2, 1007
-23, 3, 1013
5, -4, 1005
-26, 1, 992
-27, -4, 1016
-16, 2, 1007
-23, -3, 1015
-9, -3, 1014
0, 0, 1012
-3, 5, 1009
-5, 3, 1020
-8, 0, 1031
-17, -2, 1016
-6, -1, 999
-11, 3, 1010
-1, -6, 1010
1, -4, 1006
-11, 5, 1001
-13, -1, 1001
-8, 3, 1014
-6, 7, 1012
-4, 5, 1009
-18, 5, 1013
-6, 4, 991
-6, 2, 1006
-9, 4, 1020
-22, 3, 991
-9, 2, 989
-14, 2, 996
-19, 6, 1011
-11, 3, 1009
-12, 2, 1005
-18, 2, 1011
1, -1, 989
-10, 3, 1002
-10, 11, 1012
-30, 1, 1007
-28, -3, 1016
-13, 4, 997
-9, 0, 984
-18, 5, 1002
-8, 5, 1005
-15, 7, 1023
-15, -5, 1015
-10, 4, 1005
-19, -2, 1031
-14, 3, 1006
-6, 4, 1001
-15, 4, 1008
-15, 4, 998
-4, 0, 994
-14, 4, 1012
-3, 3, 1005
-5, 7, 1017
-20, 4, 996
-15, 3, 998
-12, 2, 1028
-3, 1, 1016
-7, 2, 996
-11, 4, 997
-23, 1, 1025
-31, -3, 1029
1, -3, 1024
-18, 0, 1019
-20, 1, 1031
-28, 3, 1007
-12, 7, 992
-10, 8, 1006
-11, -1, 1029
-12, -1, 1007
-17, -2, 1022
-22, 5, 991
-22, 1, 1001
-3, 6, 996
-10, 6, 1029
-6, -3, 1011
-12, 2, 1009
-10, -6, 1000
-11, 2, 990
-4, 2, 1011
-9, 2, 1008
-1, 5, 1005
-14, 8, 1019
-21, 8, 1026
-19, 1, 1013
-11, 1, 1002
-10, 4, 998
-16, -1, 1021
-9, 3, 996
-13, 2, 1005
-19, -5, 1024
-13, -3, 1031
-4, 1, 1009
-7, 3, 1023
-10, 4, 1003
-11, 6, 1006
-16, 4, 1008
-15, 5, 1003
-8, 10, 1008
-31, 2, 1019
-15, 0, 1009
-6, 1, 1010
-21, 6, 1007
-14, 6, 1018
-15, -6, 1028
-7, -1, 1014
1, 1, 1022
-9, 4, 1035
-13, 4, 1003
-12, 7, 991
-13, 6, 1018
-18, 1, 1014
-15, 3, 1010
0, -4, 1011
-8, -1, 985
-11, 6, 1004
-14, 4, 998
-24, -5, 1021
-12, 2, 1025
-3, -1, 1027
-5, 7, 1009
-4, -3, 1014
-8, -1, 1000
-6, -1, 996
-11, -1, 999
-17, 6, 1007
-3, 1, 989
0, 1, 1017
-21, 3, 1017
-18, 3, 1014
-15, -3, 1016
-8, 0, 1027
-8, 4, 1002
0, -6, 1021
-12, -2, 1014
-32, -1, 978
-19, 6, 1010
-28, -1, 1020
-2, -3, 1020
-13, -2, 1016
-6, 2, 1022
-13, 4, 1007
-8, 1, 1001
8, 3, 1019
-1, 3, 990
1, -3, 1015
-7, 0, 1015
-20, 1, 999
-14, 4, 1010
-6, 4, 1017
-5, -2, 1021
-12, -1, 1023
-5, 5, 1007
-8, 8, 1002
-10, 3, 1014
-6, 0, 1030
-16, 3, 998
-18, 5, 1020
-22, 1, 1015
-13, -8, 991
-5, 4, 1008
-16, 7, 1006
-8, 7, 1017
-10, 0, 1019
-21, 5, 1010
-21, 0, 1012
-12, 0, 1003
-22, 2, 995
-25, 0, 1017
-11, -1, 1022
-9, -6, 1028
-2, -2, 996
-5, 5, 1007
-10, 3, 1006
-12, 3, 1009
-16, 1, 998
-6, 2, 1008
-3, 0, 1004
-17, 7, 1022
-16, 5, 1021
-13, 8, 1010
-6, 0, 1014
-16, 5, 1007
-15, -1, 1016
-4, 2, 981
-9, 6, 1004
-12, 2, 994
-12, 6, 1019
-11, 6, 1011
-17, 2, 1019
-6, -1, 1031
-9, 4, 989
-19, 4, 996
-14, 0, 1003
-21, 0, 1017
-2, 1, 996
-15, 10, 1027
-19, 6, 1006
-3, 2, 993
-14, 4, 989
-7, 1, 1003
-7, 0, 1006
-6, 6, 1017
-22, 1, 1016
3, 6, 997
-10, 2, 1017
-1, -2, 1013
-3, 1, 1004
7, 6, 1015
-13, 12, 1002
-17, 2, 1007
-20, 6, 985
-22, 4, 998
-18, 1, 1014
-12, 0, 995
-5, 6, 1003
-22, 4, 983
-8, 1, 1003
-2, 3, 1017
-8, 4, 1001
-16, 5, 1004
-10, -1, 1015
-9, 2, 1007
-6, 6, 1003
-10, -2, 1020
-12, 4, 1004
-11, 8, 1002
-17, 5, 999
-13, 7, 1013
-6, 1, 1002
-13, 4, 1005
-19, 6, 1036
-11, 0, 1017
-7, 0, 1039
-18, 7, 999
-14, -2, 1009
-7, -1, 997
1, 1, 1000
-3, 5, 1003
4, 5, 1005
2, 0, 1006
-14, 2, 1014
-24, -5, 1022
-23, 5, 1038
-27, 0, 1031
-3, 2, 1011
-6, 0, 1029
-10, -2, 1000
-13, 0, 1000
-10, 1, 982
-4, 0, 1000
-8, 5, 1012
-5, 1, 1018
-23, 3, 1001
-2, 1, 1021
-12, 0, 1000
3, -1, 1008
-6, -2, 1013
-11, 4, 1014
-27, 1, 1026
-26, 1, 1020
-26, -1, 994
-21, 0, 998
-10, 0, 1021
-17, -3, 1022
-21, -4, 1012
-20, 2, 1007
-15, 0, 990
-16, 0, 1013
-16, -1, 1013
-19, 0, 1007
-14, 4, 992
-9, 3, 991
-13, -1, 1001
-23, 4, 1012
-7, -3, 1014
-15, -2, 995
-15, 4, 1002
-16, 1, 1028
-28, -2, 1012
-12, 3, 1032
-18, -2, 1018
-12, -2, 1013
0, -4, 1012
-12, 4, 1000
-16, -5, 1003
5, -6, 995
-14, -4, 1006
-19, -4, 1017
-12, -2, 997
-14, -2, 995
-10, -3, 1010
-18, 6, 998
-18, -2, 999
-14, -3, 1019
-21, 7, 1011
-11, 0, 1004
-15, 2, 1002
-20, 1, 1007
-8, 2, 1011
-7, 2, 1002
-12, 3, 1010
-6, 2, 1014
-11, 1, 1005
-2, 5, 984
-13, 5, 1004
-6, 5, 985
-14, 5, 1000
-18, -1, 1026
-19, -1, 996
-12, 5, 1009
-21, -3, 1028
-21, 2, 1011
-21, 0, 1026
-2, -3, 1000
-7, -1, 994
-11, 2, 1001
-17, 5, 1008
-6, 0, 1008
-10, 1, 1013
-17, -1, 1003
-10, 0, 1020
-4, 0, 1015
-13, 7, 1016
-13, -2, 1010
-4, 1, 1014
-4, 11, 996
-16, 2, 1007
-20, 1, 1018
-3, -2, 1013
-6, 3, 1022
-16, 8, 1006
-11, 4, 993
-21, 8, 1030
-26, 5, 1012
-21, -2, 1019
2, -4, 1018
-7, -2, 1009
-9, -2, 991
-21, 3, 991
-11, 6, 1018
-22, 2, 1016
-19, 0, 1031
-4, 1, 1020
-8, -2, 1016
1, 2, 1019
-1, 1, 1004
-11, 9, 1002
-15, 10, 1004
-19, 2, 1019
-14, -5, 1022
-5, -3, 1006
-6, 2, 1001
-6, 1, 1008
-6, -2, 1016
-22, 3, 1004
-18, 0, 1016
-22, -2, 1013
-11, -4, 1014
-24, -3, 996
-14, 7, 1010
0, 9, 1003
-3, 6, 987
-2, 4, 988
-5, 1, 1010
3, -2, 1000
-8, -5, 1004
-9, 5, 1002
-8, 8, 1027
-17, -2, 1032
-18, 6, 1015
-5, 0, 1030
-11, -3, 1011
5, 1, 1021
-4, -3, 1020
0, 1, 1008
-13, 5, 1011
2, 4, 1010
-2, 6, 1005
-15, 8, 1009
-9, 3, 992
-7, 4, 1009
-11, 3, 1020
-8, 0, 1007
-12, -2, 996
-18, 6, 990
-13, 6, 1021
-17, -4, 1014
-13, 2, 999
-16, -3, 1011
-19, 4, 998
-19, -1, 993
-20, -4, 1006
-27, 4, 989
-29, 1, 987
-27, 7, 987
-23, 5, 1016
-11, -1, 1004
-1, 2, 1008
2, 5, 1004
-14, 4, 1007
-2, 2, 1007
-18, 0, 1016
2, -6, 1014
-15, -4, 1007
-11, 3, 1030
-13, -3, 1006
-20, -2, 1002
-15, -1, 1013
-22, -3, 1010
-16, -7, 1015
-12, -1, 1013
-16, -6, 1024
-7, 3, 1004
-10, 1, 1021
-16, 3, 1010
-13, 7, 1013
-15, 0, 1013
-15, 4, 1010
-10, 2, 1000
-12, 0, 1009
-23, 1, 994
-2, 0, 1000
-8, 10, 997
-20, -2, 1008
-8, -1, 1002
-10, -5, 1020
-15, 1, 1017
-10, 2, 1006
-8, 0, 1010
-16, -1, 1010
-4, -5, 1005
6, -3, 1007
-9, 0, 1016
-20, 2, 1004
-5, -1, 1006
-9, 2, 1013
-22, 5, 1003
-8, 2, 1004
-12, 1, 1011
-8, -1, 992
-5, -1, 1008
-10, 4, 1016
-15, 1, 1002
-10, 3, 1005
-1, 7, 990
-12, 7, 1008
-6, 0, 1012
-8, 2, 1020
-15, -2, 1026
-4, 1, 1003
-10, 3, 1006
-23, -2, 1024
-11, -6, 1016
-16, 1, 1013
-9, 1, 1017
-17, 2, 997
-17, 5, 1008
-9, 5, 991
-5, -5, 1009
-23, -4, 997
-20, 1, 1014
-8, 1, 1002
-23, 0, 1020
3, -2, 1002
-10, 3, 998
-13, 3, 1018
-2, 3, 1022
-16, 6, 1003
-21, -7, 1021
-22, 0, 1009
-20, -2, 1021
-18, -2, 1016
-22, 3, 990
-18, -1, 988
-30, 3, 987
-10, 1, 998
-9, 1, 1012
-18, -1, 1010
-12, 5, 1003
-17, 8, 1000
-13, 1, 1013
-11, -4, 1016
-11, 5, 998
-18, 5, 1002
-22, -1, 1023
-14, -1, 1011
-18, 4, 1009
-8, -1, 1007
-15, 0, 1009
-2, -4, 1007
-14, -3, 998
-16, -2, 993
-23, 2, 1018
-21, 5, 985
-5, 9, 1003
-13, 3, 1008
-7, 5, 1009
-15, 1, 994
-13, 6, 1002
-8, 5, 1009
-15, 0, 1017
-11, 6, 1031
-1, 6, 1002
-4, 3, 1013
-23, 3, 999
-1, 4, 1001
-11, 4, 1010
-25, 1, 994
-8, 2, 1015
-10, 1, 1010
-24, 5, 1006
-17, 4, 1017
-15, 1, 1022
-6, 0, 1000
-5, 6, 1027
-19, 5, 1023
-14, 5, 1004
-10, 4, 1024
-17, 0, 1003
-13, 1, 1001
-4, 3, 996
-14, 10, 1012
-16, 4, 1016
-23, 5, 1010
-13, 7, 1003
-16, -2, 996
0, 0, 1004
-15, 4, 1007
-18, 3, 1018
-16, 2, 1018
-27, 2, 987
-14, 2, 1011
-17, 6, 1009
-20, 1, 1012
-7, 4, 1002
-17, -4, 999
-12, -2, 1037
-20, -4, 1030
-8, 0, 1031
-27, -4, 1021
-12, 1, 998
-3, -1, 1016
-8, -3, 1012
6, 0, 999
-6, 0, 1009
-3, -1, 1010
2, 8, 997
-7, 5, 1010
-4, 3, 1011
6, 3, 1009
-17, 3, 1003
-12, 2, 1012
-11, 3, 1005
-23, 4, 1021
-20, -6, 1020
-14, 4, 1037
-17, 1, 1016
-5, 1, 986
-4, -1, 1014
-14, -2, 1005
-12, -6, 1003
-15, -5, 1016
-15, 5, 1011
-6, 3, 986
-15, 1, 1004
-22, 1, 1007
-14, 3, 1007
-17, 9, 1009
-24, 2, 989
-12, 2, 995
-23, 0, 993
-27, 2, 1032
-17, -5, 1037
-5, 0, 1019
-7, -3, 1017
-4, 4, 993
-13, 7, 1023
-14, 10, 1005
-16, 1, 1008
-15, 2, 1016
-16, 2, 1012
-5, 1, 1016
-12, 4, 1011
-13, -1, 1023
-28, -3, 1029
-28, 0, 1029
-20, 1, 1031
-14, -1, 1017
-2, 2, 1001
-12, 0, 1015
-1, 4, 1001
-16, -2, 1010
-6, -3, 1007
-7, 3, 1013
0, 4, 1006
-7, 1, 1024
-21, 2, 1021
-9, 6, 1014
-23, 4, 1000
-15, 1, 1018
-6, -2, 996
-19, 4, 1006
-8, 2, 1008
-10, 1, 1005
-5, 7, 1006
-16, -6, 1015
-12, 1, 1023
-9, 5, 1008
-5, 4, 1012
-8, 5, 1002
2, 5, 992
-12, 5, 1005
-12, 3, 1001
-21, -2, 1017
-19, -2, 1020
-19, 4, 1022
-2, -1, 1022
-7, 2, 1002
3, 3, 1018
-11, 3, 997
-9, 5, 998
-8, 6, 1008
-10, -1, 1013
-22, 2, 1012
-13, 0, 1008
-5, 4, 1025
-19, -6, 998
-21, 1, 1022
-1, 4, 1017
-4, 1, 1020
-20, 2, 1007
-20, -3, 1014
-27, 2, 1016
-14, 0, 996
-17, 5, 1025
-25, 2, 1016
-9, -3, 1012
-9, -1, 996
-13, 5, 1015
-6, 4, 1005
-21, 3, 1001
-18, -1, 1022
-15, -2, 1021
-2, 3, 1007
-13, 3, 1010
-11, 2, 1009
-5, 2, 1015
-19, 6, 1023
-4, -3, 987
-4, 2, 998
-7, -2, 997
-13, 2, 993
-17, -1, 981
-27, 1, 1010
-13, 4, 1017
-17, 0, 1015
-10, -2, 1017
-11, 6, 1001
-8, 9, 1006
-10, 4, 1015
3, 3, 997
-17, 1, 1003
-19, 5, 994
-22, 4, 1010
-9, 4, 988
-7, 3, 1015
-21, 1, 996
-16, 3, 1021
-2, 0, 1026
-1, 6, 998
-8, 1, 993
-1, 2, 1012
-7, 6, 1013
-9, 0, 1019
-5, 1, 1000
1, 0, 1010
-5, -3, 1022
-9, -10, 1006
-13, 5, 996
-13, 6, 1029
-20, 2, 1009
-10, 6, 1007
-21, 0, 1003
-12, 3, 1004
-13, 2, 1018
-17, 6, 1011
-5, -2, 1010
0, 4, 1011
-18, 8, 1022
-14, -2, 1020
-19, 5, 990
-21, 2, 1002
-2, 5, 995
-12, 6, 996
-21, 2, 1023
-15, 2, 1013
-4, 1, 1005
-13, 2, 999
-12, 0, 1007
-4, 0, 1000
-15, 2, 1007
-14, -1, 1012
-16, -2, 1027
-4, -1, 1019
-8, 4, 1018
-13, 8, 1010
-14, 1, 1000
5, -3, 1014
-1, -2, 1003
0, 2, 1010
-21, 0, 994
-29, -2, 987
-18, 4, 988
-12, 0, 1000
-25, 2, 1002
-8, 3, 1011
-18, -5, 1002
-10, 2, 1004
-18, 4, 1023
-11, 2, 1014
1, 2, 999
-13, 9, 997
-13, 5, 1014
-19, 2, 1025
-1, -1, 1018
-2, 4, 1028
-9, 5, 1011
-11, -2, 1010
2, 10, 1023
-15, 9, 1011
-17, 3, 1003
-16, 5, 1022
-7, 1, 1003
-10, 13, 1003
-18, 4, 1014
-19, -2, 1019
-7, 5, 1001
-16, 5, 1010
-13, 6, 1012
-10, 7, 1005
-20, 1, 1008
-20, -5, 1013
-16, -3, 1029
-9, 3, 1019
-9, 5, 1004
-14, 5, 1009
-7, 2, 1017
-7, -3, 1021
-11, 3, 1021
-17, -7, 1005
-5, -2, 1006
-5, 8, 990
-3, -2, 1017
-11, 2, 1005
0, 1, 1003
-9, 1, 1008
-5, 1, 1020
-10, 2, 1000
-8, 1, 1007
-10, 1, 1013
-15, 1, 1023
-6, -6, 1003
-14, 1, 996
-16, 1, 1008
-14, 0, 1002
-8, -2, 1025
-10, 1, 1005
-11, 5, 1000
-10, 1, 1010
-15, 5, 1002
-16, 7, 1000
-17, 7, 981
-9, 1, 1011
-9, 6, 1008
-18, 1, 1018
-18, 4, 1004
-19, 4, 996
-14, 5, 1007
-15, 1, 1000
-10, 0, 1025
-11, -4, 1005
-12, 4, 1007
-2, 1, 1014
-8, 3, 1014
-20, 1, 1005
-1, 2, 1009
-8, 5, 997
-8, 1, 1015
-14, 0, 1012
-22, -1, 1022
-10, 0, 1017
-12, -1, 1023
-17, 3, 1019
-11, 5, 998
-6, 1, 995
-4, 2, 1004
-18, 0, 1010
4, -1, 1015
-4, -5, 1001
-12, 3, 1000
-22, 0, 994
-14, 3, 1005
-25, 3, 999
-4, 4, 1020
-7, 3, 1007
-17, 2, 1014
-17, -5, 1012
-19, 1, 1021
-9, -3, 1030
-9, -1, 996
-11, 6, 1009
-22, 6, 1015
-5, -2, 1023
-14, 2, 1022
-3, 7, 991
-11, 9, 991
-8, 8, 1033
3, -1, 996
-11, -4, 1005
-12, -3, 1023
-11, -1, 1018
-14, 3, 1010
-22, 1, 1030
-15, -3, 1021
-9, 0, 1009
-6, 3, 1015
-8, 3, 1017
-14, 0, 1019
-24, 0, 1002
-19, 10, 1002
-21, 3, 1019
-12, -4, 1007
-21, 0, 1024
-8, 2, 983
-14, 5, 1006
-9, -1, 1012
-1, 4, 999
-3, -5, 1019
-14, -6, 998
-10, -6, 1021
-15, 6, 1014
-9, 0, 1008
-12, 0, 1008
-27, 5, 1006
-13, -1, 1007
-10, 0, 1021
-3, -3, 1029
-10, -3, 1018
-20, 0, 1019
-21, 7, 1003
-26, 4, 1016
-9, 3, 1018
-4, 6, 1009
-13, -1, 1013
-5, 3, 1020
-6, 6, 1014
-6, 8, 1015
-16, 7, 1010
-15, 0, 1009
-23, 3, 1042
-28, 2, 1030
-17, -1, 1013
-3, 1, 999
-3, -4, 1019
-14, -2, 1033
-4, -1, 1011
-16, -2, 1006
-15, 2, 1015
-14, 1, 1001
-11, 4, 1014
-6, 4, 1001
-20, -2, 1004
-3, 0, 1006
-3, -1, 1016
-13, 0, 1004
-7, -4, 1020
-21, 0, 1021
-2, 0, 1011
2, 3, 1003
-3, 3, 1014
-6, 1, 1018
-13, -1, 1006
0, 3, 1006
-10, 8, 1002
-13, 2, 1034
-24, -4, 1021
-17, 2, 1019
-18, 4, 1025
-14, 1, 1008
-10, 2, 985
-19, 5, 1002
-14, 4, 1001
-19, -3, 1010
3, 0, 1011
-1, 0, 1013
-14, 2, 1009
-3, 1, 1007
-9, 4, 1006
-23, 2, 989
-6, 3, 1028
-11, -2, 1011
-21, -1, 996
-5, -3, 1030
-12, 1, 1009
-19, -1, 1008
-11, 0, 1006
-9, 6, 1013
-19, 1, 992
-14, 5, 1026
1, 2, 1009
-20, 8, 1030
-10, 0, 1004
-5, 8, 1006
-13, -3, 1018
-16, 7, 999
-25, 4, 1002
-22, 1, 1010
-18, 4, 1004
-23, 0, 1023
-23, 3, 995
-27, -1, 1001
-30, -4, 997
-20, -3, 1008
-12, -2, 1007
-4, 0, 1002
-23, -3, 1011
-1, -4, 1005
-18, -3, 1011
-8, -2, 1012
-20, 0, 1002
-17, 4, 1014
-12, 9, 1013
-17, -2, 1019
-19, 2, 1016
-11, 0, 1007
-23, -4, 998
-23, 2, 999
-10, 3, 993
-5, 6, 998
-1, 5, 1020
-12, 3, 1014
-23, 0, 1002
-5, 2, 1017
-4, 1, 1004
-17, 3, 1015
-23, -1, 1013
-8, 3, 1013
-11, -2, 1012
-9, 3, 1029
-8, 3, 1010
-13, 0, 1022
-9, 7, 981
-3, 3, 985
-26, 9, 988
-10, 3, 998
-22, 9, 1027
-17, -5, 1028
-9, 3, 1004
-16, -2, 1014
-14, 5, 1009
-20, -4, 1017
-17, -1, 1012
-18, 4, 1022
-18, 5, 1007
-16, 3, 1000
-10, 0, 994
-10, 5, 1000
-19, 7, 1013
-23, 5, 1015
-23, 1, 1016
-7, 1, 999
-17, 5, 1026
4, 3, 1020
-20, 3, 1024
-21, 2, 1020
-12, 4, 1006
-18, 1, 1010
-9, -3, 1025
-7, 0, 1001
-6, -4, 1011
-6, -5, 1002
-9, 3, 1008
-4, 1, 1002
9, 3, 1004
-16, -3, 1000
-2, 0, 986
-8, 1, 1018
-9, 0, 996
-5, 4, 1006
-6, 2, 1024
-17, 5, 1008
-17, 3, 1009
-18, 0, 1002
-8, 1, 989
-14, 3, 1004
-6, 0, 1004
-13, 1, 1009
-6, 5, 995
-15, 1, 1020
-19, -4, 1025
-8, 1, 1013
-17, 1, 996
-12, -1, 1018
-17, 0, 998
-5, 5, 1015
-14, 4, 1019
-14, 0, 1026
-7, 2, 1006
-29, 3, 1004
-13, 4, 1016
-18, 1, 1024
-9, -2, 1031
-10, 2, 998
-22, 4, 1007
-20, -7, 1022
-19, -10, 1027
-12, 1, 1027
-16, -1, 1022
-23, -2, 1020
-18, -2, 1007
-14, -1, 996
-6, 0, 993
-18, 0, 1010
-1, -2, 1010
-8, 3, 995
-6, 2, 1008
-12, 8, 1004
-16, 0, 1007
-6, 4, 1006
-8, 3, 1011
-5, 0, 1017
-10, 1, 1021
-10, 2, 1003
-12, -2, 995
-7, 0, 1021
-6, 3, 1018
-9, -1, 1004
-10, 3, 999
-12, 3, 1012
1, -1, 1008
-10, 8, 1008
-6, 1, 1007
-19, 4, 1021
0, 2, 1027
-8, -2, 1027
-15, -2, 996
-15, 1, 1019
-15, 0, 995
-6, -3, 1022
1, 0, 1006
-20, -2, 1020
-15, -8, 1022
-8, -5, 1010
-8, -4, 1012
-7, 6, 1005
-9, 8, 1009
-5, 1, 1017
-10, 6, 1009
-16, -2, 1002
-8, 4, 997
0, 1, 990
4, 3, 987
-10, 6, 1000
-12, -5, 1018
-21, 4, 1020
-24, -2, 1022
-1, -3, 1023
-6, -4, 1012
-3, 3, 1026
-20, 6, 1010
-12, -5, 1008
-21, 2, 1018
-12, 6, 996
-13, -3, 1006
-21, -3, 1016
-19, -2, 1003
-22, -5, 1007
-26, 1, 1017
-19, 0, 1012
-17, -1, 999
-11, -1, 997
-22, 8, 1016
-11, 5, 1015
-1, 2, 1026
0, 0, 1011
6, 0, 1006
-7, -6, 1010
-23, 2, 1022
-21, 2, 1009
-15, 4, 1011
-4, 4, 1011
-17, 1, 1010
-9, 4, 1011
-10, 6, 1007
-14, 3, 1005
-13, 11, 1035
-23, -8, 1026
-17, -3, 1037
-22, 1, 1021
-18, -2, 1021
-10, -6, 1014
-10, 3, 998
-8, 1, 1013
-7, 1, 1013
-6, 2, 996
-3, 0, 1021
-26, 1, 1008
-19, 2, 1016
-24, 3, 1001
-24, 5, 1028
1, -1, 1006
-8, -1, 992
-21, 2, 1017
-3, 1, 1010
-6, 2, 1028
-13, 4, 1009
-23, 0, 1026
-21, 3, 996
-27, 6, 988
-29, -1, 997
-16, 2, 989
-13, -2, 996
-24, 4, 1013
-15, 3, 1025
-17, -3, 1013
-8, -3, 1003
-5, -1, 998
-9, 10, 1012
-7, 0, 999
-7, 1, 998
-7, 8, 1013
-3, -1, 1012
-24, 6, 993
-22, -4, 1005
-1, -5, 998
-10, 7, 989
-20, -2, 1021
-11, -2, 1023
-15, 0, 1002
-18, -4, 995
-10, 4, 1023
0, -3, 1012
-10, 0, 1011
-11, 3, 1011
-15, 3, 1012
-19, 1, 997
-10, 0, 1008
-14, 3, 1007
-1, 4, 1010
-17, 1, 1006
-7, 8, 1011
-16, 10, 1004
-22, 4, 994
-9, 3, 984
-16, 6, 991
-16, 2, 1008
-20, 8, 998
-9, 5, 1005
2, 5, 986
1, 1, 998
-6, -3, 1004
-15, 5, 1023
-15, -4, 1021
-17, -8, 1013
-17, -5, 1017
-13, 3, 1015
-10, -2, 1007
-8, -9, 1034
-6, -8, 1015
-7, 6, 1005
-11, 4, 1005
3, -3, 989
-4, 1, 992
-4, 4, 996
-13, 7, 991
-6, 8, 1001
-13, 0, 992
-12, 2, 999
-14, 5, 1003
-23, 0, 1012
-23, 1, 1010
-16, 0, 987
-10, 5, 1010
-12, -2, 997
-8, 4, 1019
-5, 3, 1009
-14, -1, 1015
-5, 7, 990
-14, 7, 1013
1, 2, 1031
-6, 5, 1000
-10, 6, 1020
-11, 1, 1011
-5, 5, 994
-8, 2, 997
-8, 4, 1008
-15, -5, 1019
-9, -1, 1010
-16, 5, 1023
-3, 3, 1002
-11, 0, 1020
-9, 4, 1028
-8, 0, 1001
-19, 1, 1019
-6, 2, 1000
-5, 1, 1000
-16, 1, 1010
-9, 2, 1020
-11, 4, 983
-5, 7, 988
-6, 2, 1003
-18, 4, 984
-16, 4, 992
-4, 3, 1015
-7, 3, 1025
-20, 3, 1013
-8, -4, 1023
-20, -1, 1026
-16, -1, 1020
-8, 4, 1020
-4, 4, 999
-14, 5, 1025
-33, 1, 1005
-22, 3, 1032
-26, 4, 1009
-16, 1, 1019
-14, 0, 1016
-9, -2, 1009
-10, -1, 1027
2, -2, 1010
6, 5, 1010
-24, 0, 997
-9, 5, 1005
-14, 1, 1016
-4, 0, 1023
-15, 8, 1004
-17, 2, 1012
-8, -2, 998
-7, 6, 1006
-9, 11, 1015
-10, 5, 1011
-23, 7, 1013
-20, 2, 1024
-11, 3, 1001
-21, 1, 989
-26, 7, 1012
2, 6, 1008
-15, 2, 1023
-14, -1, 1004
-24, 4, 989
-23, 10, 1019
-23, 4, 1019
-9, 3, 1008
-13, -1, 1007
-10, 1, 1002
-12, 8, 1006
-18, -3, 1017
-23, 5, 1010
-22, 2, 1021
-5, 3, 1017
-10, 4, 1010
-20, 0, 992
-20, -2, 1007
-5, -4, 998
4, 1, 1002
-24, -1, 1014
-16, 0, 1026
-27, 6, 997
-21, 4, 1018
-4, -1, 1018
-6, 0, 1017
-11, 4, 989
-7, 0, 988
-3, 1, 1024
-21, 2, 1011
-7, 5, 985
-24, 3, 1002
-11, 4, 991
-5, 3, 992
0, 1, 1016
-6, 6, 997
-6, 4, 1009
-18, 3, 1014
-12, -3, 1008
-15, 5, 1013
-4, 1, 997
-21, 5, 994
-11, 3, 997
-25, 3, 1023
-26, -4, 1018
-11, -1, 1004
-13, 1, 990
-13, -4, 1007
-13, -2, 1003
-15, 6, 993
-23, -2, 1020
-23, 3, 1012
-17, -1, 1007
-13, -4, 1030
-10, -5, 1020
-5, 2, 1002
-8, 0, 1022
-21, 1, 1003
-10, 2, 1023
-3, -3, 1011
-3, 8, 1000
-26, 0, 1024
-2, 0, 1003
-13, -2, 1006
-20, -6, 1011
-22, -6, 1021
-18, 1, 1028
-3, 1, 1022
-7, -1, 1010
-18, -6, 1007
-18, -6, 1030
-23, 2, 1027
-19, 2, 1032
-3, 1, 998
-2, 0, 1022
-16, -6, 1004
-17, -2, 1022
-1, 4, 1001
-5, 1, 1009
-15, 5, 983
-18, 7, 1001
-18, 6, 1016
-10, 0, 1019
-13, -1, 1026
-17, 4, 1024
-23, 6, 1027
-20, -2, 1020
-2, 8, 1010
-16, 4, 1019
-15, -4, 1006
-5, 3, 1007
-4, 3, 1033
-21, 0, 1026
-8, 1, 990
-14, 1, 1006
-13, 3, 1000
-13, 3, 1006
-22, 0, 1003
-16, 2, 1026
-15, -5, 1013
-8, -2, 1013
4, 4, 1015
-7, 7, 1000
-13, -2, 1014
-13, 5, 995
-22, 2, 1024
-27, -4, 1022
0, 1, 1024
-8, -3, 1008
-20, -1, 1011
-17, 1, 1005
-11, 4, 1004
-3, 2, 1018
-19, 3, 996
-8, 0, 1013
-10, 3, 1010
-11, 6, 1008
-15, -7, 1023
-18, 3, 1020
-19, 1, 1024
-3, -4, 1021
-8, -4, 1031
-16, -3, 996
0, -4, 1005
-11, -1, 1001
-12, 9, 991
-22, 7, 998
-22, -2, 986
-4, 0, 1004
-4, 7, 989
-9, 9, 1000
-12, 7, 1002
-12, 1, 990
-6, 2, 1029
-2, 1, 1011
-11, 1, 1013
-17, 1, 1003
-13, 1, 1005
-16, 0, 1027
-8, -10, 1009
-2, 1, 997
-13, 0, 1000
-1, -1, 1014
-11, 4, 994
-19, 1, 1012
-16, 1, 1019
-3, 6, 1003
-19, 2, 1004
-20, 1, 1015
-24, 7, 1022
-24, 1, 1016
2, 2, 1010
-20, 2, 1001
2, -2, 1001
-17, 6, 1014
-10, -4, 998
-17, 3, 987
-7, 5, 1010
-22, 9, 995
-9, 8, 983
-12, 4, 1013
-11, 4, 1006
-16, 5, 1025
-22, 5, 1021
-28, 4, 1004
-15, -1, 1017
-4, -3, 1015
13, 0, 1009
-4, -1, 1004
-11, 5, 1005
-21, 3, 1017
-13, -1, 1018
-15, -2, 1002
-14, -1, 1015
-19, 5, 990
-17, 0, 989
-10, 3, 1008
-14, 2, 997
-9, 4, 1013
-18, 5, 1007
-9, -3, 1037
-13, 2, 1028
-21, 5, 1013
-24, -4, 1028
-19, 1, 984
-9, 5, 1014
-11, 2, 997
-16, 3, 1043
-4, -6, 1005
-11, 0, 1005
-9, 6, 1001
-9, 0, 1022
-11, -1, 1011
8, 2, 1037
-10, 3, 1004
-14, 1, 1023
-20, 0, 1029
-23, 0, 1031
-6, 1, 1023
-14, -4, 1014
-12, 4, 1008
-11, 3, 1000
-24, 12, 1004
-28, 8, 1016
-13, 1, 1004
-10, 4, 1002
-14, 0, 1007
-6, 0, 1022
-11, 5, 994
-7, 6, 1004
-14, -2, 1001
-10, 2, 1010
-10, 7, 1020
-16, 3, 1008
-18, 3, 1003
-19, 1, 1011
-22, 1, 991
-10, -1, 1004
-13, 3, 1018
-2, 3, 1017
-19, 2, 1016
-10, 3, 982
-23, 1, 995
-26, 0, 1009
-2, 6, 1003
-14, -1, 1002
-19, 6, 1012
-5, 1, 1016
-10, -6, 1007
-21, -6, 1011
-11, -3, 1016
-13, 3, 1001
-10, 1, 1026
-4, -2, 1020
-14, -1, 995
-10, -3, 994
-18, 3, 1011
-21, 0, 1006
-9, 3, 1027
-14, -2, 1008
-2, 1, 1012
-11, 0, 1011
-3, 1, 996
-10, -5, 1010
-7, -4, 1011
0, 1, 1006
-5, 4, 992
-8, -1, 996
-7, 2, 1011
-23, 1, 1007
-5, -2, 1003
-10, 2, 1003
-16, 2, 1002
-14, 4, 1009
-10, 4, 998
-18, 6, 1003
-20, 5, 1014
-9, 0, 1025
-8, 4, 1029
-18, 1, 986
-13, 1, 1019
-16, 1, 1012
-3, 0, 999
-12, -1, 1013
-12, -1, 999
-20, 0, 996
-15, -4, 999
-11, -3, 1001
-14, 1, 1001
-10, 7, 981
-9, -1, 1011
4, -3, 1021
-6, 2, 999
-3, 0, 993
-28, 0, 1006
-6, 3, 997
-12, 5, 1015
-3, 2, 1011
-24, 6, 994
-16, -3, 1018
-14, -4, 1021
-11, 4, 1009
-22, -1, 1025
-22, 1, 1013
-6, 5, 1003
-11, 1, 1016
-4, 4, 1007
-20, -1, 1027
-6, -5, 1006
-13, 4, 1013
-10, 4, 1022
-2, 1, 1016
1, 1, 1000
-16, -1, 1008
-6, -3, 1008
-19, 5, 1001
-24, -5, 1022
-22, 7, 1039
-19, 0, 1015
2, -2, 1002
-11, 0, 1005
-11, 0, 1014
-1, -4, 1025
-4, -3, 991
-2, 6, 1018
-15, 3, 1024
-9, 2, 993
-24, 4, 1012
-12, -2, 1003
-5, 1, 981
-13, -2, 1017
1, 0, 980
-6, 6, 1006
-14, 0, 1003
-5, 4, 1009
-10, 1, 996
-3, 3, 1011
-2, 0, 1007
-4, 0, 1034
-12, 1, 1012
-17, 3, 1034
-15, -4, 1019
-12, 1, 1021
-18, 2, 1029
-18, 0, 1010
-15, 4, 1011
-4, 0, 1013
-13, 4, 1000
-12, 4, 990
-12, 4, 999
-24, 6, 1019
-14, 2, 1030
-25, -2, 1015
-13, 6, 1007
-2, 7, 1012
-17, 4, 1008
-18, 3, 1024
-7, 3, 1026
-7, -1, 990
-18, -2, 1002
-9, 5, 990
-6, 1, 999
-8, 5, 992
-2, 1, 986
-19, 2, 1009
-11, -1, 997
-12, 7, 992
-16, -5, 1029
-10, -7, 1023
-10, -2, 1029
-8, -2, 992
-3, 3, 999
-17, 5, 991
-7, -1, 997
-18, 7, 997
-10, 0, 994
-19, 3, 1010
-1, -3, 1003
-4, -6, 1016
-19, -8, 1017
-12, 0, 1011
-19, -5, 1013
-13, 1, 1018
-10, 0, 1027
-18, -11, 1016
1, -2, 1006
-9, 2, 1002
-8, -1, 1013
-19, 2, 1018
-10, 1, 992
-14, 5, 996
-21, 0, 1006
-8, -1, 1003
-13, 4, 1008
-19, 4, 1009
-14, 1, 1027
-1, 2, 1012
-4, -2, 1016
4, 6, 995
-13, 5, 1022
-11, 4, 1020
-20, -5, 1021
-5, -3, 1019
-10, -5, 994
-6, 9, 1022
-19, 8, 1019
-28, 4, 1004
-20, 4, 1021
-16, -2, 1008
-17, -5, 1015
-14, -2, 1023
-13, 6, 1028
-8, 1, 1021
-14, 3, 1045
-19, -1, 1005
-14, 0, 1008
-10, 5, 995
-17, 4, 1025
-12, 4, 1007
-6, -5, 1004
-8, 2, 997
-11, 2, 997
-17, 0, 1019
-23, 0, 1018
-11, -6, 1027
1, -6, 1010
-17, 0, 1000
-14, 2, 1017
-7, 1, 1009
-10, -8, 1015
-14, 3, 1003
-12, 2, 995
-21, 0, 1022
-2, -3, 1026
-1, 1, 1000
0, -4, 1014
-15, -4, 1033
-15, -4, 1017
-12, 4, 996
-14, 5, 1019
-6, 0, 997
-10, 5, 1010
-6, 5, 1000
-14, 4, 993
-5, -1, 990
-17, 2, 1025
-20, 2, 1016
-12, 10, 1005
-8, -1, 1016
-18, -7, 1031
-19, 1, 1021
-24, -6, 1025
-16, -5, 1024
-8, 1, 1013
-15, 4, 1004
-16, 0, 1001
-17, 5, 1018
-26, 7, 1017
-11, -3, 1021
-29, 3, 1007
-17, 0, 1003
-18, 2, 1013
-27, 8, 1012
0, 2, 1004
-18, -1, 997
-10, 4, 1022
-15, -3, 1023
-14, 1, 1014
-17, 2, 1017
-4, 2, 1011
-10, 5, 993
-12, 0, 1022
-11, 7, 1001
-12, 3, 1025
-12, 3, 1002
-13, -1, 1015
-8, 6, 1014
-12, 4, 1001
-7, 5, 998
-1, -2, 998
-8, 4, 1003
-8, 4, 1015
-12, 4, 1015
-23, 7, 1024
-19, -5, 1020
-15, 1, 1026
-11, 8, 1014
-19, 2, 1020
-12, 5, 987
-16, 9, 996
-18, 7, 992
-8, -2, 1005
-13, 6, 1010
-9, 0, 1010
-6, 2, 1003
-21, -3, 1015
-14, 2, 1015
-1, -4, 1019
-4, 1, 995
-18, 4, 1009
-15, -2, 983
-6, 4, 1014
-7, 5, 1008
-11, 0, 1008
-6, 0, 1018
-13, 0, 999
-6, 5, 1003
-11, 2, 1026
-32, 2, 1004
-10, 7, 1005
-6, 8, 995
-19, 4, 1031
-16, -4, 1020
-1, 5, 998
-5, 6, 1009
-7, 1, 1014
-29, -1, 1048
-7, 6, 1009
-22, -4, 1015
-17, 1, 1018
-9, -4, 1035
-7, 1, 1012
-8, 3, 1013
-14, 0, 1018
-11, 2, 1002
-14, 6, 1007
-5, 10, 1037
-25, 2, 1021
-11, -6, 1022
-17, 2, 1004
-10, 5, 994
-16, 2, 993
-18, 0, 999
-10, 1, 989
-12, 4, 1000
-13, 6, 999
-15, -1, 1018
-10, -5, 1021
-13, 2, 998
-16, -2, 1016
-17, -2, 1038
-17, -2, 1017
-12, 2, 1023
3, 4, 1004
-21, 0, 1016
-11, 5, 1026
-22, 1, 1027
-4, 2, 1008
-22, 2, 1003
-11, 6, 1011
-15, 6, 1015
-16, 3, 1031
-10, -4, 1023
-6, -2, 1015
-17, 2, 1007
-18, 0, 1017
-8, 2, 1006
-13, 1, 1010
-11, 7, 1004
-3, 8, 996
-11, 6, 985
-20, -3, 1009
-22, -4, 1019
-22, 1, 1008
-17, 3, 1016
-10, -2, 1025
-14, 3, 1009
-15, -3, 1014
-15, 1, 1016
-19, -1, 1017
-2, 5, 1019
-7, 3, 1016
-1, -5, 1004
-5, 1, 996
-14, 2, 1036
-15, -1, 1034
-21, 4, 1003
-24, -3, 1007
-26, 2, 982
-22, -5, 977
-29, 2, 1012
-26, -1, 1006
-15, 0, 1002
-17, 2, 1002
-16, -2, 1011
-24, 2, 1017
-7, 1, 1000
-28, 0, 1009
-4, -4, 1005
-1, 6, 986
-4, 2, 1016
-12, 4, 1004
-17, 1, 999
-23, 1, 1009
-5, 1, 994
-13, 4, 1004
-13, 3, 1005
-26, -2, 1005
-14, 3, 1006
-24, 4, 1008
-22, 2, 1021
-11, 2, 1017
-8, 2, 1010
-17, 2, 1002
-9, 2, 998
-1, -1, 1006
-15, -1, 981
-10, 0, 994
-23, -3, 985
-27, 5, 978
-3, 1, 991
-13, 4, 991
-17, -5, 991
-6, -4, 1014
-3, -2, 980
-17, -2, 997
-11, 4, 1019
2, 2, 995
-4, 3, 1000
-15, 3, 995
-15, 2, 1020
-10, 6, 1004
-22, 6, 1002
-22, 5, 1018
-19, 3, 1026
-8, -5, 1030
-9, 1, 996
-12, -1, 1018
-20, 3, 1008
-13, -5, 1015
-11, 5, 1025
-11, 4, 1016
-13, 4, 1007
-11, 3, 1003
-12, 6, 997
-14, 4, 997
-10, 1, 980
-5, -3, 1004
-20, -3, 985
-29, 2, 1003
-13, 4, 993
-18, 5, 999
1, 1, 1017
-2, -5, 979
1, 2, 995
-9, 3, 1021
-8, 5, 1014
-11, 4, 1004
-8, 5, 985
-13, 4, 1007
-11, 4, 1003
-5, -1, 993
-17, 7, 996
-15, 2, 1010
-11, 2, 1016
-8, 4, 1006
-9, 2, 1008
-15, 2, 1001
-10, 1, 1001
-16, -1, 1005
-19, 2, 1006
-22, -1, 999
-15, 4, 1015
-8, 2, 1009
-14, 3, 1009
-9, -3, 1001
-10, -4, 992
-19, 5, 1017
3, -3, 1002
-2, 0, 998
-4, -2, 1024
-19, 4, 1020
-5, 6, 1002
-21, 2, 1002
-18, 1, 1020
-17, 1, 1017
-7, 6, 1010
-14, -2, 1001
-2, -3, 1003
-5, 1, 1018
-21, 6, 1002
-16, -3, 1010
-26, -1, 1025
-25, -5, 1003
-8, -2, 1004
-12, 5, 1006
-11, 0, 1022
-14, -2, 1018
-15, 2, 994
-4, -5, 985
-7, 7, 997
-8, 5, 1022
-6, 3, 1007
-6, 2, 1002
-3, -2, 1020
-6, 3, 997
0, -1, 1013
-10, -1, 1022
-26, 2, 1004
-23, -1, 1027
-22, 0, 1029
-26, 3, 1008
-13, 2, 1015
-10, 4, 1016
-6, 3, 1006
-11, 0, 1013
-14, 3, 1017
-11, 1, 993
-7, 6, 1001
-1, 3, 1007
-13, 3, 1006
-19, 0, 1029
-20, 2, 1024
-22, 7, 1021
-16, 2, 998
-4, 7, 1024
-21, 6, 1022
-14, -3, 1008
-6, 2, 1000
-9, 1, 988
-11, 3, 990
-19, 5, 1017
-8, 2, 1029
-15, -1, 1004
-18, 0, 996
-20, 4, 994
-15, 4, 1003
-13, 1, 1028
-10, 1, 1007
-17, 0, 1013
-18, 5, 1013
-16, 0, 1015
-6, 3, 1023
-13, 1, 998
-12, 2, 1023
-2, 2, 1014
-18, 4, 1012
-10, -1, 997
-26, 5, 1004
-13, -1, 1011
-22, 1, 1013
-14, 4, 1007
-13, -1, 1008
-12, -2, 1008
-2, 3, 1018
-1, 3, 1012
-21, 3, 1008
-12, 1, 1017
-16, 6, 999
-19, 0, 989
-11, -4, 1018
-7, 3, 1028
-12, 0, 1002
-5, 0, 997
-2, 0, 1018
1, -2, 1029
-5, -1, 1027
-12, -2, 991
-2, 3, 1006
-21, 2, 1018
-8, -3, 1007
-12, 6, 1026
-18, 3, 1015
-22, 1, 1007
-9, 3, 1016
-1, 2, 1001
-10, -3, 1013
0, 3, 992
-3, 4, 1002
-8, 5, 1033
-17, -1, 1021
-16, 4, 1023
-6, 3, 1016
-5, -2, 1016
-19, 10, 999
-5, 4, 1017
-11, 3, 1010
-19, 3, 1006
-19, 0, 1019
-21, -10, 1035
-3, -6, 997
-15, -4, 999
-7, 7, 1027
-16, 4, 994
-11, 1, 1001
-16, 3, 1019
-24, 1, 1036
-20, 2, 1004
-7, 7, 1027
-26, 10, 1006
7, 1, 1005
-10, 8, 1011
-14, 3, 1003
-7, 5, 1008
-10, 6, 1009
-16, -7, 1019
-9, 0, 1028
-10, 5, 1007
-8, 3, 1010
-26, 6, 1010
-4, 1, 996
-8, 2, 1001
-14, -5, 1000
-13, 6, 1002
-23, 4, 1011
-23, -1, 1006
-25, -2, 1032
-18, -1, 1022
-15, 2, 1024
1, -1, 996
-4, -2, 1000
-9, 0, 1008
-9, 4, 1009
-13, -1, 1007
-23, 2, 1012
-17, 6, 1014
-7, 2, 994
-4, 3, 1005
-10, 1, 1011
-10, 10, 1010
-23, 4, 1017
-7, -1, 1004
-14, 2, 1011
0, 2, 1019
-11, -3, 997
-16, 3, 996
-18, -4, 1013
-21, 0, 1012
-20, -1, 1015
-3, 5, 1009
-21, 3, 990
-12, 0, 989
-25, 1, 1017
-28, 0, 1003
-14, -3, 1009
-12, -1, 1006
-11, 4, 1022
-10, 4, 994
-18, 2, 1003
-23, 0, 1020
-1, -5, 993
-10, 4, 1000
-18, 6, 1024
-10, -2, 1015
-8, -3, 1029
-7, -6, 1008
-10, 6, 1010
-19, 5, 1017
-19, 1, 1028
-4, -3, 1001
1, 0, 1000
-15, 3, 994
-5, 0, 1017
0, 7, 993
