-21, 8, 1000
-16, 2, 1006
-7, -2, 998
-21, 0, 1013
-4, 6, 1011
-19, 1, 1011
-10, 2, 1013
-10, 4, 1001
-19, 3, 1027
-24, 2, 1012
-24, 4, 1022
-10, 0, 990
0, 4, 993
-10, 3, 995
-12, 4, 1014
-11, 4, 1013
-20, -4, 1008
1, 1, 999
-1, 2, 1013
-5, 5, 1001
-14, 4, 994
-12, 3, 1034
-20, 5, 1031
-14, -1, 1012
-8, 3, 1014
-7, 7, 1020
-8, -2, 1013
-17, 2, 1011
-12, 1, 1017
-10, 3, 1022
-11, 3, 1007
-9, 7, 995
-17, 2, 1018
-4, -6, 1012
-9, 0, 1029
-11, 0, 1009
-21, -2, 994
-11, 3, 1020
-15, 1, 1018
-17, 5, 1036
-12, 1, 1025
-7, 3, 1016
3, 5, 1005
-10, 4, 1001
-29, 5, 1007
-18, 2, 1012
-16, 5, 1003
-19, 9, 1011
-19, 4, 1007
-7, 2, 1021
-19, 5, 999
-21, -4, 1032
-5, 0, 1023
-10, -4, 1007
-23, 1, 994
-13, 0, 1012
-18, 2, 1009
-22, 2, 1010
-5, 0, 1006
-8, 3, 1004
-13, 1, 1038
-17, 0, 1018
-10, -1, 1030
-19, 1, 1018
-29, 5, 1030
-27, -3, 1024
-16, -3, 1025
-9, 2, 1014
-1, 8, 1001
-20, -2, 1019
-13, -3, 1006
-9, 2, 997
-11, -4, 1002
-14, -7, 1009
-6, 2, 1000
-13, -4, 995
-21, 5, 988
-17, 3, 1006
-26, -2, 1014
-19, 2, 1012
-7, 3, 1018
-12, 5, 1024
-10, 1, 1003
-18, -1, 1020
-16, 6, 1012
-9, 3, 995
-1, 6, 997
-17, 2, 1012
-16, 2, 1024
-6, -1, 1006
2, -3, 993
-24, 1, 1013
-16, -2, 1011
-4, 0, 1008
-12, -2, 1001
-12, 4, 999
-11, 3, 998
-12, -5, 1018
-14, 2, 998
-22, 7, 996
-24, 3, 1009
-7, -2, 1017
-14, -2, 1015
-22, 7, 992
1, 5, 1003
-9, 0, 1012
-10, -4, 1025
-4, -4, 1010
-14, 2, 1010
-9, -2, 992
-21, 0, 1000
-11, 7, 990
-18, 2, 1017
-20, 0, 1008
-16, 0, 1000
2, 0, 994
-7, 0, 1013
-9, 1, 1010
-14, -5, 1016
-8, 0, 1008
-15, -1, 1003
-18, -7, 1021
-17, 2, 1030
0, -3, 1015
-2, -1, 1002
-7, 5, 982
-7, 4, 994
-1, -2, 1008
-3, 0, 990
-5, 4, 999
-2, 7, 994
-10, 5, 1012
-21, 6, 1006
-18, -5, 1014
-18, -7, 1023
-10, -1, 1021
-12, 4, 1006
-11, 0, 998
-20, -1, 1009
-33, -1, 1001
-14, 2, 1016
-21, 0, 1016
-16, 3, 1014
-11, 0, 1015
-18, 1, 1008
-17, 2, 1002
-7, 4, 1009
-21, 0, 1023
-1, 2, 1007
-7, -3, 1016
-2, -1, 1026
-7, -3, 995
-3, -4, 1009
-16, 0, 1027
-20, -4, 1028
-5, -7, 1031
-21, -1, 1023
-23, 2, 1026
-16, 7, 1017
-15, 2, 1002
-6, 4, 1005
-17, -1, 1002
-8, 0, 1017
3, 3, 1015
-18, 2, 998
-15, -2, 1010
-12, 1, 1000
-12, 3, 1028
-6, -4, 1031
-15, 1, 1005
-6, -2, 1005
-7, 5, 1004
-27, 4, 1017
-19, -2, 1005
2, 3, 999
-10, -3, 1005
-9, -1, 1008
-6, 2, 993
-15, 7, 992
3, 2, 1007
-5, 2, 1012
-5, 1, 1011
-24, -1, 1008
0, -1, 1002
-5, -5, 1005
7, 2, 1008
-6, 4, 1005
0, 0, 1015
-10, 1, 1007
-18, 5, 1000
-25, -4, 1017
-24, -1, 1038
-24, 1, 1032
-26, -4, 1028
-13, -2, 1031
-6, 2, 1010
-7, 0, 1024
-10, -3, 1011
-24, 1, 1009
-6, -3, 1014
-2, 2, 1005
-8, 1, 1011
-2, 6, 1001
-14, 2, 989
-18, 4, 993
-23, -4, 1030
-21, 0, 1033
-24, -1, 1031
-18, 2, 1016
-13, -1, 1010
-14, 2, 1002
-12, 3, 981
-2, 4, 1026
-20, -4, 1015
-12, 6, 997
-5, 5, 1009
-10, 4, 1001
-10, -1, 1013
-16, 4, 993
-18, 5, 1020
-6, 4, 1017
-5, 2, 1005
-18, 2, 1016
-2, 2, 1005
-11, -3, 1021
-9, 3, 1004
-9, 4, 1011
-18, 3, 1006
-14, -1, 1006
-19, 0, 1009
-5, -1, 1008
-9, 2, 1012
-16, -1, 1024
-13, 5, 1032
-16, -3, 1018
-16, 3, 1007
-18, -4, 1027
-18, 3, 1025
-17, -4, 1019
-11, -3, 1023
-19, 1, 1008
-22, 2, 1025
-16, 1, 1027
-12, 1, 1018
-10, -6, 1013
-14, -6, 998
-4, -5, 1026
-13, -3, 995
-10, 1, 1007
-27, -1, 1001
-12, 5, 1020
-8, 3, 994
-11, 2, 993
-21, 2, 995
-17, -1, 990
-10, -4, 1017
-14, -5, 1019
-22, 7, 997
-17, 7, 997
-18, -4, 1028
-13, 3, 1007
-17, -2, 1019
-19, 2, 982
-3, -2, 1019
-18, 5, 1014
-17, 2, 1007
-12, -5, 1011
-11, 2, 1026
-14, 1, 1021
-14, 2, 1006
-19, 2, 1002
-11, 3, 1008
-11, 0, 1023
-9, 5, 1000
-20, -1, 1016
-14, -9, 1020
-6, 2, 1006
-20, 0, 1005
-5, -4, 1003
-13, 3, 992
-20, 1, 996
-32, -1, 1013
-31, -2, 1021
-15, -3, 1014
-21, -1, 1021
3, -2, 1016
-14, -1, 1010
-3, 5, 999
-25, 3, 996
-17, 1, 1001
-11, 9, 1023
2, 0, 997
-2, 3, 1001
-17, 6, 1010
-16, 3, 1001
-20, 2, 1008
-14, 1, 999
-13, -1, 1003
-15, 3, 994
0, 7, 1003
-27, 8, 1011
-25, 2, 1019
-23, 5, 1014
-15, 3, 1015
-12, 1, 1012
-14, 1, 1001
-11, 2, 1003
-17, 0, 1002
-14, -1, 1018
-4, -4, 1011
-10, -7, 1006
-8, -4, 1009
-6, 5, 999
-11, 3, 989
-23, 0, 1034
-32, 1, 1019
-2, 1, 1030
-17, 0, 998
-14, 1, 1016
-14, -7, 1005
0, -5, 1015
11, -3, 1017
-8, -1, 1001
-17, 2, 1021
3, -1, 1001
-7, -4, 994
3, 2, 1009
-33, 2, 1008
-18, 4, 1015
-20, 3, 990
-7, 5, 1015
-18, 4, 1010
-19, 0, 1015
-21, 1, 1003
-11, 3, 1017
-24, 7, 1001
-10, 2, 1003
-14, 1, 986
-24, 1, 1020
-7, -2, 983
-1, 3, 995
-8, 6, 1023
-9, 6, 1027
-20, 3, 1013
-10, 1, 1000
-19, -1, 1005
1, 7, 1030
-13, 2, 1017
-11, 1, 1021
-18, -4, 1023
-12, -3, 999
-21, 9, 1018
-16, -4, 1020
-17, -2, 1024
-13, 4, 1018
1, 4, 1007
-5, 5, 998
-1, 0, 1003
-3, -3, 1049
-23, 0, 1035
-20, -5, 1020
-12, 0, 1018
-9, 1, 1021
-15, 2, 1014
-12, 5, 1018
-13, 4, 1014
-10, 0, 1011
-10, 0, 992
-9, 1, 994
-14, -2, 1005
-18, 2, 1026
-19, 3, 1016
-10, 4, 1001
-2, -1, 987
-6, 4, 1027
-15, 1, 994
-14, 6, 1003
-14, 4, 1013
-13, 0, 1015
-11, 6, 1019
-11, -2, 1029
-19, 1, 1003
-13, 3, 1020
-13, 2, 1008
-6, 3, 1019
-8, -4, 1015
-9, 2, 1028
-7, -3, 1020
-13, 2, 998
-17, -2, 1011
-6, 2, 1011
-17, 3, 1003
-5, 7, 1007
-17, 5, 1015
-4, -3, 1011
-3, 4, 973
-16, 7, 993
-4, 11, 990
-4, 6, 996
-4, 4, 1016
-16, 3, 1003
-6, -1, 1014
-22, 5, 1000
-21, 0, 1022
-12, -6, 999
-21, 3, 983
-21, 1, 996
-15, -1, 989
-15, -1, 1006
-17, -4, 1002
-19, 5, 987
-24, -4, 1005
-19, -2, 1025
-19, 0, 1020
-18, 6, 992
-24, -2, 1004
-30, 6, 995
-17, -1, 996
-8, 4, 1020
-13, 0, 1003
-4, 1, 1015
-12, 3, 1015
-2, 0, 1014
-1, -1, 1002
-8, 4, 1024
-18, -1, 1013
-17, -6, 1019
-20, -1, 1030
-22, 3, 1022
-19, 0, 1010
-21, 6, 1002
-6, 6, 1026
-9, 3, 1000
-13, -4, 1000
-12, 6, 1001
-6, 9, 1020
-2, 1, 1010
-10, 4, 1009
-14, 7, 1004
-15, 8, 1038
-11, -3, 1026
-10, 3, 1009
-20, 4, 1032
-25, 3, 1018
-11, -3, 1013
-12, 5, 990
-11, 2, 990
-18, 3, 1011
-13, 3, 1000
-9, 6, 1010
-16, -1, 1001
-14, 2, 1015
-8, -1, 1021
-22, -1, 1014
-2, 5, 1032
-16, 3, 1007
-10, 2, 1005
-15, -2, 1013
-9, 5, 999
-12, 2, 997
-12, -2, 1010
3, 0, 1005
-12, -1, 1004
-2, 0, 1017
-20, -2, 1018
-20, -3, 1008
-16, -4, 1043
-19, -4, 1011
-16, -1, 1017
-13, 5, 1001
-10, 0, 1013
-8, -3, 1012
-7, 1, 1021
-7, 1, 998
-11, 1, 1004
-17, 3, 1021
4, 0, 1006
-4, 2, 996
-5, 0, 1029
-4, -2, 1021
-13, 0, 1022
-14, -2, 1011
-11, 3, 1027
-16, -3, 1023
-23, -2, 1009
-10, 4, 1008
1, 0, 1013
-5, 0, 1025
-23, -1, 1012
-18, 2, 1020
-8, -1, 1005
-20, 4, 1023
-14, -1, 1023
-16, 4, 1000
-17, 8, 991
-19, -3, 1025
-12, 0, 1016
-12, -4, 1012
-16, -2, 995
-9, 8, 1006
2, 5, 1018
-17, 0, 1015
-8, 3, 1020
-13, 2, 1041
-21, 4, 995
-24, 7, 1015
-5, 3, 1011
-6, 0, 1005
-11, 0, 1014
-11, 6, 998
-25, -3, 985
-35, -1, 1016
-23, 7, 1019
-31, -1, 994
-5, 5, 1011
-13, -4, 1011
-19, -4, 1025
-16, -4, 1032
-18, -1, 1026
-12, 0, 1021
-2, -9, 1008
-1, -3, 1002
-16, 6, 1010
-15, -3, 1017
-12, -1, 1018
-17, 3, 1008
-17, -2, 1019
-24, 2, 1006
-6, -6, 1010
-8, 3, 1023
-6, 2, 1011
-12, 0, 1004
-20, -1, 1022
-4, 0, 1019
-14, -4, 1002
-17, 2, 1016
-14, 3, 1002
-11, 5, 1012
-13, 1, 1014
-8, 4, 1013
-15, 1, 1001
-15, 5, 1009
-21, -2, 1016
-10, -2, 986
-16, 0, 995
-13, 5, 997
-18, 1, 1005
-6, -5, 994
-3, 2, 1002
-21, 2, 988
-7, -1, 1003
-9, 3, 1023
-5, 6, 1005
-20, -3, 1011
-14, -3, 1019
-18, 1, 1021
-1, -4, 1036
-2, 3, 1002
-4, -4, 1011
-14, -3, 993
-5, 5, 1016
-21, 7, 1005
-16, 2, 999
-4, 8, 1015
-24, 2, 1003
-5, 2, 984
-10, 6, 1007
-3, 2, 1029
-4, 2, 997
-16, 2, 992
-8, 6, 1015
-16, 6, 1022
-12, -2, 1008
-15, 4, 1012
-8, 2, 994
-24, 2, 991
-18, 2, 996
-17, 5, 1013
-30, 0, 1024
1, -3, 1016
0, 0, 1013
-3, -5, 991
-18, -5, 1021
-27, 2, 1005
-28, 1, 1021
-28, -2, 1026
-8, 2, 1018
1, 2, 1019
-10, -2, 1024
-3, -3, 1017
-6, 1, 1011
-17, 7, 1011
-25, 1, 1020
-4, 2, 992
2, 2, 1002
-9, 0, 1016
-10, 1, 1001
-21, -1, 1026
-2, -3, 1035
-14, -5, 1025
0, 2, 1004
-8, 6, 1008
-5, 3, 1011
-12, 4, 1024
-4, 3, 1008
-11, 3, 1010
-6, 2, 1004
-14, 5, 999
-10, -1, 1005
-16, -1, 1018
-12, -2, 1021
-9, 4, 1034
-13, 6, 1017
-19, 4, 997
-21, 7, 1026
-20, 7, 1004
-19, -4, 1020
0, -2, 1016
-12, 3, 1013
-15, 2, 993
-26, -5, 1026
-16, -3, 1019
-17, 1, 1015
-15, 6, 1015
-5, -2, 1011
-8, 4, 1012
-10, 3, 994
-6, 1, 1011
-19, -4, 996
-19, 6, 1007
-9, 5, 998
-25, 0, 995
-19, 0, 1004
-8, 1, 998
-13, 6, 1004
-24, 7, 997
-23, 3, 1014
-18, 6, 1014
-13, 1, 1009
-12, -1, 988
-15, 7, 1006
-30, 2, 1009
-1, 2, 1017
-19, -2, 1012
-13, -4, 1013
-16, 3, 1016
-17, -1, 1019
-29, 0, 1031
-20, 2, 1010
-19, 0, 1000
-5, 1, 1006
-13, 5, 1005
-15, -7, 1009
-16, 2, 1027
-2, 28, 1136
-14, -41, 1124
-29, 7, 923
-2, 5, 991
2, 38, 1033
-9, 4, 963
2, -6, 927
-4, -15, 990
-4, 7, 963
-4, -2, 879
-4, 30, 974
4, 8, 983
-12, 10, 919
-8, -4, 995
-22, -12, 1034
-17, -23, 1059
-21, -15, 1109
-10, -9, 1135
-18, 2, 1107
-23, -9, 1099
-16, -18, 1077
-1, -87, 1070
-81, -375, 1063
-214, -84, 872
48, 124, 791
115, 0, 692
19, -47, 844
-43, -86, 824
-62, -32, 580
-20, 16, 385
51, 36, 375
59, 47, 414
-1, 41, 418
0, 58, 347
-263, 13, 1350
15, 176, 1260
11, 142, 1124
-67, 196, 1688
68, 27, 1168
14, 11, 1312
-3, -13, 1049
-4, -58, 582
-50, -145, 1323
-81, 62, 586
-19, 38, 573
7, 22, 1432
7, -25, 1623
6, -8, 1429
-7, -38, 1534
-11, 5, 1397
-13, 55, 889
1, 31, 704
-7, 13, 586
-17, 0, 609
-7, 5, 867
-13, 36, 1046
-7, 19, 1131
-8, 21, 1030
-17, 10, 956
-13, -7, 841
-26, 12, 834
-27, 33, 1098
-15, 22, 1075
1, 4, 1045
-18, -4, 1099
1, 1, 1184
-11, 6, 1119
-5, 14, 1076
-4, 8, 1039
1, 6, 1016
7, 5, 1009
-1, 13, 1041
-7, 13, 1058
-6, 12, 1027
-7, 10, 974
-17, 14, 989
2, 14, 999
-10, 15, 966
10, 12, 978
-12, 13, 956
-15, 13, 1000
-9, 9, 1007
-7, 12, 991
-10, 13, 997
0, 7, 1000
-7, 6, 997
7, 7, 1027
-15, 12, 1022
-21, 9, 1010
-6, 8, 1023
-16, 9, 1006
1, 10, 1018
3, 1, 1003
-16, 8, 1012
3, 11, 998
-3, 8, 1010
5, 15, 1009
-2, 10, 1005
-4, 3, 1015
-10, 10, 1010
-12, 14, 975
-17, 5, 969
-11, 12, 982
-11, 13, 967
-9, 9, 966
-23, 9, 956
-13, 4, 1034
-8, 5, 1056
-4, 7, 1020
-7, 3, 1031
1, 7, 1034
-4, 9, 983
-3, 8, 1001
-5, 7, 1028
-15, 5, 1009
10, 4, 1043
-10, 1, 1055
0, 3, 1059
-1, 0, 1036
-9, 1, 1013
1, -2, 1027
-5, 0, 1009
-1, 7, 1028
-11, 8, 1006
-6, 6, 1021
0, 2, 1020
-1, 3, 1004
-13, 4, 1013
4, 7, 996
-2, 6, 1006
11, 11, 979
-11, 10, 1009
-2, 13, 997
3, 9, 994
4, 3, 1007
6, 9, 1002
-8, 3, 1030
-8, 6, 1037
-7, 3, 1014
8, 4, 1035
-2, 0, 1020
-14, 2, 1026
-11, 3, 1021
-4, 5, 1011
-5, 10, 1010
-7, 3, 1009
-9, 6, 999
1, 3, 1019
-2, 7, 991
-2, 8, 1003
-11, 11, 1022
-8, 3, 1009
-8, 10, 999
7, -3, 1027
9, -2, 1010
4, 2, 1011
-13, 5, 1024
-9, 0, 1012
-10, 9, 1004
-14, 6, 1015
-3, 6, 1006
-8, 2, 1012
-15, 8, 1016
13, 5, 1011
16, 2, 1006
-1, -2, 1006
-4, 6, 1008
-1, 11, 1002
0, -1, 1004
8, -1, 1016
-4, 9, 1013
3, 3, 1016
-7, 0, 1035
-6, 4, 1015
4, 9, 1016
8, 10, 1019
-9, 8, 1021
-9, 0, 1008
-1, 9, 1007
1, 11, 986
6, 5, 1020
-9, 5, 1012
-8, 2, 1009
-8, 5, 994
2, 8, 989
-6, 12, 1014
12, 11, 1002
16, 8, 1010
2, 9, 1020
-3, 6, 1018
-5, 5, 1019
-9, 6, 1023
-9, 2, 1023
-1, 1, 1009
13, 5, 1020
-2, 3, 1026
-10, 8, 1041
-11, 6, 1005
-8, 4, 1020
1, 4, 1002
-9, 2, 1016
-15, 5, 1000
-17, 4, 993
1, 9, 1000
12, 9, 1013
5, 9, 1000
-10, 4, 1013
15, 1, 1009
13, -2, 1024
11, 2, 1018
9, 9, 1004
-2, 8, 1011
9, 0, 990
-10, 5, 1005
4, 4, 1006
0, 6, 1019
1, 5, 1005
0, 3, 1009
0, -1, 1020
2, 5, 1026
-1, 2, 997
-7, 2, 1009
-6, 6, 1010
-6, 0, 1004
-3, 10, 995
3, 5, 1017
1, 8, 1016
-9, 7, 1009
-2, 2, 1018
-9, 4, 1002
2, 3, 1022
-6, 1, 988
-4, 8, 1014
1, 2, 997
4, 5, 1016
-2, 4, 1016
-3, 7, 1006
-1, 6, 1013
3, 4, 1015
-3, 15, 1019
-2, 0, 1015
-3, 3, 1032
-1, 3, 1020
-1, 5, 1002
-3, 1, 1007
-4, 1, 1015
10, 3, 1019
-7, 5, 1016
-7, 2, 1020
-6, 10, 1015
-5, 3, 1007
-13, 4, 999
0, 2, 1005
-3, 9, 1026
-6, 0, 1001
4, 9, 1002
-2, 2, 1007
-3, 3, 1003
7, 7, 1011
1, 4, 1013
-6, -3, 1021
2, -3, 993
7, 7, 999
11, 11, 1019
4, 12, 1004
-9, 5, 1011
-3, 2, 1015
-5, 5, 1000
2, 1, 1004
-3, 6, 1009
0, 4, 1004
2, 1, 1015
9, 1, 1017
0, 2, 1018
3, 5, 1016
-1, 11, 994
-6, 1, 1008
1, 5, 1015
-2, 8, 1004
6, 7, 1008
-3, 6, 1015
-3, 9, 1010
6, 9, 1002
-9, 10, 1008
-10, 2, 1001
1, 10, 994
-7, 0, 1020
-1, 3, 1010
-1, 3, 1002
4, 7, 1004
-8, 7, 1013
-6, 3, 1008
9, 11, 1011
-7, 4, 1022
3, 6, 1004
6, 5, 1012
-5, 6, 1015
-14, 2, 1015
-3, 7, 999
-3, -3, 991
-2, 4, 1007
8, 0, 1022
3, 5, 1003
6, 8, 1018
1, 5, 996
5, 9, 995
0, 14, 1006
1, 3, 1013
3, 3, 1006
-10, 1, 1011
-1, -1, 997
-3, 4, 1003
1, 9, 982
9, 2, 1003
0, 1, 1002
0, 4, 1019
11, 2, 1006
-5, -1, 1004
6, 6, 1001
-7, 8, 1017
-8, 5, 1021
-9, 5, 1011
2, -1, 1007
-4, 3, 1013
8, 5, 1016
-11, 7, 1009
-9, 6, 1012
12, 5, 1004
5, 13, 989
-1, 14, 1011
-1, 3, 1013
-9, 12, 1002
2, 1, 1006
-2, -2, 1020
11, 2, 1033
-9, 5, 1009
10, 3, 1009
5, 5, 1003
7, 6, 1014
-4, 3, 1009
12, -1, 999
-14, 6, 1026
6, 8, 1017
10, 3, 1002
9, 9, 1005
-3, 5, 1000
8, 8, 996
-5, 12, 996
-1, 8, 1016
3, 4, 987
11, 8, 1002
-3, -1, 1010
5, 3, 1029
4, 4, 1016
-6, 0, 1025
2, 6, 1012
-7, 11, 1008
8, 3, 1027
6, 0, 1011
-5, 8, 1009
-2, 2, 1016
-9, -2, 1024
7, 6, 999
-5, 8, 1012
2, 6, 997
4, 9, 1004
-3, 9, 992
-9, 12, 989
1, 2, 1017
-3, -3, 1006
-2, 0, 984
-5, 4, 1000
-7, 0, 1002
3, 5, 995
-7, 3, 1019
-6, 8, 1014
-2, 2, 1004
-8, 4, 1012
1, 7, 1001
-3, 0, 1010
-1, 3, 1001
0, 9, 988
1, 10, 1017
1, 3, 1006
-4, 10, 1011
-2, 3, 1010
-12, 6, 1006
3, 10, 1000
-3, 5, 993
-6, 7, 996
-10, 8, 994
12, 6, 993
8, 9, 990
-3, 7, 977
-10, 7, 994
-5, 11, 1001
-3, 1, 1010
0, 4, 994
3, 5, 1009
4, 3, 1013
-5, 0, 1007
-2, -3, 1017
8, -1, 1020
6, 9, 1001
1, 1, 1010
-3, 7, 996
-1, 6, 1008
1, 4, 1020
-5, 1, 1012
-8, 3, 1010
-1, 4, 1019
0, 4, 998
-5, 3, 1024
-3, 3, 991
7, 9, 1024
-4, 5, 1017
11, 6, 990
-1, 6, 1020
4, 8, 995
-3, 8, 1007
10, 7, 1020
2, 7, 994
-5, 8, 1001
0, 2, 997
9, -2, 1012
2, -3, 1005
10, 9, 1000
2, 5, 1011
1, 5, 1002
-2, 0, 1026
-10, 7, 995
-1, 6, 997
-2, 6, 983
-6, 5, 1016
2, 6, 995
-4, 6, 1009
-3, 7, 1027
3, 8, 997
-4, 3, 995
2, 9, 1001
-4, 12, 994
-4, 14, 988
1, 9, 1020
-2, 3, 1016
12, 7, 1019
-5, 6, 1005
6, 11, 1016
-18, 7, 994
5, 7, 996
7, 1, 998
-1, 5, 1005
3, 1, 1006
11, 3, 1006
6, 7, 1007
5, 5, 1023
-1, 5, 1002
7, 2, 1001
6, 4, 993
3, 7, 994
3, -1, 1005
-7, 8, 1006
-8, 3, 1021
-1, 9, 1010
-1, 9, 1004
6, 5, 1004
6, 4, 1000
6, 2, 1014
-1, 3, 1018
-8, 7, 997
-10, 0, 1036
3, -1, 1009
1, 1, 1025
-1, 2, 1024
-1, 8, 993
4, 4, 1009
-5, 2, 993
-5, 4, 997
-13, 6, 1012
-8, 9, 1004
-1, 10, 1005
-17, 10, 1006
-12, 2, 1005
14, 3, 1012
-6, 5, 1010
1, 2, 1015
0, 4, 1008
2, 3, 1014
-8, 5, 1003
-13, 4, 1009
-4, 1, 1013
5, 12, 1010
-6, 12, 1019
-7, 7, 995
-5, 2, 1000
-9, -3, 1007
6, 4, 1000
-6, 1, 1016
6, 7, 1010
-6, 1, 1011
-4, 4, 991
-10, 7, 1012
-2, 10, 1015
6, 7, 1022
-7, 6, 1007
2, 8, 1028
1, 2, 1037
0, 3, 1023
-13, 4, 1044
-8, 4, 1047
2, -1, 1063
10, 3, 1061
0, -1, 1031
5, -7, 1022
4, -7, 991
6, -2, 978
-2, -4, 966
-15, 1, 994
-5, 2, 1007
-3, 7, 1017
0, 2, 1026
-1, -5, 1036
1, -6, 1021
6, -3, 994
-6, -1, 1011
-1, -1, 1003
-2, 4, 1016
0, -6, 994
-2, 2, 1011
-1, 0, 1012
3, -4, 1017
-5, -4, 1005
-2, -5, 1002
-13, -6, 999
1, -9, 975
-11, -7, 1004
-5, -12, 1016
9, -13, 1006
7, -5, 1004
7, 3, 988
5, -3, 996
-7, 1, 1016
-6, 0, 1011
-8, -6, 1019
0, -6, 1040
-4, -1, 1014
-6, 1, 999
-3, 0, 1040
-6, -3, 1007
3, 2, 989
-2, 5, 992
-8, 3, 986
-12, 1, 967
-14, 8, 962
-1, 6, 968
-10, -1, 979
4, 7, 966
-9, 4, 962
-12, 1, 955
4, -4, 972
-3, -11, 974
3, -9, 1005
-9, -2, 1015
1, -4, 1039
5, -5, 1030
7, -2, 1036
8, -12, 1295
5, -16, 1247
8, 7, 1171
-10, -3, 1119
-6, 10, 1110
4, -3, 922
-14, -22, 870
-11, -4, 900
-1, -10, 939
-4, -1, 925
-13, -8, 1020
5, -7, 1074
8, 12, 1046
11, 6, 993
-6, 3, 988
-5, -4, 989
-17, -9, 963
-15, -8, 945
-10, -1, 990
6, 0, 994
-17, -8, 990
-14, -11, 997
-11, -2, 992
-12, -6, 1009
-14, -2, 991
-15, -6, 1014
-20, -6, 1082
-11, -22, 1250
1, -10, 1251
-9, -2, 1217
-15, 10, 1077
0, 3, 917
-12, -12, 889
-9, -14, 871
-3, 4, 899
-13, 8, 917
-4, 16, 946
-4, 8, 1050
11, 5, 1076
-14, -7, 1067
-12, -4, 1039
-19, 1, 1017
2, 5, 937
-20, 4, 925
-18, 2, 976
-6, 4, 1007
-12, 6, 1005
-17, 5, 1010
-5, 18, 1001
-11, 3, 981
-3, 9, 1002
-16, 12, 955
-12, 4, 925
-7, -2, 939
-20, -8, 996
-5, -1, 1006
-14, 0, 1014
-2, 3, 1032
-19, 0, 1038
-16, -1, 1036
-12, 2, 1030
-10, -7, 999
-7, -2, 990
-1, 5, 964
-2, 1, 974
-10, -7, 1015
-12, -2, 1065
-11, -5, 1077
-16, -3, 1050
-16, 11, 1062
-19, -5, 1024
-9, 2, 1013
-19, 7, 991
-11, 8, 979
-30, 5, 970
-26, -3, 958
-14, 7, 978
-11, -1, 1026
-17, -3, 1038
-14, 6, 1005
-18, -4, 989
-15, -8, 968
-11, -5, 974
2, 0, 993
-11, 0, 1014
7, 3, 1048
-20, 4, 1049
-2, 5, 1026
-11, 0, 1041
-15, -6, 996
-20, 1, 974
-25, 4, 979
-14, -1, 958
-14, 3, 991
-14, 0, 996
-12, -1, 1021
1, -1, 1027
-14, 1, 1014
-7, 0, 1001
-2, 4, 974
0, 4, 972
-19, 5, 978
-15, -5, 989
-2, -3, 1003
-19, 1, 1014
-21, -6, 996
-14, -1, 1016
-17, 4, 1033
-6, 5, 1000
-7, 8, 1066
-24, 2, 1062
-19, 3, 1028
-15, -1, 1008
-22, 1, 946
-26, 4, 928
-10, 3, 953
-17, 9, 982
-15, 6, 1006
-15, 5, 1027
-5, 1, 1037
-12, 3, 1019
-21, 3, 1002
-19, -5, 984
-21, -9, 999
-11, -1, 977
-19, 4, 1009
-25, -1, 1015
-10, 2, 1029
-7, 3, 1043
-28, -4, 1011
-19, 0, 1011
-11, 2, 1013
-18, -3, 997
-8, 2, 971
-12, -4, 1002
-15, 5, 989
-13, 12, 990
-12, 5, 1013
-10, 4, 1010
-21, 3, 1015
-18, 8, 1009
1, -2, 1033
-9, 1, 1015
-5, -1, 1007
-8, 0, 1024
-8, -3, 1012
-10, 1, 998
-13, -5, 997
-17, 0, 1013
-13, 0, 1013
-7, -2, 1014
-14, -6, 1003
-15, -5, 1008
-23, -7, 1010
-20, 2, 1022
-18, 2, 1019
-1, 1, 1005
-5, 5, 1008
-17, 0, 1008
-12, 5, 1005
-22, 4, 1026
-20, 1, 1013
1, -2, 1007
-13, -2, 1004
-9, -7, 1015
-11, 2, 995
-18, 4, 1000
-24, -5, 1026
-17, -1, 1023
-11, -3, 1020
0, 3, 1006
-14, 6, 1030
-16, 1, 1001
-13, 5, 995
-9, 11, 1031
-20, 4, 1010
-10, 5, 1010
-17, 5, 1024
-15, 6, 1020
-7, 2, 1028
-6, 2, 1016
-19, -4, 1027
-4, -3, 1010
1, -4, 1015
-2, 1, 1010
-10, -8, 1020
-12, 1, 1005
-3, 7, 1030
-6, 8, 997
-8, 5, 1000
-10, 0, 1006
-10, 4, 1007
1, 3, 1013
-8, 2, 1014
-22, 3, 991
-13, -2, 1007
-6, 1, 1016
-12, 1, 1011
-14, 3, 1011
-18, 4, 1026
-9, 0, 1015
-8, 3, 1019
-10, 1, 1001
-4, -4, 1020
8, -6, 1017
-4, 2, 1003
-14, 2, 999
-6, 1, 986
-7, 5, 995
-18, 2, 1011
-17, -3, 998
-18, 5, 1024
-13, 7, 1011
-25, 7, 1013
-9, 5, 1018
-32, 3, 1005
-16, -2, 1027
-5, 4, 1007
-7, -1, 1030
3, -2, 1021
-18, -4, 1026
-7, -1, 1005
-14, -2, 1010
-22, 6, 991
-15, 3, 1010
-14, -1, 1020
-12, 0, 1003
-19, 4, 1012
-16, 2, 1000
-28, 0, 1034
-19, 0, 1036
-18, 0, 1025
-14, -4, 1018
-11, -3, 1007
-11, 2, 1018
-11, 2, 989
-22, 4, 1002
-19, 3, 1022
-16, -1, 1013
-12, -3, 1016
-4, -1, 1013
-6, -1, 1022
7, 4, 1011
-2, -1, 1014
-16, 4, 1013
-19, 6, 994
-10, 5, 1001
-3, 0, 1009
-8, 1, 1033
-22, 2, 1025
-7, 2, 996
-27, 5, 1002
0, -2, 1004
-15, 1, 1003
-16, 3, 1013
-17, -5, 1006
-8, 2, 1013
-2, 4, 1026
-16, -1, 1020
-7, -8, 1029
-13, -4, 1023
-4, -1, 1007
-15, -6, 1015
-25, -3, 1037
-30, 2, 1001
-20, 2, 1011
-24, -3, 1018
-22, -3, 996
-8, 2, 995
-13, -4, 1005
-1, -2, 1003
-3, 0, 1027
-16, 3, 998
-16, 1, 1012
-14, 4, 1002
-10, 4, 1002
-19, 1, 1032
-15, 0, 1023
-11, -1, 1006
6, 1, 1006
-6, 1, 1002
-16, -3, 999
9, -1, 984
-6, 4, 1005
-26, 2, 1021
0, 0, 994
-11, 3, 996
-10, 1, 1014
-20, 3, 1005
-18, 6, 1017
-5, -4, 983
-3, 0, 1000
-14, 2, 1003
-12, 5, 1000
-22, 8, 1003
-28, 2, 1021
-21, -1, 1023
-8, -4, 1035
-5, -2, 998
-13, 5, 1009
-15, -1, 1014
-4, 3, 981
-5, 4, 993
-14, -4, 1020
-15, 1, 1029
-26, 4, 1017
-14, 3, 1016
-18, -1, 1012
-5, 0, 1003
-5, 1, 1011
-13, -1, 997
-17, -1, 995
-7, 0, 990
-15, 6, 994
-14, 6, 1014
-16, 1, 1007
-14, 4, 1007
-19, 1, 1015
-26, 0, 1003
-12, -2, 1029
-5, 1, 1027
-18, 4, 1022
-27, 2, 1004
-18, 2, 1013
-16, 0, 1001
-21, 1, 998
-10, 4, 1009
-10, 4, 1007
-9, 1, 998
-23, 4, 1012
-16, 4, 1017
-16, 3, 1017
-8, 3, 1004
-9, -3, 1016
-17, -1, 995
-7, 5, 1003
-20, 7, 1019
-10, 3, 1013
-17, 2, 1022
-15, 1, 1006
-15, 1, 997
-11, 1, 1002
-25, 4, 1004
-15, -3, 1016
-8, 0, 1008
-21, 2, 1015
-14, -2, 1003
-10, -3, 982
-13, 1, 992
-21, 3, 993
-14, 3, 990
-23, -6, 977
-32, 7, 999
-24, 7, 1010
-16, 6, 1019
-17, -2, 1007
-2, 1, 1000
5, 2, 1008
-15, -7, 1007
-4, -1, 1004
-12, 2, 1005
-16, -8, 1021
-6, -3, 1017
-1, -5, 1021
-6, 3, 1011
-12, 3, 1011
-9, 4, 1015
-13, 2, 1015
-16, -1, 1009
-12, -1, 1026
-10, 7, 1018
-23, -5, 998
-21, 5, 999
-4, 2, 1016
-17, -3, 1008
-10, 0, 1010
-6, 3, 1008
-16, 1, 1009
6, 2, 1011
-10, 5, 1018
-21, 6, 1026
-17, 0, 1021
-15, 0, 1005
-3, -3, 1017
-10, 0, 1011
-10, 2, 1009
-4, -4, 1013
-2, -1, 1003
-21, 7, 998
-20, -1, 1017
1, -3, 1001
-4, -1, 1009
-20, 0, 1015
-21, 4, 1007
-16, -4, 1016
-22, -3, 1012
-10, 1, 998
-9, 6, 999
-8, 5, 1005
-19, 2, 1000
-6, 8, 1014
-21, 1, 1000
-1, -2, 1011
-11, 3, 1015
-8, 8, 1009
-13, 1, 1008
-2, 5, 997
-14, 6, 1033
-11, -6, 1016
-12, 2, 1031
-23, -1, 1010
-25, 0, 1019
-17, 3, 1025
-18, -2, 1007
-10, -1, 1030
-15, 0, 997
-19, 7, 1026
-25, 6, 1018
-6, -1, 1019
-8, 0, 996
-9, -1, 1022
-20, 3, 1015
-8, 4, 998
-9, -1, 1010
-20, -3, 1001
-17, -6, 1021
-19, 2, 1028
-21, -1, 1029
-1, -5, 1018
-13, -6, 996
-5, 4, 1024
-13, 5, 1027
-10, 3, 1000
-11, 3, 1019
-25, -1, 1008
-7, 8, 1022
-20, -8, 1001
-5, -4, 995
4, -2, 995
1, 1, 1006
0, -2, 1019
-8, 1, 1004
-14, 2, 1009
-17, 3, 1016
-17, 3, 1010
-9, 4, 1018
-16, 0, 1006
-9, 0, 1013
-18, 0, 1011
-13, 3, 1001
-20, 2, 1002
-28, 5, 1031
-30, -1, 1023
-12, -1, 1017
-17, 0, 1016
-16, 3, 1014
-5, 4, 998
-11, 0, 999
6, 0, 1021
-5, -3, 1025
-7, -2, 996
0, 4, 1018
-13, 7, 1021
-9, 6, 1011
-5, 1, 1016
-14, 5, 1020
-18, 6, 1028
-17, 4, 1011
-21, 0, 985
-19, 3, 995
-1, -2, 1019
-16, -3, 1012
-13, 1, 1003
-17, -1, 1009
-13, -2, 1026
-20, -1, 1007
-14, 8, 1009
-19, 5, 1008
-21, 4, 1011
-22, 4, 1003
-22, 2, 1016
4, 2, 1005
-14, 3, 1024
-16, -1, 1012
-14, -2, 1027
-14, -3, 1015
-2, -2, 1022
-4, -2, 1013
-7, 3, 991
-5, 0, 1009
-17, 1, 1006
-11, 0, 1010
-5, -5, 1009
-5, 2, 1000
-17, -4, 1000
-1, 2, 1009
-9, -1, 1006
-16, 5, 997
-16, 2, 1007
-14, 3, 1009
-10, 5, 1006
-18, 4, 1018
-12, -5, 1024
-8, -1, 1002
-4, 1, 999
-30, 2, 1008
-14, 1, 1008
-9, 4, 997
-26, -2, 989
-7, -3, 1000
-13, 1, 1006
-21, 1, 1020
-16, -2, 1008
-7, -1, 985
-9, 4, 1012
-16, 5, 1004
-11, -1, 993
-9, -2, 992
-12, 3, 1017
-23, 4, 1022
-21, -1, 1012
-12, -1, 1013
4, 4, 1010
-4, 3, 1015
-3, 6, 1013
-19, 6, 1018
-2, 3, 1021
-8, 5, 1008
-20, 3, 997
-2, -2, 1012
-18, 4, 1026
-25, 5, 1015
-22, 4, 1019
-8, 1, 1012
-9, 1, 998
-20, 1, 1007
-16, 0, 990
-28, 2, 1008
-15, -5, 1010
-21, 3, 998
-19, 0, 1009
-13, 2, 1011
-19, 6, 991
-13, 8, 1009
-11, 6, 1000
-10, 1, 1003
-18, 0, 994
-13, 3, 1010
-12, -2, 1006
-9, 1, 997
4, 6, 994
-14, 5, 1026
-20, -6, 1022
-13, 2, 999
-13, -3, 1013
-12, 3, 1005
-14, 8, 1032
-9, -2, 1018
-17, 2, 994
-5, -1, 989
-16, 6, 990
-9, 5, 1013
-3, 2, 998
-13, -2, 1011
-16, 2, 1030
-23, -6, 1026
-16, -3, 1023
-13, -5, 1018
-1, -4, 1003
-9, 5, 1011
6, -3, 1003
0, 1, 1013
-9, -1, 1007
-6, 7, 1011
-9, 4, 1015
-10, -4, 1018
-8, 1, 1019
-4, -6, 1006
-11, 7, 1012
-19, -5, 1019
-12, -2, 1030
-9, -3, 998
-11, 2, 1014
-18, -1, 1025
-23, 4, 999
-25, 1, 990
-16, 0, 1007
-21, -3, 999
-15, 1, 1016
-1, -1, 1021
-3, -4, 1009
-7, 2, 1004
-20, 1, 981
-14, 4, 1009
-19, -2, 1022
-27, 2, 1041
-6, 3, 1020
-13, 0, 1016
-20, 1, 1010
-25, -2, 1021
-25, -3, 1033
-22, 0, 1027
-19, 2, 995
-17, 1, 1020
-26, -2, 1005
-13, 2, 1011
-14, -3, 1006
-16, 3, 997
-1, 3, 1005
-11, 3, 1000
-24, 5, 1009
-27, 2, 1011
-24, -3, 1029
-1, -2, 1012
-7, 4, 998
-19, 7, 1000
-18, -3, 1027
-22, 2, 1016
-1, 1, 1013
-7, 7, 1018
-14, -1, 1027
-14, 2, 1002
-4, 1, 1004
-10, 0, 1018
-7, 7, 1009
-14, 1, 1014
-12, 7, 1008
-15, 0, 1010
-1, 9, 994
-4, 3, 999
0, 6, 1008
-5, 3, 993
-2, 1, 997
-13, 1, 1009
-4, 2, 1021
-11, -7, 1016
-3, 2, 1002
-13, 3, 1004
-20, -1, 1018
-17, -4, 1023
-10, -5, 1010
-9, 0, 1019
-9, 8, 1005
-21, 4, 1017
-13, 1, 995
-5, -4, 1009
-15, 4, 1015
-24, -3, 986
-6, 3, 1007
-15, 1, 996
-13, 1, 1020
-2, 5, 1016
-18, 3, 1005
-14, 9, 1028
-15, -5, 1022
-2, 3, 1010
-9, 0, 1016
-10, -1, 1024
-8, -2, 1017
-8, 0, 1006
-6, 3, 1021
-26, 4, 1013
-7, 1, 1000
-25, 3, 1001
-9, 4, 1010
-25, 2, 1003
-17, -1, 1015
-7, -2, 1009
-21, 5, 1015
-19, 3, 1026
-19, -1, 1024
-14, -1, 1018
-11, 5, 999
-20, 2, 1027
-20, -12, 1023
-16, -8, 1010
-12, 2, 1019
-20, -8, 1033
-10, -6, 1027
-6, -3, 1024
-8, 7, 1023
-16, 2, 1004
-8, 9, 1009
-23, 11, 1006
-5, 1, 1002
-27, 5, 992
-15, 10, 989
-2, 5, 999
-2, 1, 981
-8, 5, 1001
-16, 0, 999
-9, 5, 1000
-12, 4, 1016
-5, 5, 1011
-2, 0, 1015
-14, 2, 995
-11, 5, 984
-19, 0, 1009
-16, 0, 1029
-18, -2, 1005
-10, 0, 991
-21, 2, 1010
-8, 3, 1011
-17, 6, 1007
-15, -1, 991
-3, 1, 1006
-12, -4, 1012
-8, -2, 998
-26, 10, 1009
-12, 4, 1014
-16, -1, 999
-8, 2, 1005
-11, 5, 1013
-11, -2, 1016
-7, 2, 1001
-10, 3, 1008
-8, 2, 993
-13, 1, 1010
-15, 2, 998
-18, -2, 1001
-4, 10, 1011
-11, 6, 1007
-1, 0, 999
0, 4, 1003
-13, -1, 1033
-6, 2, 1007
-14, 1, 993
-16, 8, 994
-20, -2, 1008
-16, -2, 1028
-17, 4, 1024
-19, -4, 1025
-16, -8, 1027
-4, 1, 1000
-7, 3, 1024
-18, 1, 1007
-12, 0, 1009
-20, 0, 1002
-27, -5, 1019
-10, 5, 1011
-6, 1, 1003
-8, -6, 1012
-10, -2, 1019
-19, 7, 1031
-15, 0, 1023
-18, -4, 1027
-17, -4, 1030
-14, 2, 1023
-5, -1, 1016
-9, 1, 1004
-9, 4, 1013
-10, 4, 993
-13, 3, 985
-17, 8, 998
-20, 1, 1014
-9, 5, 1013
-20, -1, 1014
0, 2, 993
-1, 0, 1012
-5, 0, 1006
-8, 4, 1010
-10, 2, 1020
-9, 0, 998
-16, -3, 1013
-18, 3, 1011
-3, 2, 997
-6, 7, 995
-14, -1, 1005
-4, 2, 1021
-11, -4, 1015
-8, 6, 1001
-13, 8, 998
-9, 10, 1040
-18, 3, 1001
-3, 0, 1010
-20, 3, 1008
-19, -1, 993
-7, 4, 995
-16, -3, 1007
4, -2, 998
3, 4, 1010
-8, 9, 1002
-13, 8, 1007
5, 1, 998
-9, -1, 1012
-18, -4, 1003
-8, -1, 1019
-8, 7, 1018
-16, 6, 1013
-9, 4, 1014
-1, 2, 1004
-23, 6, 1016
-10, -2, 1017
-15, -4, 1003
-18, 2, 996
-24, -3, 1035
-21, 1, 1030
-23, -6, 1026
-11, -6, 1021
-15, -6, 1030
-4, -7, 1022
-11, -10, 995
-4, 4, 1005
-13, 5, 992
-18, 0, 1012
-8, 2, 1012
-2, 1, 1003
-18, 6, 1042
-14, -7, 1023
-12, 3, 1007
-9, 1, 997
-14, 6, 1002
-1, -4, 1004
-17, 0, 1018
-22, -2, 1029
-19, 1, 1023
-11, 5, 1023
-9, -3, 1000
-13, 3, 1018
-4, 5, 1036
-27, 5, 1017
-5, 7, 988
-4, -1, 994
-14, 4, 996
-11, 5, 1023
-2, 3, 1015
-19, 1, 1000
-21, 2, 1012
-22, 3, 1001
-13, 2, 988
-14, -1, 983
-22, 4, 1025
-23, 0, 1028
0, 0, 1010
-3, -2, 1009
-19, 3, 1012
-14, 3, 1014
-16, 5, 995
-14, 7, 987
-17, -1, 1009
-7, 1, 1005
-16, -3, 1011
-14, 2, 1010
-19, 7, 999
-9, 3, 1009
-6, 3, 999
-10, -3, 1010
-10, 1, 1006
3, 6, 988
-15, 7, 1016
-11, 3, 1001
-4, -2, 1012
-18, 3, 1023
-13, -2, 1021
-7, 3, 1024
-10, 7, 996
-21, 3, 1017
-17, 0, 1014
-25, 0, 1011
-7, -2, 1028
-7, -1, 1007
-2, 5, 1019
-16, 3, 1013
-11, 3, 1011
-26, -1, 1024
-16, 2, 1018
-11, 5, 1017
-7, 4, 1028
-27, 5, 1013
-16, 4, 1017
-17, -3, 1023
-9, 0, 1020
-2, 5, 1011
-4, 2, 1014
-19, 0, 997
-11, 5, 1005
-15, 1, 1010
-8, 0, 1022
-8, 3, 1031
-21, 1, 991
-16, 1, 987
-20, -1, 998
-22, 5, 1000
-21, -5, 1024
-27, 2, 1015
-13, -2, 1014
-11, 2, 1029
-11, 2, 1016
-7, 5, 997
-13, 6, 989
-24, -1, 1020
-24, 0, 1015
-20, 2, 1022
-18, 0, 1020
-2, -1, 1012
7, 8, 1002
-30, -2, 1008
-16, 0, 1013
-18, 2, 1006
-10, 6, 1005
-8, 6, 1002
-2, 0, 1006
-12, 1, 993
-5, 4, 1009
-1, 2, 990
-17, 2, 994
-9, 0, 981
-23, 5, 984
-8, 1, 1001
-11, -2, 1015
-4, 5, 1005
-17, 3, 1005
-6, 3, 1010
-16, 1, 997
0, -2, 985
-15, 6, 996
-7, -1, 999
-16, 2, 1000
-14, 7, 1014
-6, -1, 997
0, -2, 1008
-9, -1, 1009
-11, -3, 999
-7, 8, 993
-20, 2, 1021
-26, -2, 1008
-1, -3, 1017
-5, -7, 1022
1, 1, 1013
-10, 2, 1014
-9, 0, 1013
-14, 4, 1014
-18, -6, 1015
-14, 2, 1020
-12, 2, 1026
-23, 3, 998
-9, 5, 1013
-15, 7, 1009
-6, -2, 1019
-9, 3, 1019
-15, 8, 1006
-3, -1, 997
7, 2, 994
-12, 2, 1023
-9, -3, 997
-12, 7, 1013
-10, -3, 1013
-14, 2, 1007
-15, 6, 1034
-7, -3, 1033
-20, 4, 996
-15, 0, 991
-27, -2, 1010
-21, -3, 1015
1, -2, 1034
-4, -4, 1037
-10, 2, 996
-10, 0, 1018
2, 5, 1010
-10, -1, 995
-15, 0, 1020
-6, 0, 1015
-10, 0, 1010
-13, 0, 1010
-10, 1, 980
-13, -4, 999
-13, -5, 1010
-21, 2, 1011
-4, 1, 1023
-19, 3, 1026
-9, 2, 993
-13, -3, 1011
-5, -6, 996
-8, 2, 992
-5, 6, 1000
-19, 2, 1016
1, 4, 1018
-9, 2, 1019
-3, 4, 1012
-7, 3, 1006
-15, -4, 1009
-7, 4, 1019
2, 1, 1017
-5, -3, 988
-5, 2, 1001
-14, 2, 1004
-16, 1, 1007
-9, 4, 988
-20, 1, 1002
-8, -2, 1013
-12, 6, 993
-14, 0, 1010
-7, -2, 1013
-18, 0, 1009
-15, -2, 1007
-9, -1, 991
-16, 4, 991
-7, 4, 1029
-13, 3, 995
-14, -1, 988
-20, -1, 993
-11, 0, 1005
-12, 2, 995
-10, -1, 1012
-5, 1, 1008
-8, 1, 1022
-11, 3, 1001
-12, 7, 995
-15, -2, 1023
-7, -1, 1033
-5, 3, 1013
-12, 2, 1010
-10, 3, 1003
-11, 7, 1009
-18, 3, 1003
-11, 1, 1001
-21, 0, 1006
-21, 1, 1035
-24, 2, 1021
-22, -1, 1015
-10, -1, 999
0, -3, 995
-13, 4, 997
-19, 7, 996
-25, 6, 1014
1, -3, 1003
-10, -2, 998
-10, 4, 1016
-21, 3, 1023
-22, 7, 1011
-22, 3, 995
-12, -1, 1012
-13, -1, 1001
-21, 4, 991
-15, 4, 1012
-19, -1, 1019
-2, -7, 1031
-10, 3, 1028
-12, 1, 1007
-17, 2, 1008
-16, 0, 1004
-17, 1, 1016
-13, -3, 1011
-7, 1, 1012
-20, 3, 988
-21, -5, 1023
-15, -4, 1031
-8, 0, 1008
-9, 8, 1009
-7, -3, 1029
-17, 1, 1017
-5, 4, 1010
-12, -3, 1004
-5, -7, 1006
1, 1, 1019
-3, 1, 1021
-9, 1, 1000
-19, 4, 1010
-20, 0, 1018
-9, 0, 1011
-23, 3, 1009
-27, 0, 1027
-20, -8, 1029
-15, -5, 1014
-10, 5, 1007
-25, 6, 1011
-17, 0, 1025
-24, -3, 1024
-2, -1, 1008
-10, 4, 1022
-5, 5, 1017
0, 2, 1020
-14, 2, 1022
0, -2, 1003
-8, 2, 996
-13, 1, 998
-19, 4, 1004
-24, 2, 1008
-4, 1, 997
-7, 5, 1027
-23, 3, 1014
-7, 4, 992
-23, 8, 984
-16, 3, 1018
-10, 3, 988
-8, 1, 1008
-8, 8, 1006
-6, -3, 1015
-19, 1, 1021
-14, 4, 997
-14, 3, 1008
-21, 2, 1007
-18, -1, 1024
-6, 3, 1012
-5, 0, 1005
-14, -3, 988
-5, -2, 994
-25, 3, 1004
-5, 2, 1005
2, 0, 1010
-6, 1, 1009
-12, 0, 1029
-18, 3, 995
-19, 3, 996
-7, 0, 992
-10, 0, 1017
-12, 0, 1020
4, 1, 1017
2, -3, 985
-11, 2, 1013
-22, 2, 1026
-15, -2, 1012
-14, -2, 1020
-8, -2, 1003
-18, -4, 1000
-1, -3, 971
0, 4, 1005
-14, 6, 1000
-14, 10, 1012
-20, 3, 1017
-13, 0, 1017
-19, 1, 1010
-17, -2, 998
-7, 5, 1005
-9, -3, 996
-11, -4, 991
-4, 9, 1003
-17, 5, 1004
-14, 1, 996
-12, 2, 1014
-7, 3, 1032
-23, 1, 1030
-10, 5, 1012
-5, 5, 1011
-10, 1, 1013
-6, 1, 1025
-28, 3, 1010
-21, -2, 1023
-23, 6, 1035
-28, -4, 1029
-14, 0, 1017
-11, -1, 1025
-25, 2, 1029
-16, 1, 1020
-13, 4, 1004
-21, 2, 1005
-19, 2, 1027
-20, -3, 1019
-21, -3, 1024
-15, 4, 1001
-25, 6, 1034
-19, 5, 1041
-19, 0, 1022
-19, -1, 1014
-8, 0, 1018
-19, -3, 1011
-17, 1, 1012
-26, 3, 1013
-12, 1, 1005
-24, 0, 996
-14, 2, 1000
-6, 0, 1012
-15, 2, 1003
-8, 1, 1003
-12, -1, 1012
-9, 0, 1009
-15, -2, 1005
-16, 5, 1001
-12, 1, 1011
-11, 3, 1015
-18, 0, 992
-18, 1, 1012
-21, -2, 1023
-5, 3, 1016
-10, 3, 1003
-19, 6, 1005
-23, 1, 1016
-19, 3, 1025
-19, -5, 1005
-6, -4, 1000
-9, 4, 982
-23, 3, 1018
-13, 1, 1008
-8, 3, 996
-3, 2, 982
-5, 5, 992
-6, 2, 1012
-20, 6, 1004
-9, 3, 1021
-13, 5, 1031
-15, -3, 1009
-14, 6, 1011
-12, 2, 1025
-21, -1, 1015
-19, -6, 1012
-21, 3, 990
-21, -1, 999
-22, 5, 996
-24, -1, 1002
-11, 2, 999
-27, -6, 995
-27, -3, 1007
-18, 5, 1008
-26, 7, 1019
-17, 0, 1015
-9, 1, 1029
-10, -2, 1016
1, -3, 1016
1, -1, 1021
-13, 2, 1013
-7, -5, 1007
-13, 0, 1016
-9, 5, 1008
-11, 0, 1015
-16, -1, 1013
-11, 0, 1004
-12, 0, 1041
-18, -4, 1007
-15, 6, 1007
-18, 5, 1018
-19, 2, 1003
-10, -2, 1024
-12, 1, 1007
1, -1, 1004
-1, 5, 1002
-7, 4, 1004
-25, 7, 997
-18, 4, 1025
-10, 3, 1009
-15, -6, 1008
-5, 0, 1018
-14, 0, 1000
-19, -3, 991
-25, -4, 1004
-17, 2, 1016
-20, -6, 1004
-10, -1, 1007
-15, -2, 1000
-11, -2, 998
-10, -2, 1028
-20, 1, 1019
5, 2, 1018
-20, -7, 994
-14, 1, 1010
-21, 2, 1035
-11, -3, 1000
-12, -2, 1012
0, 1, 1004
-18, -4, 1005
-19, -2, 1005
-19, 2, 1010
-13, -3, 1012
-12, 1, 1022
0, -1, 1011
-17, 4, 1030
-11, 0, 994
-14, 0, 1004
-21, 3, 990
-13, 1, 1024
-22, -1, 1011
-20, 2, 1025
-21, 3, 1022
-20, 3, 1016
-8, 2, 995
-11, 4, 1010
-5, -2, 1015
-8, -1, 1001
-19, 4, 1008
-15, -1, 1012
-21, -4, 1008
-19, -6, 1019
-15, -1, 1031
-9, 4, 992
-18, 3, 1014
-22, 0, 1008
-16, 0, 1005
-10, 1, 984
-6, 0, 995
-21, 4, 1016
-4, 3, 1006
-10, 5, 1020
-14, -5, 1019
-9, -3, 1011
-9, 3, 1016
-9, 5, 992
-14, -5, 1012
-13, 2, 1008
-23, -4, 1029
-8, -6, 1024
-9, -4, 1012
-3, 1, 1016
-7, 5, 1009
-18, 1, 1012
-23, 0, 1013
-22, -1, 1029
-10, -2, 1020
-4, 2, 1002
-9, 4, 1001
-14, 0, 1023
-16, -1, 1022
-7, 10, 1005
-6, 4, 1004
-10, 7, 1013
-14, 9, 1006
-3, 1, 1007
-7, 3, 1023
-17, -2, 1029
-13, 2, 1003
-5, 1, 1029
-15, 2, 1006
-6, 1, 997
-11, 1, 1006
-12, 1, 1010
-9, 3, 1018
-22, 5, 991
-17, 0, 1014
-11, 6, 1006
-19, 2, 1007
-9, 1, 1010
-21, 2, 1002
-14, 1, 1019
-12, -5, 1007
0, 4, 995
-6, 5, 1015
-7, 2, 1002
-10, -6, 1008
-8, 1, 1025
0, 3, 1005
-17, 1, 1009
-19, 2, 1017
0, 1, 1000
-2, 3, 1007
-14, 0, 1019
-18, 1, 983
-12, 3, 1001
-24, -1, 1038
-10, -6, 1017
0, 0, 1012
-17, 4, 1026
-18, 1, 1017
-10, -2, 1013
-8, 0, 1004
-19, -4, 1022
-10, 2, 1004
-23, 1, 998
-23, -2, 1027
-10, -2, 1014
-16, -2, 1012
-14, 4, 1006
-22, -1, 1001
-13, 8, 1001
-8, 5, 980
-11, 1, 1005
-30, 1, 1022
-13, 1, 1012
-8, 1, 996
-12, 3, 1000
-19, 4, 1019
-10, -1, 997
-21, 4, 1004
-12, -5, 999
-23, 5, 989
-12, 3, 991
-16, 2, 1003
-16, 1, 1006
-16, -4, 999
-20, 1, 1016
-28, -3, 1012
-9, 2, 1011
-9, 2, 1004
-15, -1, 1017
-16, 0, 1023
-18, -3, 1011
-13, 0, 1035
-9, 0, 1010
-2, 7, 1016
-11, -1, 1004
-15, 0, 994
-22, 0, 1019
-21, 0, 1014
-19, 2, 1002
-12, 3, 1014
-11, 5, 1021
-14, 4, 1014
-25, 3, 1015
-13, -3, 998
-14, 2, 1006
0, 8, 999
-3, 9, 1029
-12, -1, 996
-22, 1, 1013
-3, -2, 1006
-4, 5, 985
2, 1, 1013
-16, 3, 1016
-20, -2, 1008
-1, -4, 1017
-14, -2, 1017
-13, 2, 987
-17, 2, 1003
-19, 0, 1015
-13, 2, 1013
-15, -3, 1019
-6, 0, 1020
-5, 10, 993
-14, -2, 1022
-15, 3, 997
-21, 0, 995
-23, -1, 1001
-18, 2, 1024
-20, 2, 1018
-23, -1, 1004
-9, -3, 1023
-6, 3, 996
-3, 10, 1020
-27, 2, 1015
-13, 4, 1013
-5, 5, 1024
-12, 4, 1001
-19, 6, 1027
-24, -4, 1033
-8, -6, 1015
-14, -4, 1010
-6, 2, 1020
-13, 6, 999
-9, 6, 1004
-3, 4, 984
-11, 1, 988
-25, 5, 994
-24, -1, 1007
-11, 0, 1006
1, 1, 993
-3, 7, 992
-16, 6, 1010
-18, 6, 1008
-9, 4, 998
-18, 1, 1023
-30, 4, 1013
-6, -2, 1014
-5, -5, 990
-12, 6, 1011
-9, 4, 1002
-4, 5, 988
-19, 3, 1016
-16, 9, 1004
-19, 8, 999
-25, 2, 1028
-15, 1, 1003
-2, -5, 999
-11, 2, 1028
-20, -3, 1012
-5, -2, 1015
-10, 3, 1029
-14, -1, 1012
-14, 0, 1010
-2, 0, 1014
-14, 4, 1010
-11, 6, 989
-20, 3, 1012
-10, 9, 1010
-14, 4, 988
-19, 7, 982
-20, -3, 997
-16, 2, 1001
-20, 1, 1011
-18, 0, 1017
-14, 0, 1004
-21, -2, 1014
-16, 2, 1009
-23, 2, 1008
-12, 3, 1016
-28, -3, 1004
-25, 0, 1026
-19, 2, 1020
-30, 6, 1010
-9, 5, 1002
-6, 0, 993
-6, 4, 998
-17, 5, 1007
-19, -2, 1037
-21, -3, 1031
-21, 4, 1008
-25, 0, 1008
-25, -4, 1010
-7, 0, 1018
-22, -1, 1014
-5, 2, 1026
-28, -1, 1019
-21, 1, 1018
-7, 3, 997
-7, -9, 1001
-15, -1, 994
-20, -1, 1007
-20, 2, 1036
-7, -2, 1013
-9, 0, 1006
-10, -1, 1002
-12, -3, 1025
-19, 2, 1028
-16, -1, 1021
0, -6, 1018
-9, -6, 1017
-16, -6, 1000
-9, 0, 1010
-24, 0, 1012
-13, 6, 989
-8, 2, 1008
-21, 2, 1013
-17, 3, 990
-16, -4, 994
-18, -1, 1012
-19, 1, 1009
-8, 0, 1010
-18, 2, 994
-19, 6, 1007
-19, 5, 1021
-17, -1, 991
-3, 2, 1026
-20, 5, 1008
-11, 1, 1006
-18, 2, 1018
-23, 0, 1008
-25, 5, 1001
-3, 4, 990
-11, 6, 1030
-20, 6, 1022
-8, 7, 1005
-16, 1, 1012
-6, -2, 1011
-6, 3, 1016
-21, 3, 1019
-18, 1, 995
-12, 3, 1003
-18, 2, 1006
-4, -1, 1021
-27, 1, 994
-34, 4, 993
-14, 5, 1008
-13, 7, 1022
-8, -1, 1022
-16, -7, 1017
-14, -6, 1020
-12, -3, 1021
-25, 4, 1037
-25, -2, 1030
-16, -1, 1007
1, 2, 1003
-11, 2, 1009
1, 1, 993
-16, 2, 1003
-12, 7, 994
-20, 6, 1015
-24, 1, 1016
-4, 1, 993
-26, 4, 1025
2, 2, 993
-3, 3, 1010
-8, 2, 987
-4, 5, 996
-13, 3, 1019
-27, -1, 1013
-10, -3, 1018
-7, -6, 1023
-11, -4, 1006
-26, 2, 990
-28, 1, 1001
-12, 7, 993
-16, -1, 1003
-15, 2, 1021
-8, -5, 1021
-5, -4, 993
-8, 1, 999
-6, 1, 1022
-5, 2, 998
-12, -3, 1002
-30, 3, 1020
-2, 1, 993
-8, 0, 1005
-7, 5, 1010
-12, 7, 1004
-11, 5, 1018
0, 5, 1005
-13, 6, 1006
-13, 6, 1002
-5, 4, 1009
-8, 5, 1028
-23, 0, 1010
-9, 1, 977
-15, 3, 994
-19, 4, 998
-7, 11, 994
-17, 1, 1005
-15, -2, 999
-10, -5, 1028
-20, -2, 1021
-20, 0, 1011
-18, -6, 1010
-14, -1, 990
-16, -5, 999
-6, 3, 1011
-15, 3, 1017
-3, -2, 1003
-6, 4, 992
-14, 4, 1008
-14, 4, 1001
-25, 2, 996
-15, -5, 1019
-11, -8, 1015
-6, 5, 1007
-12, 1, 1013
-5, 1, 1008
-12, 4, 1004
-12, 4, 992
-10, 2, 1014
-24, 2, 989
-13, 2, 1002
-29, -1, 999
-13, 7, 1008
-8, -1, 1013
-14, 0, 1017
-6, -1, 1001
-16, 3, 986
-22, -5, 1022
-6, 0, 1009
-10, 3, 1002
-20, 4, 1001
-24, 1, 1032
-25, 2, 1030
-4, 0, 1027
-7, 7, 1004
-11, 6, 1007
0, 7, 1009
-17, 1, 1010
-26, 5, 1015
-17, 3, 1015
-19, 7, 1020
-18, 4, 1010
-15, 6, 990
-19, 5, 1027
-23, 1, 1026
1, -3, 1037
2, 4, 1001
-5, 0, 1012
-14, -3, 990
-8, 3, 1024
-16, 1, 1025
-12, 0, 995
-19, -7, 1013
-22, 2, 1007
-18, 3, 1007
-15, 1, 1016
-12, 3, 996
-5, 6, 999
-5, 5, 1004
-12, 11, 985
-9, 6, 1009
-5, 5, 1005
-14, 1, 1005
-3, 3, 1021
-5, 2, 1029
-27, 0, 993
-7, 2, 990
-12, 5, 1014
-9, -4, 1008
-11, 1, 1000
-6, 4, 1007
-10, 6, 998
-8, 5, 1007
-11, 5, 1008
-12, 2, 1001
-7, 7, 1022
-21, 3, 1007
-14, 0, 1014
-4, 0, 1020
-11, 7, 1006
-16, -2, 1011
-11, 2, 1030
-11, 1, 1016
-9, -5, 1007
0, 4, 1008
-7, 4, 1003
-16, 0, 1025
-15, 0, 986
-1, 8, 1012
-6, 3, 992
-24, 3, 1001
-15, 4, 1005
-15, 5, 1024
-22, -5, 1038
-13, 2, 1027
3, 3, 1006
-15, 5, 1001
-6, 3, 1007
-17, 2, 990
-7, -1, 1023
-23, 6, 1024
-13, 2, 1022
-9, 3, 1004
-5, 3, 1006
-15, 5, 1000
-12, -1, 1010
-20, 1, 989
-30, -6, 1019
-16, -4, 1018
-16, 0, 1031
-20, -1, 1025
-16, 10, 1004
-30, -2, 1025
-14, -7, 1021
-14, 2, 1030
-13, 2, 1015
-29, -7, 1004
-17, -3, 1004
-24, 3, 997
-21, -2, 1029
-18, -1, 1028
-18, -1, 1037
-22, 0, 1012
-17, -1, 992
-7, -1, 1010
-10, 3, 1003
-12, 3, 987
-12, 7, 999
-13, 7, 1029
-16, 5, 1007
-17, -4, 1024
1, -1, 1027
-10, -3, 1008
-5, 2, 1013
-11, 4, 1007
-19, 2, 1019
-7, 3, 1038
-4, 1, 1030
-15, 7, 991
-11, 3, 982
-20, 4, 1009
-20, 2, 1017
-15, -4, 1015
-27, 2, 997
-16, 5, 1010
-15, 1, 1008
-16, 1, 1023
-15, 2, 1023
-14, 3, 1006
-18, 3, 1006
-22, -1, 1021
-22, 7, 995
-20, 0, 1000
-18, 1, 1010
-13, 4, 1009
-15, 6, 1012
-5, 0, 1010
-11, 10, 1003
-5, 9, 1014
-11, 6, 1017
-8, -2, 1011
-8, 1, 990
-15, 3, 998
-16, 2, 1007
-9, 7, 1013
-7, 3, 1002
-12, 1, 1023
-12, 2, 1018
-22, 0, 996
-15, 5, 997
-9, 6, 987
-15, 1, 992
-15, -3, 1000
1, -2, 995
-5, -4, 1004
-17, 3, 1001
-23, 4, 1010
-10, 6, 998
-11, -2, 991
-21, 7, 992
-12, 0, 1008
-18, 5, 1024
-22, -2, 1014
-12, -6, 1018
-18, 3, 1029
-22, 3, 1007
-19, -1, 1027
-3, -5, 1016
-11, -2, 1015
1, 2, 993
-15, 3, 1016
-17, 2, 1017
-6, 4, 1010
-10, 3, 1015
-13, 2, 995
-11, 7, 1009
-17, 7, 1007
-23, 0, 1024
-10, -3, 1014
-11, -1, 1024
-13, -2, 1008
-11, 8, 1005
-4, 0, 1003
-19, 0, 1019
-6, 7, 1004
-14, -3, 1012
-22, 5, 994
-18, 1, 1007
-15, 3, 1004
-7, 4, 1019
-2, 3, 1007
-19, -2, 1014
1, 2, 1009
-5, -3, 994
-13, 4, 1000
-10, 8, 1000
-15, 8, 997
-18, 3, 1021
-25, 1, 1022
-7, -2, 989
0, 3, 1011
-23, 1, 1005
-16, -6, 1007
-30, -4, 998
-28, 0, 1005
-25, -2, 1031
-21, -4, 1020
-16, 2, 1010
-25, 0, 1033
-24, -1, 1021
-18, 6, 989
-12, -4, 989
-18, -6, 999
-9, 10, 1011
-4, 7, 995
-7, 3, 1012
-20, 1, 983
3, -3, 1008
-2, -2, 999
-21, 2, 990
-11, 2, 1006
-13, 9, 1006
-20, 5, 1006
-20, 4, 1003
-27, -1, 1029
-18, -7, 1025
-13, -3, 1029
-3, -2, 984
-10, 1, 1005
-15, 3, 1016
-22, -6, 1022
-16, -7, 1029
-13, -2, 1010
-12, -3, 995
-13, -3, 1014
-18, -4, 984
-24, 1, 998
-23, 6, 1020
-1, 1, 1020
-1, -6, 1020
-2, 3, 1018
7, 2, 994
-13, -1, 1000
-7, -3, 1001
-14, 3, 1002
-14, -1, 1001
-14, -3, 1002
-13, 4, 995
-19, -1, 1010
-3, 1, 1013
-15, -2, 1004
-16, -3, 1018
-10, 0, 978
-4, 1, 997
-2, 0, 997
-20, 1, 999
-20, 0, 1017
-13, 2, 1012
-6, 1, 1007
-12, 3, 1019
-23, 6, 1017
-22, -1, 1032
-17, 1, 1023
-8, 4, 1012
-14, -3, 1020
-24, 0, 1011
-17, 3, 1011
-19, 3, 995
-17, 2, 1009
-2, 5, 999
-24, 3, 1002
-15, 1, 1017
-17, 5, 1011
-7, 5, 999
-6, 2, 1007
-6, 7, 998
-14, 0, 1021
-16, -4, 1035
-16, -1, 1018
-21, 3, 1022
-27, 4, 1018
-6, -2, 1033
-7, 3, 1007
-26, 0, 1013
-1, -4, 1011
2, 0, 995
-11, 1, 995
-20, 3, 991
-6, 1, 1016
-13, 1, 1002
-6, 3, 991
-16, 3, 1005
-22, 4, 1023
-22, 3, 1000
-5, 2, 992
-5, 3, 1000
-17, 1, 1007
-16, -2, 1009
-18, 6, 1021
-16, 4, 1022
-7, 1, 1018
-11, 1, 1040
-15, -8, 1009
-11, 0, 1019
-2, 4, 995
-6, 5, 1005
-12, 1, 1009
-29, 7, 1018
-18, 8, 996
-16, -3, 985
-15, -2, 1003
-11, -6, 1012
-14, 2, 1001
-19, 4, 1027
-19, 1, 1018
-14, 6, 1015
-15, 2, 998
-14, -2, 998
-21, -5, 1023
-20, 4, 1035
-20, -2, 1022
-4, -2, 1025
-14, -4, 1002
-8, 2, 987
-6, 3, 1011
-17, 2, 1009
-16, 2, 1003
-7, 4, 989
-14, 4, 1009
-13, 6, 1011
-7, 9, 1012
-12, 1, 1016
-6, 4, 1013
-1, 5, 1016
-11, 3, 1023
-20, -1, 1008
-27, 3, 1013
-8, 8, 997
-10, 6, 997
-1, 8, 1015
5, 1, 992
-2, -2, 1007
-8, 2, 992
1, 0, 1020
-16, 4, 1012
-8, 5, 980
-9, 9, 1023
-14, 4, 1009
-8, 5, 1003
-6, 2, 990
-19, 10, 1000
-19, 1, 1004
-21, -1, 1011
-7, -2, 1014
-11, 11, 1014
-5, 3, 1023
-8, 4, 1000
-9, -4, 1010
-18, 3, 1003
-12, 5, 1012
-11, 6, 993
-6, 4, 1014
-19, 4, 1001
-5, 4, 984
-14, 3, 1017
-20, 0, 982
-15, -4, 1009
-15, 4, 1004
-20, -3, 1018
-19, 2, 1017
-19, 5, 1013
-2, -3, 997
-11, 2, 1002
-8, 9, 1016
-22, 2, 1013
-20, 5, 1011
-29, 8, 1015
-25, 2, 1013
-9, -5, 1000
-15, 3, 989
-18, -1, 1005
-16, 3, 1016
-14, -6, 1008
-9, -1, 1022
0, -1, 1012
-8, 11, 1011
-11, 2, 1004
-30, -4, 1016
-25, 3, 1031
-18, 5, 1001
-13, 0, 1006
-20, 1, 1018
-16, -3, 1000
-11, 4, 1025
-9, 5, 1000
-25, 2, 1003
2, 1, 1007
-11, 1, 1010
-1, 2, 999
-16, 4, 1024
-8, 2, 1023
-21, 2, 996
-11, -3, 1014
-8, -2, 1012
-14, -5, 993
-8, 3, 1002
-17, 4, 1017
-18, 0, 1013
-9, 7, 991
-15, 4, 999
-15, -2, 1001
-16, 3, 1015
-9, 0, 998
-7, 4, 1019
-11, 5, 1008
-8, 5, 1005
-11, 2, 998
-17, -3, 1013
-17, 0, 1009
-4, 1, 1018
-10, -2, 1003
-21, 2, 998
-10, 4, 1019
-14, 1, 1006
-3, 3, 1006
-13, 5, 1010
-15, 5, 1007
-12, -2, 1005
-1, -2, 1015
1, -6, 1015
-9, -4, 1011
-14, -3, 1013
-13, -8, 1011
-13, -5, 991
-7, 4, 1023
-15, 3, 1020
-25, -2, 1004
-3, 4, 1018
-4, 0, 1008
-10, 1, 1005
-9, 6, 992
-21, 3, 1011
-14, 1, 1008
-11, 7, 1010
-7, 3, 997
-10, 7, 997
-1, -1, 997
-9, -2, 1008
-7, 5, 1005
-12, 0, 1014
-3, 0, 1006
-8, -2, 989
-12, -1, 987
-4, 5, 995
-17, 10, 1004
-9, -2, 1000
-10, 4, 998
-20, 9, 1005
-20, 3, 1020
-6, 1, 1013
-5, 4, 1003
-23, 2, 1017
-9, 3, 998
-3, 1, 1013
0, -3, 1015
2, 1, 1017
-16, 6, 996
-15, 0, 1017
-22, 0, 1020
-20, 1, 1011
-16, -3, 1012
-8, 2, 1008
-29, 4, 999
-12, 8, 997
-16, 7, 1019
-21, 0, 1016
-22, -2, 1023
-16, -7, 1023
-7, -2, 1030
-4, 1, 1007
-11, 1, 1005
-11, -4, 1011
-8, 3, 1017
-15, 3, 1014
-17, -5, 1016
-15, 2, 1024
-12, 0, 1019
-14, -1, 994
-3, 0, 991
-22, 1, 1002
-13, 2, 1000
-13, 6, 993
-19, 6, 1021
-16, -2, 1009
-16, 2, 1013
-13, 0, 1018
-9, -3, 1007
-21, -3, 1013
-26, 4, 1030
-19, -8, 1026
-15, 2, 1018
-15, 4, 1003
-13, 1, 1020
-14, 2, 1014
-16, 0, 1006
-26, 2, 1003
-17, -1, 1001
-21, -1, 1013
-16, 5, 1019
-10, 3, 1018
-26, 4, 1023
-16, 0, 1010
-15, -5, 1005
-11, -1, 1005
-21, 0, 1022
-17, 4, 1007
-14, -4, 1020
-14, -2, 1009
-12, -3, 1001
-4, 2, 1005
-12, 1, 1007
-8, 4, 1013
-11, 1, 1020
-7, 4, 1009
-4, -1, 1005
-10, -1, 988
1, 5, 1010
-21, 6, 1001
-7, 5, 1008
-10, 5, 1008
-14, 3, 1020
-18, -1, 1017
2, -2, 998
-14, 1, 1012
-14, 3, 1028
-17, 4, 1024
-12, -3, 1020
-19, 2, 1019
-10, 2, 1009
-10, 3, 1015
-14, 2, 1010
-18, 5, 1020
-9, -2, 1026
-6, 1, 1008
-4, 1, 1018
-9, 4, 1016
-12, 3, 994
-19, -2, 1007
-13, -3, 1030
-6, 0, 1015
-14, 3, 1011
-3, 5, 1005
-15, 1, 1014
-11, 1, 1015
-10, 2, 1016
-16, -1, 1010
-17, 5, 1012
-6, -4, 1024
-12, 4, 1005
-3, -4, 1023
-4, 0, 998
-8, 10, 1019
-25, 4, 1004
-14, 6, 1019
-3, 3, 1009
-14, 4, 1005
-23, 4, 1031
-17, -3, 1013
-24, 1, 1021
-13, 6, 1008
-15, 1, 1008
-12, 4, 1009
-5, 3, 1001
-14, 5, 1011
-9, -3, 981
-1, 2, 1016
-9, 4, 1013
-12, 5, 1007
-17, 13, 994
-19, 7, 1015
-15, 2, 995
-4, 4, 997
-12, 6, 1007
-20, -5, 1011
-6, -3, 1034
-21, 0, 1024
-2, 1, 995
-6, -2, 1022
-14, -2, 1027
-18, -2, 1007
-13, -1, 1007
-10, 0, 1007
-13, -1, 1008
-26, 2, 1003
-8, -1, 991
-15, 5, 1007
-13, 4, 991
-16, 8, 1019
-18, -1, 1021
-19, -7, 1022
-9, -7, 1013
2, -5, 1021
-14, 0, 1011
-20, -6, 1030
-17, -3, 1031
-25, 1, 1005
-29, -3, 1014
-11, 1, 1013
-12, 0, 1013
-24, 0, 988
-18, 2, 1003
-21, -2, 1025
-19, -2, 1020
-8, 1, 1016
-7, 4, 993
-19, 0, 1003
-9, -3, 996
-18, 7, 1008
-9, 0, 1003
-8, -4, 1007
-8, 3, 1022
-20, 5, 993
2, 2, 1004
-2, 2, 1022
-15, -2, 1010
-8, -8, 996
-5, 0, 995
-19, -2, 1012
-10, -1, 1018
-17, 3, 994
-23, 3, 1000
-23, 2, 1022
0, 2, 1003
-1, 0, 1027
-16, 1, 1015
-27, 2, 1004
-23, 1, 1023
-4, -1, 1029
-18, 4, 1002
-19, -1, 1009
-5, 2, 1008
-1, 0, 1005
-15, -3, 1010
-16, 3, 1011
-16, 5, 1008
-16, 0, 1004
-13, -1, 1010
-11, -1, 1017
-2, 2, 1008
-17, 1, 1013
-2, -2, 994
-5, 6, 1007
-16, 4, 1020
-14, 2, 1000
-7, -1, 1006
-14, 6, 1026
-9, -4, 996
-12, 4, 1000
-23, 4, 1032
-13, -6, 1023
-9, -1, 1018
-2, -3, 999
0, 2, 1020
-9, 3, 1012
-10, 0, 1011
-16, -1, 1009
-27, 1, 1005
-7, 1, 1012
-3, 2, 999
-9, -4, 1014
-13, -3, 999
-19, 2, 1026
-10, 2, 1009
-19, 1, 989
-8, 3, 1007
-19, 3, 1016
2, 1, 1005
-7, 2, 1015
-14, -1, 1002
-4, 5, 1000
-16, 4, 1019
-14, 1, 1011
-5, -2, 1007
-4, 0, 994
-9, -4, 1001
-10, -1, 1006
6, 1, 1006
-2, 0, 1016
-6, 2, 1003
-15, -2, 1007
-4, -1, 1025
-10, 0, 1024
-11, -5, 1029
-15, 0, 1012
-8, -3, 998
-21, 4, 1015
-12, -5, 1008
-6, 0, 1016
-22, 2, 1007
-13, 0, 996
-14, 5, 1009
-19, 2, 1025
-20, -2, 1009
-19, -2, 1008
-4, -3, 1015
-9, 2, 1015
-13, -2, 1015
-11, 1, 1010
-10, -2, 1010
4, -3, 1008
-26, 4, 1025
-7, 0, 1020
-12, 1, 1018
-24, -5, 1015
-15, 2, 1007
-15, 6, 985
-23, 0, 1028
2, 0, 1006
-15, -1, 1009
-8, 3, 1017
-11, 2, 1000
-9, -2, 999
-11, 4, 1015
-2, -1, 1025
-6, -1, 998
-8, 1, 1019
-14, 5, 1001
-5, 5, 1001
-14, 1, 1026
-23, 3, 998
-8, 6, 1013
-18, 5, 1014
-3, -4, 1000
-3, 2, 1000
-17, 5, 1012
-17, -1, 1009
-4, 4, 1002
-17, -2, 983
-19, -8, 1006
-21, -1, 991
-7, 0, 990
-1, 3, 982
-3, 1, 1013
-10, 0, 1037
-17, 3, 1005
-20, 5, 1010
-6, 0, 1014
-18, -4, 1019
-12, 3, 1008
-7, 2, 1002
-20, 5, 1016
-19, -9, 1003
-3, -4, 997
-7, -3, 998
-6, 7, 1013
-10, 4, 1002
-9, -2, 1004
-17, 0, 1031
-20, 3, 999
-34, 4, 1012
-14, -3, 1001
-10, 8, 1007
-12, 10, 1008
-21, 2, 993
-18, 3, 1020
-12, 3, 1005
-26, 5, 1011
-15, 7, 1003
-15, 5, 997
-9, 5, 995
-13, 1, 1019
-2, 3, 1018
0, 3, 1013
-13, 5, 998
-14, -2, 996
-19, 11, 1001
-20, 4, 1013
-20, 1, 1018
5, -1, 1032
-30, 5, 999
-11, 2, 1016
-22, 2, 1034
4, -5, 1008
0, 0, 997
-10, 8, 998
0, 4, 994
-14, 3, 1018
-15, -2, 1015
3, 0, 1000
-17, 0, 1023
-17, -4, 1013
-13, 4, 989
-18, 7, 1008
-14, 0, 1019
-11, -4, 1011
-20, -5, 1009
-10, 1, 1005
-11, -3, 1011
-16, 6, 1001
-22, 5, 1027
-26, -6, 1023
-22, 5, 1022
-23, -6, 1018
-8, -2, 1004
-12, -8, 1019
-6, 2, 1005
-23, -4, 1014
-15, -3, 1014
-22, -2, 1020
-14, 3, 1013
-16, 9, 1009
-4, 0, 1026
-11, 2, 1020
-12, 5, 1025
-4, -1, 1021
-6, -3, 999
-11, 1, 1004
1, -4, 1006
-7, 2, 996
-20, -1, 1018
-9, 10, 1016
-4, 1, 1014
-1, 1, 1002
-13, 5, 1012
-25, 1, 1004
-9, 4, 1021
-25, 5, 1017
-1, 7, 988
-13, 2, 996
-17, 2, 995
-16, 3, 997
-1, -5, 989
-12, 1, 1011
-7, 7, 1001
-10, 5, 993
-7, 2, 1003
-3, 1, 993
-16, 7, 1013
-5, 0, 993
-10, 6, 992
-15, 1, 995
-22, 5, 1003
-10, 4, 1019
-24, 7, 1021
-22, 0, 1010
-20, -6, 1012
2, -2, 1026
-20, 0, 1016
-17, 3, 1019
-29, 2, 1021
-5, 1, 1024
-10, 1, 1011
3, 2, 1001
-10, 6, 989
-13, 13, 1032
-2, 2, 1030
-6, 1, 1005
-14, 2, 1001
-21, 6, 998
-19, -2, 1019
-14, 4, 1021
-16, 2, 1004
0, -1, 1003
-12, 4, 975
1, -2, 988
-28, 1, 995
-31, 6, 1015
-22, -3, 1000
-8, -3, 1001
-1, 0, 989
-10, -2, 1008
-7, 0, 1016
-11, 6, 1000
-19, 6, 1028
-22, 1, 1021
-2, 6, 1001
-22, 3, 1018
-7, 4, 1002
-14, 2, 1002
-3, 4, 1015
-3, 6, 1019
-22, -1, 1017
-6, 5, 1001
-5, 0, 1012
-16, -1, 1012
-5, -2, 1017
-10, 9, 1028
-13, 6, 1006
-14, 0, 1018
-8, 3, 1005
-11, 3, 1008
0, 3, 995
-9, 10, 1014
-25, 9, 1005
-17, 6, 1004
-17, 0, 1019
-23, -2, 1010
-12, 4, 1007
-12, 3, 989
-24, 0, 1024
0, -4, 1022
-3, 5, 1032
0, 0, 1005
-14, -1, 1025
-22, 3, 1011
-22, 5, 1020
-18, 3, 1017
-7, -2, 1022
-22, -1, 1003
-31, 2, 993
-12, 1, 1015
-16, 0, 1035
-13, -4, 1019
3, -4, 995
-14, 1, 1009
-12, 4, 1013
-11, -4, 1018
-1, 3, 983
-6, -3, 1020
-13, -4, 1003
-5, -3, 997
-8, -4, 1008
-11, -3, 1000
-21, 4, 1007
-10, 1, 1000
-21, 2, 1020
-13, 3, 1009
-7, -3, 1015
-13, 3, 1016
-5, 2, 1017
-24, 3, 1011
-13, 5, 1010
-15, -3, 1012
-13, 2, 1022
-10, 2, 1010
-20, -6, 1001
-12, 1, 1012
-11, 3, 1001
-6, 4, 991
-22, 3, 1027
-22, 0, 1024
-7, -4, 1033
-20, 2, 1035
-8, 0, 1007
-3, 1, 991
-1, 1, 1001
2, 4, 1015
-9, -5, 1007
-18, -4, 1025
-19, 3, 1040
-20, -2, 1025
-15, -2, 1026
-10, 0, 1011
-7, 6, 1002
-1, 3, 996
-18, -1, 989
-26, 3, 986
-25, -3, 994
-26, 0, 992
-15, 1, 1028
-20, -4, 1016
-10, -5, 1005
-15, 1, 1024
-13, 9, 1012
-5, 1, 1010
-15, 1, 991
-16, 1, 1008
-20, 4, 1008
-13, 1, 1006
-17, -1, 1019
-17, 2, 997
-7, 1, 999
-21, 2, 1007
-20, -2, 1027
-8, -2, 1020
-16, -8, 1015
-5, 1, 1014
-9, 2, 1020
-15, -3, 1006
-7, 0, 1005
-2, 5, 1029
-8, -1, 1004
-12, 5, 1023
-16, 8, 1029
-23, 1, 1011
-20, 1, 1023
-10, -3, 1016
-5, 4, 1013
-10, -2, 1011
-16, 2, 1010
-14, 1, 1010
-8, 0, 1008
-13, 5, 1027
-19, -2, 1025
-14, -4, 1023
-16, 7, 1022
-18, -3, 1023
-6, -1, 1013
-7, -5, 1006
-9, -5, 983
-9, -3, 1008
-9, 5, 994
1, 1, 1009
0, -2, 1003
-15, 0, 1043
-26, 6, 1002
-20, 3, 1009
-17, -1, 996
-21, -1, 1017
-16, 5, 1007
-16, 0, 1015
-24, 4, 1009
-20, 2, 1001
-5, 1, 1000
-12, 2, 1008
-14, 2, 1012
-14, 3, 1010
-21, -6, 1012
-15, 6, 1018
-12, 2, 1016
-16, 2, 998
-7, 6, 1007
-7, 2, 1036
-8, 5, 996
-18, 6, 1011
-11, -2, 1013
-19, 3, 1009
-12, -5, 1006
-9, -1, 1020
-14, -6, 1030
-20, 4, 1022
-24, 1, 1022
-24, 2, 995
-1, 3, 999
-19, 6, 987
-5, 0, 1003
-3, 7, 1009
-19, 1, 999
-10, -1, 989
-24, 7, 990
-25, 1, 1007
-13, 3, 1015
-11, 3, 1009
-29, 2, 1010
-23, -8, 1014
-17, 1, 1020
-21, 0, 1014
-6, 2, 1001
-8, 4, 1017
-16, 3, 1018
-5, 3, 999
-19, 1, 987
-15, 2, 1014
-24, 3, 1004
-17, 2, 1029
-2, -1, 1014
-7, -2, 1002
0, 4, 993
-13, 7, 1015
-17, 1, 1021
-2, 1, 1025
-11, 0, 1007
2, -6, 1008
-16, -4, 991
-9, -7, 1005
1, 1, 994
-3, 0, 993
-8, 4, 1023
-13, 1, 1014
-10, 2, 998
-16, 1, 1003
-17, 0, 1028
-13, 5, 997
-12, 3, 995
-24, 3, 993
-20, -2, 1019
-7, -3, 995
-10, 2, 1002
-12, 6, 1007
-16, -1, 1012
-9, 3, 1026
-9, 10, 1009
-10, -3, 1005
-15, -3, 1013
-19, 0, 997
-14, 1, 994
-9, 0, 982
-19, 1, 1012
-16, 6, 1008
-11, 3, 1016
-6, 12, 1016
-28, 4, 1024
-21, -1, 1007
-8, -2, 994
-3, 3, 980
-16, 3, 1011
-13, 5, 1010
-16, 5, 1008
-22, -1, 1021
-15, -2, 1029
-18, 2, 1016
-19, -4, 1024
-16, 0, 1018
-14, 4, 1010
-11, -1, 999
-8, 7, 1004
-19, 2, 1004
-18, 1, 1005
-10, 1, 1007
-2, 6, 1007
-22, -5, 1025
-4, 0, 1012
-15, -2, 1010
-15, -6, 1022
-21, -2, 1026
-21, 5, 1023
-7, 5, 1022
-8, -1, 1008
-12, 3, 993
-6, 3, 978
-5, -1, 985
-9, 0, 999
-22, -3, 994
-8, -2, 987
-20, 1, 1014
-1, 0, 1004
-10, 2, 1024
-6, -2, 1001
-12, -1, 1000
-4, -2, 1011
0, -3, 999
-7, 0, 1012
-3, 3, 1006
-22, 1, 1021
-1, 1, 1033
-12, 4, 1012
-15, 4, 1021
-14, -2, 1007
-5, 3, 1009
-8, -4, 1007
-3, 1, 1007
-12, -1, 997
-7, 3, 1007
-21, 4, 1014
-7, 4, 1014
-12, 4, 983
-10, -6, 1005
-1, -6, 1002
0, -4, 1020
-15, 0, 1019
-4, -1, 1018
-20, -5, 1004
-4, 5, 1004
-17, 6, 1020
-7, 2, 1009
-10, -1, 1016
-21, 1, 1026
-28, -1, 1023
0, 3, 1017
-15, -2, 1020
-11, 0, 1015
-14, 1, 1020
-15, 3, 1026
-7, -6, 1003
-4, -2, 997
-14, 0, 1004
-16, 8, 996
-7, 4, 1009
0, 3, 1012
-12, 2, 1030
-13, 2, 1016
-16, 6, 992
-15, 7, 1012
-23, 1, 1010
-6, 1, 1022
-17, -2, 1011
-10, 1, 1012
-5, 0, 1008
-4, 1, 1023
-16, -2, 1000
-9, -5, 1030
-10, 4, 1001
-21, 9, 998
-20, -1, 1017
-15, 8, 1020
-14, 6, 1005
-3, -5, 995
-8, 8, 1000
-10, 4, 1007
-5, 6, 995
-14, 1, 1003
-10, -1, 1019
-16, 0, 1011
-1, 1, 1027
-16, 4, 1010
-6, -3, 1020
-4, -1, 1008
1, 2, 1024
-6, 0, 1016
-17, 5, 1002
-14, -1, 1011
-9, 0, 995
-5, 0, 1002
-11, 2, 996
-12, 3, 986
-20, 6, 1014
-1, 1, 1031
-4, 3, 1016
-17, 2, 991
-24, 0, 1019
-26, -5, 1032
-27, 0, 1010
-11, 2, 1005
-5, 5, 1026
-9, 6, 1026
-25, -1, 1002
-10, 0, 1020
-2, -3, 1012
-13, 4, 1007
-16, 4, 1012
-12, -1, 1009
1, 0, 995
3, -2, 1005
-8, -3, 1016
-14, -2, 1020
-1, 2, 1029
-19, 2, 1011
-30, -1, 1001
-15, 2, 1022
-18, 6, 1018
-12, 0, 1008
2, 1, 998
-3, 1, 989
-6, -1, 1010
-16, 2, 992
-11, -1, 1012
-18, -1, 990
-17, 3, 1008
-13, 5, 1002
-15, -3, 996
-5, -2, 1029
-22, -3, 1011
-2, 0, 1004
-10, 1, 1014
-9, 1, 1029
-15, 2, 1004
-6, 9, 999
-14, 4, 1011
-16, 3, 1007
-14, 5, 1004
-23, 3, 1009
-20, 3, 1033
-15, 3, 1005
-15, 9, 1002
-22, 8, 1005
-11, 5, 1033
-16, 1, 1016
-13, -2, 1008
-12, 2, 1021
-17, 1, 1029
-25, 1, 1012
-11, 3, 1016
-4, -2, 1014
-7, 5, 1002
-16, 4, 1009
-2, 6, 991
-21, -1, 1011
-13, 2, 1013
4, -1, 1005
-6, 2, 1004
3, 2, 1018
-20, 6, 1014
-12, -1, 1008
-8, -1, 1017
-8, 4, 1004
-14, -1, 1008
-13, 5, 1012
-1, 2, 1006
-15, 1, 1013
-11, 0, 1013
-8, 2, 991
-4, -3, 1014
-10, 4, 984
-5, 0, 985
0, 0, 995
-10, 5, 1013
-7, 0, 1020
-15, -2, 1014
-15, 3, 1012
-10, -2, 1020
-16, -6, 994
-15, 1, 998
-14, 3, 1020
-8, 2, 1023
-23, 3, 1002
-24, 0, 1030
-19, -6, 1026
-19, 3, 1027
-16, 7, 1015
-17, -1, 986
-7, 0, 1002
-14, 6, 1009
-24, 1, 1008
-10, 0, 985
-19, -4, 1005
-18, -2, 1024
-14, 0, 1029
-18, -1, 1012
-13, 6, 1012
1, -1, 1016
-17, 3, 1023
-10, 0, 1020
-9, 4, 1001
-15, -3, 1022
-12, 6, 1001
-17, 9, 1001
-20, 4, 1033
-27, 0, 1035
-5, 1, 1014
-7, -3, 1020
-17, 1, 1014
-21, 0, 1011
-8, 2, 998
-13, 4, 990
-6, 4, 1003
-17, 5, 1015
-9, 2, 1006
-12, 3, 999
-4, 1, 1008
-16, 0, 977
-9, 0, 1015
-15, 1, 1012
-11, 0, 1001
-15, 1, 1006
-11, 1, 990
-4, 2, 1016
-9, 3, 1014
-11, 3, 1015
-6, -2, 1023
-6, -1, 1000
-23, 2, 1024
-22, -6, 1022
-15, 3, 1014
-9, 4, 1017
-12, 1, 1012
-4, 4, 1006
-22, 6, 1004
-18, 3, 1009
-6, 9, 1012
-16, -2, 1021
-5, 0, 1013
-15, 0, 1010
-5, 0, 1011
-12, 2, 988
-10, 5, 1004
-12, 2, 1036
-16, -1, 1016
-14, -1, 1015
-5, -3, 1009
-9, 2, 997
-21, -2, 1010
0, -3, 1007
6, 0, 994
-6, 1, 1020
-9, -2, 996
-22, 0, 992
-7, 4, 1012
-6, 5, 1006
-8, 4, 1013
-24, 5, 1002
-1, -2, 1007
-9, 8, 1012
-20, 1, 1007
1, 5, 1000
-14, 0, 1013
-11, -2, 1017
